Analysis & Synthesis report for de10_standard
Thu Aug 27 19:56:37 2026
Quartus Prime Version 25.1std.0 Build 1129 10/21/2025 SC Lite Edition


---------------------
; Table of Contents ;
---------------------
  1. Legal Notice
  2. Analysis & Synthesis Summary
  3. Analysis & Synthesis Settings
  4. Parallel Compilation
  5. Analysis & Synthesis Source Files Read
  6. Analysis & Synthesis Resource Usage Summary
  7. Analysis & Synthesis Resource Utilization by Entity
  8. State Machine - |de10_standard|soc:u_soc|axi_slave_top:crypto_accelerator|axi_slave_core:u_core|aes:u_aes|phase
  9. State Machine - |de10_standard|soc:u_soc|axi_slave_top:crypto_accelerator|axi_slave_core:u_core|ro_puf_core:u_puf|current_state
 10. State Machine - |de10_standard|soc:u_soc|axi_slave_top:crypto_accelerator|axi_slave_core:u_core|ro_puf_core:u_puf|measurement_engine:u_measurement_engine|measurement_controller:u_controller|current_state
 11. State Machine - |de10_standard|soc:u_soc|axi_slave_top:crypto_accelerator|control_fsm:u_fsm|current_state
 12. State Machine - |de10_standard|soc:u_soc|rv32_axi_master:axi_master_inst|state
 13. State Machine - |de10_standard|soc:u_soc|axi_slave_top:crypto_accelerator|axi_reg_bank:u_reg_bank|axi_bresp
 14. State Machine - |de10_standard|soc:u_soc|axi_slave_top:crypto_accelerator|axi_slave_core:u_core|sha256_top:u_sha256|sha256:sha256_core|state_reg
 15. Logic Cells Representing Combinational Loops
 16. Registers Removed During Synthesis
 17. Removed Registers Triggering Further Register Optimizations
 18. General Register Statistics
 19. Inverted Register Statistics
 20. Multiplexer Restructuring Statistics (Restructuring Performed)
 21. Parameter Settings for User Entity Instance: soc:u_soc
 22. Parameter Settings for User Entity Instance: soc:u_soc|axi_slave_top:crypto_accelerator|axi_slave_core:u_core|ro_puf_core:u_puf
 23. Parameter Settings for User Entity Instance: soc:u_soc|axi_slave_top:crypto_accelerator|axi_slave_core:u_core|ro_puf_core:u_puf|ro_bank:u_ro_bank
 24. Parameter Settings for User Entity Instance: soc:u_soc|axi_slave_top:crypto_accelerator|axi_slave_core:u_core|ro_puf_core:u_puf|ro_bank:u_ro_bank|ro_cell:RO_ARRAY[0].u_ro
 25. Parameter Settings for User Entity Instance: soc:u_soc|axi_slave_top:crypto_accelerator|axi_slave_core:u_core|ro_puf_core:u_puf|ro_bank:u_ro_bank|ro_cell:RO_ARRAY[1].u_ro
 26. Parameter Settings for User Entity Instance: soc:u_soc|axi_slave_top:crypto_accelerator|axi_slave_core:u_core|ro_puf_core:u_puf|ro_bank:u_ro_bank|ro_cell:RO_ARRAY[2].u_ro
 27. Parameter Settings for User Entity Instance: soc:u_soc|axi_slave_top:crypto_accelerator|axi_slave_core:u_core|ro_puf_core:u_puf|ro_bank:u_ro_bank|ro_cell:RO_ARRAY[3].u_ro
 28. Parameter Settings for User Entity Instance: soc:u_soc|axi_slave_top:crypto_accelerator|axi_slave_core:u_core|ro_puf_core:u_puf|ro_bank:u_ro_bank|ro_cell:RO_ARRAY[4].u_ro
 29. Parameter Settings for User Entity Instance: soc:u_soc|axi_slave_top:crypto_accelerator|axi_slave_core:u_core|ro_puf_core:u_puf|ro_bank:u_ro_bank|ro_cell:RO_ARRAY[5].u_ro
 30. Parameter Settings for User Entity Instance: soc:u_soc|axi_slave_top:crypto_accelerator|axi_slave_core:u_core|ro_puf_core:u_puf|ro_bank:u_ro_bank|ro_cell:RO_ARRAY[6].u_ro
 31. Parameter Settings for User Entity Instance: soc:u_soc|axi_slave_top:crypto_accelerator|axi_slave_core:u_core|ro_puf_core:u_puf|ro_bank:u_ro_bank|ro_cell:RO_ARRAY[7].u_ro
 32. Parameter Settings for User Entity Instance: soc:u_soc|axi_slave_top:crypto_accelerator|axi_slave_core:u_core|ro_puf_core:u_puf|ro_bank:u_ro_bank|ro_cell:RO_ARRAY[8].u_ro
 33. Parameter Settings for User Entity Instance: soc:u_soc|axi_slave_top:crypto_accelerator|axi_slave_core:u_core|ro_puf_core:u_puf|ro_bank:u_ro_bank|ro_cell:RO_ARRAY[9].u_ro
 34. Parameter Settings for User Entity Instance: soc:u_soc|axi_slave_top:crypto_accelerator|axi_slave_core:u_core|ro_puf_core:u_puf|ro_bank:u_ro_bank|ro_cell:RO_ARRAY[10].u_ro
 35. Parameter Settings for User Entity Instance: soc:u_soc|axi_slave_top:crypto_accelerator|axi_slave_core:u_core|ro_puf_core:u_puf|ro_bank:u_ro_bank|ro_cell:RO_ARRAY[11].u_ro
 36. Parameter Settings for User Entity Instance: soc:u_soc|axi_slave_top:crypto_accelerator|axi_slave_core:u_core|ro_puf_core:u_puf|ro_bank:u_ro_bank|ro_cell:RO_ARRAY[12].u_ro
 37. Parameter Settings for User Entity Instance: soc:u_soc|axi_slave_top:crypto_accelerator|axi_slave_core:u_core|ro_puf_core:u_puf|ro_bank:u_ro_bank|ro_cell:RO_ARRAY[13].u_ro
 38. Parameter Settings for User Entity Instance: soc:u_soc|axi_slave_top:crypto_accelerator|axi_slave_core:u_core|ro_puf_core:u_puf|ro_bank:u_ro_bank|ro_cell:RO_ARRAY[14].u_ro
 39. Parameter Settings for User Entity Instance: soc:u_soc|axi_slave_top:crypto_accelerator|axi_slave_core:u_core|ro_puf_core:u_puf|ro_bank:u_ro_bank|ro_cell:RO_ARRAY[15].u_ro
 40. Parameter Settings for User Entity Instance: soc:u_soc|axi_slave_top:crypto_accelerator|axi_slave_core:u_core|ro_puf_core:u_puf|ro_bank:u_ro_bank|ro_cell:RO_ARRAY[16].u_ro
 41. Parameter Settings for User Entity Instance: soc:u_soc|axi_slave_top:crypto_accelerator|axi_slave_core:u_core|ro_puf_core:u_puf|ro_bank:u_ro_bank|ro_cell:RO_ARRAY[17].u_ro
 42. Parameter Settings for User Entity Instance: soc:u_soc|axi_slave_top:crypto_accelerator|axi_slave_core:u_core|ro_puf_core:u_puf|ro_bank:u_ro_bank|ro_cell:RO_ARRAY[18].u_ro
 43. Parameter Settings for User Entity Instance: soc:u_soc|axi_slave_top:crypto_accelerator|axi_slave_core:u_core|ro_puf_core:u_puf|ro_bank:u_ro_bank|ro_cell:RO_ARRAY[19].u_ro
 44. Parameter Settings for User Entity Instance: soc:u_soc|axi_slave_top:crypto_accelerator|axi_slave_core:u_core|ro_puf_core:u_puf|ro_bank:u_ro_bank|ro_cell:RO_ARRAY[20].u_ro
 45. Parameter Settings for User Entity Instance: soc:u_soc|axi_slave_top:crypto_accelerator|axi_slave_core:u_core|ro_puf_core:u_puf|ro_bank:u_ro_bank|ro_cell:RO_ARRAY[21].u_ro
 46. Parameter Settings for User Entity Instance: soc:u_soc|axi_slave_top:crypto_accelerator|axi_slave_core:u_core|ro_puf_core:u_puf|ro_bank:u_ro_bank|ro_cell:RO_ARRAY[22].u_ro
 47. Parameter Settings for User Entity Instance: soc:u_soc|axi_slave_top:crypto_accelerator|axi_slave_core:u_core|ro_puf_core:u_puf|ro_bank:u_ro_bank|ro_cell:RO_ARRAY[23].u_ro
 48. Parameter Settings for User Entity Instance: soc:u_soc|axi_slave_top:crypto_accelerator|axi_slave_core:u_core|ro_puf_core:u_puf|ro_bank:u_ro_bank|ro_cell:RO_ARRAY[24].u_ro
 49. Parameter Settings for User Entity Instance: soc:u_soc|axi_slave_top:crypto_accelerator|axi_slave_core:u_core|ro_puf_core:u_puf|ro_bank:u_ro_bank|ro_cell:RO_ARRAY[25].u_ro
 50. Parameter Settings for User Entity Instance: soc:u_soc|axi_slave_top:crypto_accelerator|axi_slave_core:u_core|ro_puf_core:u_puf|ro_bank:u_ro_bank|ro_cell:RO_ARRAY[26].u_ro
 51. Parameter Settings for User Entity Instance: soc:u_soc|axi_slave_top:crypto_accelerator|axi_slave_core:u_core|ro_puf_core:u_puf|ro_bank:u_ro_bank|ro_cell:RO_ARRAY[27].u_ro
 52. Parameter Settings for User Entity Instance: soc:u_soc|axi_slave_top:crypto_accelerator|axi_slave_core:u_core|ro_puf_core:u_puf|ro_bank:u_ro_bank|ro_cell:RO_ARRAY[28].u_ro
 53. Parameter Settings for User Entity Instance: soc:u_soc|axi_slave_top:crypto_accelerator|axi_slave_core:u_core|ro_puf_core:u_puf|ro_bank:u_ro_bank|ro_cell:RO_ARRAY[29].u_ro
 54. Parameter Settings for User Entity Instance: soc:u_soc|axi_slave_top:crypto_accelerator|axi_slave_core:u_core|ro_puf_core:u_puf|ro_bank:u_ro_bank|ro_cell:RO_ARRAY[30].u_ro
 55. Parameter Settings for User Entity Instance: soc:u_soc|axi_slave_top:crypto_accelerator|axi_slave_core:u_core|ro_puf_core:u_puf|ro_bank:u_ro_bank|ro_cell:RO_ARRAY[31].u_ro
 56. Parameter Settings for User Entity Instance: soc:u_soc|axi_slave_top:crypto_accelerator|axi_slave_core:u_core|ro_puf_core:u_puf|ro_bank:u_ro_bank|ro_cell:RO_ARRAY[32].u_ro
 57. Parameter Settings for User Entity Instance: soc:u_soc|axi_slave_top:crypto_accelerator|axi_slave_core:u_core|ro_puf_core:u_puf|ro_bank:u_ro_bank|ro_cell:RO_ARRAY[33].u_ro
 58. Parameter Settings for User Entity Instance: soc:u_soc|axi_slave_top:crypto_accelerator|axi_slave_core:u_core|ro_puf_core:u_puf|ro_bank:u_ro_bank|ro_cell:RO_ARRAY[34].u_ro
 59. Parameter Settings for User Entity Instance: soc:u_soc|axi_slave_top:crypto_accelerator|axi_slave_core:u_core|ro_puf_core:u_puf|ro_bank:u_ro_bank|ro_cell:RO_ARRAY[35].u_ro
 60. Parameter Settings for User Entity Instance: soc:u_soc|axi_slave_top:crypto_accelerator|axi_slave_core:u_core|ro_puf_core:u_puf|ro_bank:u_ro_bank|ro_cell:RO_ARRAY[36].u_ro
 61. Parameter Settings for User Entity Instance: soc:u_soc|axi_slave_top:crypto_accelerator|axi_slave_core:u_core|ro_puf_core:u_puf|ro_bank:u_ro_bank|ro_cell:RO_ARRAY[37].u_ro
 62. Parameter Settings for User Entity Instance: soc:u_soc|axi_slave_top:crypto_accelerator|axi_slave_core:u_core|ro_puf_core:u_puf|ro_bank:u_ro_bank|ro_cell:RO_ARRAY[38].u_ro
 63. Parameter Settings for User Entity Instance: soc:u_soc|axi_slave_top:crypto_accelerator|axi_slave_core:u_core|ro_puf_core:u_puf|ro_bank:u_ro_bank|ro_cell:RO_ARRAY[39].u_ro
 64. Parameter Settings for User Entity Instance: soc:u_soc|axi_slave_top:crypto_accelerator|axi_slave_core:u_core|ro_puf_core:u_puf|ro_bank:u_ro_bank|ro_cell:RO_ARRAY[40].u_ro
 65. Parameter Settings for User Entity Instance: soc:u_soc|axi_slave_top:crypto_accelerator|axi_slave_core:u_core|ro_puf_core:u_puf|ro_bank:u_ro_bank|ro_cell:RO_ARRAY[41].u_ro
 66. Parameter Settings for User Entity Instance: soc:u_soc|axi_slave_top:crypto_accelerator|axi_slave_core:u_core|ro_puf_core:u_puf|ro_bank:u_ro_bank|ro_cell:RO_ARRAY[42].u_ro
 67. Parameter Settings for User Entity Instance: soc:u_soc|axi_slave_top:crypto_accelerator|axi_slave_core:u_core|ro_puf_core:u_puf|ro_bank:u_ro_bank|ro_cell:RO_ARRAY[43].u_ro
 68. Parameter Settings for User Entity Instance: soc:u_soc|axi_slave_top:crypto_accelerator|axi_slave_core:u_core|ro_puf_core:u_puf|ro_bank:u_ro_bank|ro_cell:RO_ARRAY[44].u_ro
 69. Parameter Settings for User Entity Instance: soc:u_soc|axi_slave_top:crypto_accelerator|axi_slave_core:u_core|ro_puf_core:u_puf|ro_bank:u_ro_bank|ro_cell:RO_ARRAY[45].u_ro
 70. Parameter Settings for User Entity Instance: soc:u_soc|axi_slave_top:crypto_accelerator|axi_slave_core:u_core|ro_puf_core:u_puf|ro_bank:u_ro_bank|ro_cell:RO_ARRAY[46].u_ro
 71. Parameter Settings for User Entity Instance: soc:u_soc|axi_slave_top:crypto_accelerator|axi_slave_core:u_core|ro_puf_core:u_puf|ro_bank:u_ro_bank|ro_cell:RO_ARRAY[47].u_ro
 72. Parameter Settings for User Entity Instance: soc:u_soc|axi_slave_top:crypto_accelerator|axi_slave_core:u_core|ro_puf_core:u_puf|ro_bank:u_ro_bank|ro_cell:RO_ARRAY[48].u_ro
 73. Parameter Settings for User Entity Instance: soc:u_soc|axi_slave_top:crypto_accelerator|axi_slave_core:u_core|ro_puf_core:u_puf|ro_bank:u_ro_bank|ro_cell:RO_ARRAY[49].u_ro
 74. Parameter Settings for User Entity Instance: soc:u_soc|axi_slave_top:crypto_accelerator|axi_slave_core:u_core|ro_puf_core:u_puf|ro_bank:u_ro_bank|ro_cell:RO_ARRAY[50].u_ro
 75. Parameter Settings for User Entity Instance: soc:u_soc|axi_slave_top:crypto_accelerator|axi_slave_core:u_core|ro_puf_core:u_puf|ro_bank:u_ro_bank|ro_cell:RO_ARRAY[51].u_ro
 76. Parameter Settings for User Entity Instance: soc:u_soc|axi_slave_top:crypto_accelerator|axi_slave_core:u_core|ro_puf_core:u_puf|ro_bank:u_ro_bank|ro_cell:RO_ARRAY[52].u_ro
 77. Parameter Settings for User Entity Instance: soc:u_soc|axi_slave_top:crypto_accelerator|axi_slave_core:u_core|ro_puf_core:u_puf|ro_bank:u_ro_bank|ro_cell:RO_ARRAY[53].u_ro
 78. Parameter Settings for User Entity Instance: soc:u_soc|axi_slave_top:crypto_accelerator|axi_slave_core:u_core|ro_puf_core:u_puf|ro_bank:u_ro_bank|ro_cell:RO_ARRAY[54].u_ro
 79. Parameter Settings for User Entity Instance: soc:u_soc|axi_slave_top:crypto_accelerator|axi_slave_core:u_core|ro_puf_core:u_puf|ro_bank:u_ro_bank|ro_cell:RO_ARRAY[55].u_ro
 80. Parameter Settings for User Entity Instance: soc:u_soc|axi_slave_top:crypto_accelerator|axi_slave_core:u_core|ro_puf_core:u_puf|ro_bank:u_ro_bank|ro_cell:RO_ARRAY[56].u_ro
 81. Parameter Settings for User Entity Instance: soc:u_soc|axi_slave_top:crypto_accelerator|axi_slave_core:u_core|ro_puf_core:u_puf|ro_bank:u_ro_bank|ro_cell:RO_ARRAY[57].u_ro
 82. Parameter Settings for User Entity Instance: soc:u_soc|axi_slave_top:crypto_accelerator|axi_slave_core:u_core|ro_puf_core:u_puf|ro_bank:u_ro_bank|ro_cell:RO_ARRAY[58].u_ro
 83. Parameter Settings for User Entity Instance: soc:u_soc|axi_slave_top:crypto_accelerator|axi_slave_core:u_core|ro_puf_core:u_puf|ro_bank:u_ro_bank|ro_cell:RO_ARRAY[59].u_ro
 84. Parameter Settings for User Entity Instance: soc:u_soc|axi_slave_top:crypto_accelerator|axi_slave_core:u_core|ro_puf_core:u_puf|ro_bank:u_ro_bank|ro_cell:RO_ARRAY[60].u_ro
 85. Parameter Settings for User Entity Instance: soc:u_soc|axi_slave_top:crypto_accelerator|axi_slave_core:u_core|ro_puf_core:u_puf|ro_bank:u_ro_bank|ro_cell:RO_ARRAY[61].u_ro
 86. Parameter Settings for User Entity Instance: soc:u_soc|axi_slave_top:crypto_accelerator|axi_slave_core:u_core|ro_puf_core:u_puf|ro_bank:u_ro_bank|ro_cell:RO_ARRAY[62].u_ro
 87. Parameter Settings for User Entity Instance: soc:u_soc|axi_slave_top:crypto_accelerator|axi_slave_core:u_core|ro_puf_core:u_puf|ro_bank:u_ro_bank|ro_cell:RO_ARRAY[63].u_ro
 88. Parameter Settings for User Entity Instance: soc:u_soc|axi_slave_top:crypto_accelerator|axi_slave_core:u_core|ro_puf_core:u_puf|measurement_engine:u_measurement_engine
 89. Parameter Settings for User Entity Instance: soc:u_soc|axi_slave_top:crypto_accelerator|axi_slave_core:u_core|ro_puf_core:u_puf|measurement_engine:u_measurement_engine|measurement_controller:u_controller
 90. Parameter Settings for User Entity Instance: soc:u_soc|axi_slave_top:crypto_accelerator|axi_slave_core:u_core|ro_puf_core:u_puf|measurement_engine:u_measurement_engine|counter_bank:u_counter_bank
 91. Parameter Settings for User Entity Instance: soc:u_soc|axi_slave_top:crypto_accelerator|axi_slave_core:u_core|ro_puf_core:u_puf|measurement_engine:u_measurement_engine|snapshot_register:u_snapshot
 92. Parameter Settings for User Entity Instance: soc:u_soc|axi_slave_top:crypto_accelerator|axi_slave_core:u_core|ro_puf_core:u_puf|response_engine:u_response_engine
 93. Parameter Settings for User Entity Instance: soc:u_soc|axi_slave_top:crypto_accelerator|axi_slave_core:u_core|ro_puf_core:u_puf|response_engine:u_response_engine|pair_scheduler:u_scheduler
 94. Parameter Settings for User Entity Instance: soc:u_soc|axi_slave_top:crypto_accelerator|axi_slave_core:u_core|ro_puf_core:u_puf|response_engine:u_response_engine|pair_scheduler:u_scheduler|challenge_mapper:u_mapper
 95. Parameter Settings for User Entity Instance: soc:u_soc|axi_slave_top:crypto_accelerator|axi_slave_core:u_core|ro_puf_core:u_puf|response_engine:u_response_engine|comparator:u_comparator
 96. Parameter Settings for User Entity Instance: soc:u_soc|axi_slave_top:crypto_accelerator|axi_slave_core:u_core|ro_puf_core:u_puf|response_engine:u_response_engine|response_builder:u_builder
 97. Parameter Settings for User Entity Instance: soc:u_soc|axi_slave_top:crypto_accelerator|axi_slave_core:u_core|sha256_top:u_sha256
 98. Parameter Settings for User Entity Instance: soc:u_soc|axi_slave_top:crypto_accelerator|axi_slave_core:u_core|sha256_top:u_sha256|sha256:sha256_core
 99. Port Connectivity Checks: "soc:u_soc|axi_slave_top:crypto_accelerator|axi_slave_core:u_core|sha256_top:u_sha256"
100. Port Connectivity Checks: "soc:u_soc|axi_slave_top:crypto_accelerator|axi_slave_core:u_core|ecc_top:u_ecc"
101. Port Connectivity Checks: "soc:u_soc|axi_slave_top:crypto_accelerator|axi_slave_core:u_core|ro_puf_core:u_puf|response_engine:u_response_engine"
102. Port Connectivity Checks: "soc:u_soc|axi_slave_top:crypto_accelerator|axi_slave_core:u_core|ro_puf_core:u_puf"
103. Port Connectivity Checks: "soc:u_soc|RV32I:rv32|PC:PC0"
104. Port Connectivity Checks: "soc:u_soc|RV32I:rv32|Control_unit:CU0"
105. Port Connectivity Checks: "soc:u_soc"
106. Post-Synthesis Netlist Statistics for Top Partition
107. Elapsed Time Per Partition
108. Analysis & Synthesis Messages
109. Analysis & Synthesis Suppressed Messages



----------------
; Legal Notice ;
----------------
Copyright (C) 2025  Altera Corporation. All rights reserved.
Your use of Altera Corporation's design tools, logic functions 
and other software and tools, and any partner logic 
functions, and any output files from any of the foregoing 
(including device programming or simulation files), and any 
associated documentation or information are expressly subject 
to the terms and conditions of the Altera Program License 
Subscription Agreement, the Altera Quartus Prime License Agreement,
the Altera IP License Agreement, or other applicable license
agreement, including, without limitation, that your use is for
the sole purpose of programming logic devices manufactured by
Altera and sold by Altera or its authorized distributors.  Please
refer to the Altera Software License Subscription Agreements 
on the Quartus Prime software download page.



+-----------------------------------------------------------------------------------+
; Analysis & Synthesis Summary                                                      ;
+---------------------------------+-------------------------------------------------+
; Analysis & Synthesis Status     ; Successful - Thu Aug 27 19:56:37 2026           ;
; Quartus Prime Version           ; 25.1std.0 Build 1129 10/21/2025 SC Lite Edition ;
; Revision Name                   ; de10_standard                                   ;
; Top-level Entity Name           ; de10_standard                                   ;
; Family                          ; Cyclone V                                       ;
; Logic utilization (in ALMs)     ; N/A                                             ;
; Total registers                 ; 13804                                           ;
; Total pins                      ; 15                                              ;
; Total virtual pins              ; 0                                               ;
; Total block memory bits         ; 0                                               ;
; Total DSP Blocks                ; 0                                               ;
; Total HSSI RX PCSs              ; 0                                               ;
; Total HSSI PMA RX Deserializers ; 0                                               ;
; Total HSSI TX PCSs              ; 0                                               ;
; Total HSSI PMA TX Serializers   ; 0                                               ;
; Total PLLs                      ; 0                                               ;
; Total DLLs                      ; 0                                               ;
+---------------------------------+-------------------------------------------------+


+---------------------------------------------------------------------------------------------------------------------------+
; Analysis & Synthesis Settings                                                                                             ;
+---------------------------------------------------------------------------------+--------------------+--------------------+
; Option                                                                          ; Setting            ; Default Value      ;
+---------------------------------------------------------------------------------+--------------------+--------------------+
; Device                                                                          ; 5CSXFC6D6F31C6     ;                    ;
; Top-level entity name                                                           ; de10_standard      ; de10_standard      ;
; Family name                                                                     ; Cyclone V          ; Cyclone V          ;
; Optimization Technique                                                          ; Area               ; Balanced           ;
; Use smart compilation                                                           ; Off                ; Off                ;
; Enable parallel Assembler and Timing Analyzer during compilation                ; On                 ; On                 ;
; Enable compact report table                                                     ; Off                ; Off                ;
; Restructure Multiplexers                                                        ; Auto               ; Auto               ;
; MLAB Add Timing Constraints For Mixed-Port Feed-Through Mode Setting Don't Care ; Off                ; Off                ;
; Create Debugging Nodes for IP Cores                                             ; Off                ; Off                ;
; Preserve fewer node names                                                       ; On                 ; On                 ;
; Intel FPGA IP Evaluation Mode                                                   ; Enable             ; Enable             ;
; Verilog Version                                                                 ; Verilog_2001       ; Verilog_2001       ;
; VHDL Version                                                                    ; VHDL_1993          ; VHDL_1993          ;
; State Machine Processing                                                        ; Auto               ; Auto               ;
; Safe State Machine                                                              ; Off                ; Off                ;
; Extract Verilog State Machines                                                  ; On                 ; On                 ;
; Extract VHDL State Machines                                                     ; On                 ; On                 ;
; Ignore Verilog initial constructs                                               ; Off                ; Off                ;
; Iteration limit for constant Verilog loops                                      ; 5000               ; 5000               ;
; Iteration limit for non-constant Verilog loops                                  ; 250                ; 250                ;
; Add Pass-Through Logic to Inferred RAMs                                         ; On                 ; On                 ;
; Infer RAMs from Raw Logic                                                       ; On                 ; On                 ;
; Parallel Synthesis                                                              ; On                 ; On                 ;
; DSP Block Balancing                                                             ; Auto               ; Auto               ;
; NOT Gate Push-Back                                                              ; On                 ; On                 ;
; Power-Up Don't Care                                                             ; On                 ; On                 ;
; Remove Redundant Logic Cells                                                    ; Off                ; Off                ;
; Remove Duplicate Registers                                                      ; On                 ; On                 ;
; Ignore CARRY Buffers                                                            ; Off                ; Off                ;
; Ignore CASCADE Buffers                                                          ; Off                ; Off                ;
; Ignore GLOBAL Buffers                                                           ; Off                ; Off                ;
; Ignore ROW GLOBAL Buffers                                                       ; Off                ; Off                ;
; Ignore LCELL Buffers                                                            ; Off                ; Off                ;
; Ignore SOFT Buffers                                                             ; On                 ; On                 ;
; Limit AHDL Integers to 32 Bits                                                  ; Off                ; Off                ;
; Carry Chain Length                                                              ; 70                 ; 70                 ;
; Auto Carry Chains                                                               ; On                 ; On                 ;
; Auto Open-Drain Pins                                                            ; On                 ; On                 ;
; Perform WYSIWYG Primitive Resynthesis                                           ; Off                ; Off                ;
; Auto ROM Replacement                                                            ; On                 ; On                 ;
; Auto RAM Replacement                                                            ; On                 ; On                 ;
; Auto DSP Block Replacement                                                      ; On                 ; On                 ;
; Auto Shift Register Replacement                                                 ; Auto               ; Auto               ;
; Allow Shift Register Merging across Hierarchies                                 ; Auto               ; Auto               ;
; Auto Clock Enable Replacement                                                   ; On                 ; On                 ;
; Strict RAM Replacement                                                          ; Off                ; Off                ;
; Allow Synchronous Control Signals                                               ; On                 ; On                 ;
; Force Use of Synchronous Clear Signals                                          ; Off                ; Off                ;
; Auto Resource Sharing                                                           ; Off                ; Off                ;
; Allow Any RAM Size For Recognition                                              ; Off                ; Off                ;
; Allow Any ROM Size For Recognition                                              ; Off                ; Off                ;
; Allow Any Shift Register Size For Recognition                                   ; Off                ; Off                ;
; Use LogicLock Constraints during Resource Balancing                             ; On                 ; On                 ;
; Ignore translate_off and synthesis_off directives                               ; Off                ; Off                ;
; Timing-Driven Synthesis                                                         ; On                 ; On                 ;
; Report Parameter Settings                                                       ; On                 ; On                 ;
; Report Source Assignments                                                       ; On                 ; On                 ;
; Report Connectivity Checks                                                      ; On                 ; On                 ;
; Ignore Maximum Fan-Out Assignments                                              ; Off                ; Off                ;
; Synchronization Register Chain Length                                           ; 3                  ; 3                  ;
; Power Optimization During Synthesis                                             ; Normal compilation ; Normal compilation ;
; HDL message level                                                               ; Level2             ; Level2             ;
; Suppress Register Optimization Related Messages                                 ; Off                ; Off                ;
; Number of Removed Registers Reported in Synthesis Report                        ; 5000               ; 5000               ;
; Number of Swept Nodes Reported in Synthesis Report                              ; 5000               ; 5000               ;
; Number of Inverted Registers Reported in Synthesis Report                       ; 100                ; 100                ;
; Clock MUX Protection                                                            ; On                 ; On                 ;
; Auto Gated Clock Conversion                                                     ; Off                ; Off                ;
; Block Design Naming                                                             ; Auto               ; Auto               ;
; SDC constraint protection                                                       ; Off                ; Off                ;
; Synthesis Effort                                                                ; Auto               ; Auto               ;
; Shift Register Replacement - Allow Asynchronous Clear Signal                    ; On                 ; On                 ;
; Pre-Mapping Resynthesis Optimization                                            ; Off                ; Off                ;
; Analysis & Synthesis Message Level                                              ; Medium             ; Medium             ;
; Disable Register Merging Across Hierarchies                                     ; Auto               ; Auto               ;
; Resource Aware Inference For Block RAM                                          ; On                 ; On                 ;
; Automatic Parallel Synthesis                                                    ; On                 ; On                 ;
; Partial Reconfiguration Bitstream ID                                            ; Off                ; Off                ;
+---------------------------------------------------------------------------------+--------------------+--------------------+


+------------------------------------------+
; Parallel Compilation                     ;
+----------------------------+-------------+
; Processors                 ; Number      ;
+----------------------------+-------------+
; Number detected on machine ; 8           ;
; Maximum allowed            ; 4           ;
;                            ;             ;
; Average used               ; 1.32        ;
; Maximum used               ; 4           ;
;                            ;             ;
; Usage by Processor         ; % Time Used ;
;     Processor 1            ; 100.0%      ;
;     Processor 2            ;  10.7%      ;
;     Processor 3            ;  10.7%      ;
;     Processor 4            ;  10.7%      ;
+----------------------------+-------------+


+-----------------------------------------------------------------------------------------------------------------------------------------------------------------------------------------------------------+
; Analysis & Synthesis Source Files Read                                                                                                                                                                    ;
+-------------------------------------------------------+-----------------+------------------------------+----------------------------------------------------------------------------------------+---------+
; File Name with User-Entered Path                      ; Used in Netlist ; File Type                    ; File Name with Absolute Path                                                           ; Library ;
+-------------------------------------------------------+-----------------+------------------------------+----------------------------------------------------------------------------------------+---------+
; ../../rtl/puf/challenge_mapper.sv                     ; yes             ; User SystemVerilog HDL File  ; C:/Users/ADMIN/Desktop/VI MACH BAO MAT/rtl/puf/challenge_mapper.sv                     ;         ;
; ../../rtl/puf/comparator.sv                           ; yes             ; User SystemVerilog HDL File  ; C:/Users/ADMIN/Desktop/VI MACH BAO MAT/rtl/puf/comparator.sv                           ;         ;
; ../../rtl/puf/counter_bank.sv                         ; yes             ; User SystemVerilog HDL File  ; C:/Users/ADMIN/Desktop/VI MACH BAO MAT/rtl/puf/counter_bank.sv                         ;         ;
; ../../rtl/puf/measurement_controller.sv               ; yes             ; User SystemVerilog HDL File  ; C:/Users/ADMIN/Desktop/VI MACH BAO MAT/rtl/puf/measurement_controller.sv               ;         ;
; ../../rtl/puf/measurement_engine.sv                   ; yes             ; User SystemVerilog HDL File  ; C:/Users/ADMIN/Desktop/VI MACH BAO MAT/rtl/puf/measurement_engine.sv                   ;         ;
; ../../rtl/puf/pair_scheduler.sv                       ; yes             ; User SystemVerilog HDL File  ; C:/Users/ADMIN/Desktop/VI MACH BAO MAT/rtl/puf/pair_scheduler.sv                       ;         ;
; ../../rtl/puf/response_builder.sv                     ; yes             ; User SystemVerilog HDL File  ; C:/Users/ADMIN/Desktop/VI MACH BAO MAT/rtl/puf/response_builder.sv                     ;         ;
; ../../rtl/puf/response_engine.sv                      ; yes             ; User SystemVerilog HDL File  ; C:/Users/ADMIN/Desktop/VI MACH BAO MAT/rtl/puf/response_engine.sv                      ;         ;
; ../../rtl/puf/ro_bank.sv                              ; yes             ; User SystemVerilog HDL File  ; C:/Users/ADMIN/Desktop/VI MACH BAO MAT/rtl/puf/ro_bank.sv                              ;         ;
; ../../rtl/puf/ro_cell.sv                              ; yes             ; User SystemVerilog HDL File  ; C:/Users/ADMIN/Desktop/VI MACH BAO MAT/rtl/puf/ro_cell.sv                              ;         ;
; ../../rtl/puf/ro_puf_core.sv                          ; yes             ; User SystemVerilog HDL File  ; C:/Users/ADMIN/Desktop/VI MACH BAO MAT/rtl/puf/ro_puf_core.sv                          ;         ;
; ../../rtl/puf/snapshot_register.sv                    ; yes             ; User SystemVerilog HDL File  ; C:/Users/ADMIN/Desktop/VI MACH BAO MAT/rtl/puf/snapshot_register.sv                    ;         ;
; ../../rtl/aes_dual_rail/aes_core/add_round_key_core.v ; yes             ; User Verilog HDL File        ; C:/Users/ADMIN/Desktop/VI MACH BAO MAT/rtl/aes_dual_rail/aes_core/add_round_key_core.v ;         ;
; ../../rtl/aes_dual_rail/aes_core/aes.v                ; yes             ; User Verilog HDL File        ; C:/Users/ADMIN/Desktop/VI MACH BAO MAT/rtl/aes_dual_rail/aes_core/aes.v                ;         ;
; ../../rtl/aes_dual_rail/aes_core/aff_trans.v          ; yes             ; User Verilog HDL File        ; C:/Users/ADMIN/Desktop/VI MACH BAO MAT/rtl/aes_dual_rail/aes_core/aff_trans.v          ;         ;
; ../../rtl/aes_dual_rail/aes_core/GF.v                 ; yes             ; User Verilog HDL File        ; C:/Users/ADMIN/Desktop/VI MACH BAO MAT/rtl/aes_dual_rail/aes_core/GF.v                 ;         ;
; ../../rtl/aes_dual_rail/aes_core/inv_aff.v            ; yes             ; User Verilog HDL File        ; C:/Users/ADMIN/Desktop/VI MACH BAO MAT/rtl/aes_dual_rail/aes_core/inv_aff.v            ;         ;
; ../../rtl/aes_dual_rail/aes_core/inv_mix_col_core.v   ; yes             ; User Verilog HDL File        ; C:/Users/ADMIN/Desktop/VI MACH BAO MAT/rtl/aes_dual_rail/aes_core/inv_mix_col_core.v   ;         ;
; ../../rtl/aes_dual_rail/aes_core/mix_col_core.v       ; yes             ; User Verilog HDL File        ; C:/Users/ADMIN/Desktop/VI MACH BAO MAT/rtl/aes_dual_rail/aes_core/mix_col_core.v       ;         ;
; ../../rtl/aes_dual_rail/aes_core/sub_byte_core.v      ; yes             ; User Verilog HDL File        ; C:/Users/ADMIN/Desktop/VI MACH BAO MAT/rtl/aes_dual_rail/aes_core/sub_byte_core.v      ;         ;
; ../../rtl/ecc/ecc_top.v                               ; yes             ; User Verilog HDL File        ; C:/Users/ADMIN/Desktop/VI MACH BAO MAT/rtl/ecc/ecc_top.v                               ;         ;
; ../../rtl/ecc/hamming_decoder_32.v                    ; yes             ; User Verilog HDL File        ; C:/Users/ADMIN/Desktop/VI MACH BAO MAT/rtl/ecc/hamming_decoder_32.v                    ;         ;
; ../../rtl/ecc/hamming_encoder_32.v                    ; yes             ; User Verilog HDL File        ; C:/Users/ADMIN/Desktop/VI MACH BAO MAT/rtl/ecc/hamming_encoder_32.v                    ;         ;
; ../../rtl/riscv_core/ALU.v                            ; yes             ; User Verilog HDL File        ; C:/Users/ADMIN/Desktop/VI MACH BAO MAT/rtl/riscv_core/ALU.v                            ;         ;
; ../../rtl/riscv_core/ALU_control.v                    ; yes             ; User Verilog HDL File        ; C:/Users/ADMIN/Desktop/VI MACH BAO MAT/rtl/riscv_core/ALU_control.v                    ;         ;
; ../../rtl/riscv_core/Branch_prediction.v              ; yes             ; User Verilog HDL File        ; C:/Users/ADMIN/Desktop/VI MACH BAO MAT/rtl/riscv_core/Branch_prediction.v              ;         ;
; ../../rtl/riscv_core/Control_unit.v                   ; yes             ; User Verilog HDL File        ; C:/Users/ADMIN/Desktop/VI MACH BAO MAT/rtl/riscv_core/Control_unit.v                   ;         ;
; ../../rtl/riscv_core/Forwarding_unit.v                ; yes             ; User Verilog HDL File        ; C:/Users/ADMIN/Desktop/VI MACH BAO MAT/rtl/riscv_core/Forwarding_unit.v                ;         ;
; ../../rtl/riscv_core/Hazard_detection.v               ; yes             ; User Verilog HDL File        ; C:/Users/ADMIN/Desktop/VI MACH BAO MAT/rtl/riscv_core/Hazard_detection.v               ;         ;
; ../../rtl/riscv_core/Immediate_generator.v            ; yes             ; User Verilog HDL File        ; C:/Users/ADMIN/Desktop/VI MACH BAO MAT/rtl/riscv_core/Immediate_generator.v            ;         ;
; ../../rtl/riscv_core/Instruction_memory.v             ; yes             ; User Verilog HDL File        ; C:/Users/ADMIN/Desktop/VI MACH BAO MAT/rtl/riscv_core/Instruction_memory.v             ;         ;
; ../../rtl/riscv_core/PC.v                             ; yes             ; User Verilog HDL File        ; C:/Users/ADMIN/Desktop/VI MACH BAO MAT/rtl/riscv_core/PC.v                             ;         ;
; ../../rtl/riscv_core/Register_file.v                  ; yes             ; User Verilog HDL File        ; C:/Users/ADMIN/Desktop/VI MACH BAO MAT/rtl/riscv_core/Register_file.v                  ;         ;
; ../../rtl/riscv_core/RV32I.v                          ; yes             ; User Verilog HDL File        ; C:/Users/ADMIN/Desktop/VI MACH BAO MAT/rtl/riscv_core/RV32I.v                          ;         ;
; ../../rtl/riscv_core/Sign_extend.v                    ; yes             ; User Verilog HDL File        ; C:/Users/ADMIN/Desktop/VI MACH BAO MAT/rtl/riscv_core/Sign_extend.v                    ;         ;
; ../../rtl/sha/sha256.v                                ; yes             ; User Verilog HDL File        ; C:/Users/ADMIN/Desktop/VI MACH BAO MAT/rtl/sha/sha256.v                                ;         ;
; ../../rtl/sha/sha256_k_constant.v                     ; yes             ; User Verilog HDL File        ; C:/Users/ADMIN/Desktop/VI MACH BAO MAT/rtl/sha/sha256_k_constant.v                     ;         ;
; ../../rtl/sha/sha256_m_schedule.v                     ; yes             ; User Verilog HDL File        ; C:/Users/ADMIN/Desktop/VI MACH BAO MAT/rtl/sha/sha256_m_schedule.v                     ;         ;
; ../../rtl/sha/sha256_top.v                            ; yes             ; User Verilog HDL File        ; C:/Users/ADMIN/Desktop/VI MACH BAO MAT/rtl/sha/sha256_top.v                            ;         ;
; ../../rtl/soc/axi_reg_bank.v                          ; yes             ; User Verilog HDL File        ; C:/Users/ADMIN/Desktop/VI MACH BAO MAT/rtl/soc/axi_reg_bank.v                          ;         ;
; ../../rtl/soc/axi_slave_core.v                        ; yes             ; User Verilog HDL File        ; C:/Users/ADMIN/Desktop/VI MACH BAO MAT/rtl/soc/axi_slave_core.v                        ;         ;
; ../../rtl/soc/axi_slave_top.v                         ; yes             ; User Verilog HDL File        ; C:/Users/ADMIN/Desktop/VI MACH BAO MAT/rtl/soc/axi_slave_top.v                         ;         ;
; ../../rtl/soc/control_fsm.v                           ; yes             ; User Verilog HDL File        ; C:/Users/ADMIN/Desktop/VI MACH BAO MAT/rtl/soc/control_fsm.v                           ;         ;
; ../../rtl/soc/rv32_axi_master.v                       ; yes             ; User Verilog HDL File        ; C:/Users/ADMIN/Desktop/VI MACH BAO MAT/rtl/soc/rv32_axi_master.v                       ;         ;
; ../../rtl/soc/soc.v                                   ; yes             ; User Verilog HDL File        ; C:/Users/ADMIN/Desktop/VI MACH BAO MAT/rtl/soc/soc.v                                   ;         ;
; de10_standard.v                                       ; yes             ; Auto-Found Verilog HDL File  ; C:/Users/ADMIN/Desktop/VI MACH BAO MAT/fpga/de10_standard/de10_standard.v              ;         ;
+-------------------------------------------------------+-----------------+------------------------------+----------------------------------------------------------------------------------------+---------+


+--------------------------------------------------------------+
; Analysis & Synthesis Resource Usage Summary                  ;
+---------------------------------------------+----------------+
; Resource                                    ; Usage          ;
+---------------------------------------------+----------------+
; Estimate of Logic utilization (ALMs needed) ; 12930          ;
;                                             ;                ;
; Combinational ALUT usage for logic          ; 17687          ;
;     -- 7 input functions                    ; 75             ;
;     -- 6 input functions                    ; 7206           ;
;     -- 5 input functions                    ; 1683           ;
;     -- 4 input functions                    ; 5085           ;
;     -- <=3 input functions                  ; 3638           ;
;                                             ;                ;
; Dedicated logic registers                   ; 13804          ;
;                                             ;                ;
; I/O pins                                    ; 15             ;
;                                             ;                ;
; Total DSP Blocks                            ; 0              ;
;                                             ;                ;
; Maximum fan-out node                        ; CLOCK_50~input ;
; Maximum fan-out                             ; 12268          ;
; Total fan-out                               ; 128573         ;
; Average fan-out                             ; 4.08           ;
+---------------------------------------------+----------------+


+-----------------------------------------------------------------------------------------------------------------------------------------------------------------------------------------------------------------------------------------------------------------------------------------------------------------------------------------------------------------------------------------------------------+
; Analysis & Synthesis Resource Utilization by Entity                                                                                                                                                                                                                                                                                                                                                       ;
+---------------------------------------------------------------+---------------------+---------------------------+-------------------+------------+------+--------------+------------------------------------------------------------------------------------------------------------------------------------------------------------------------------------------+------------------------+--------------+
; Compilation Hierarchy Node                                    ; Combinational ALUTs ; Dedicated Logic Registers ; Block Memory Bits ; DSP Blocks ; Pins ; Virtual Pins ; Full Hierarchy Name                                                                                                                                                                      ; Entity Name            ; Library Name ;
+---------------------------------------------------------------+---------------------+---------------------------+-------------------+------------+------+--------------+------------------------------------------------------------------------------------------------------------------------------------------------------------------------------------------+------------------------+--------------+
; |de10_standard                                                ; 17687 (0)           ; 13804 (0)                 ; 0                 ; 0          ; 15   ; 0            ; |de10_standard                                                                                                                                                                           ; de10_standard          ; work         ;
;    |soc:u_soc|                                                ; 17687 (0)           ; 13804 (0)                 ; 0                 ; 0          ; 0    ; 0            ; |de10_standard|soc:u_soc                                                                                                                                                                 ; soc                    ; work         ;
;       |RV32I:rv32|                                            ; 1265 (193)          ; 1519 (495)                ; 0                 ; 0          ; 0    ; 0            ; |de10_standard|soc:u_soc|RV32I:rv32                                                                                                                                                      ; RV32I                  ; work         ;
;          |ALU:A0|                                             ; 319 (319)           ; 0 (0)                     ; 0                 ; 0          ; 0    ; 0            ; |de10_standard|soc:u_soc|RV32I:rv32|ALU:A0                                                                                                                                               ; ALU                    ; work         ;
;          |ALU_control:AC0|                                    ; 10 (10)             ; 0 (0)                     ; 0                 ; 0          ; 0    ; 0            ; |de10_standard|soc:u_soc|RV32I:rv32|ALU_control:AC0                                                                                                                                      ; ALU_control            ; work         ;
;          |Control_unit:CU0|                                   ; 16 (16)             ; 0 (0)                     ; 0                 ; 0          ; 0    ; 0            ; |de10_standard|soc:u_soc|RV32I:rv32|Control_unit:CU0                                                                                                                                     ; Control_unit           ; work         ;
;          |Forwarding_unit:FU0|                                ; 1 (1)               ; 0 (0)                     ; 0                 ; 0          ; 0    ; 0            ; |de10_standard|soc:u_soc|RV32I:rv32|Forwarding_unit:FU0                                                                                                                                  ; Forwarding_unit        ; work         ;
;          |Hazard_detection:HD0|                               ; 6 (6)               ; 0 (0)                     ; 0                 ; 0          ; 0    ; 0            ; |de10_standard|soc:u_soc|RV32I:rv32|Hazard_detection:HD0                                                                                                                                 ; Hazard_detection       ; work         ;
;          |Immediate_generator:IG0|                            ; 2 (2)               ; 0 (0)                     ; 0                 ; 0          ; 0    ; 0            ; |de10_standard|soc:u_soc|RV32I:rv32|Immediate_generator:IG0                                                                                                                              ; Immediate_generator    ; work         ;
;          |Instruction_memory:IM0|                             ; 70 (70)             ; 0 (0)                     ; 0                 ; 0          ; 0    ; 0            ; |de10_standard|soc:u_soc|RV32I:rv32|Instruction_memory:IM0                                                                                                                               ; Instruction_memory     ; work         ;
;          |PC:PC0|                                             ; 64 (64)             ; 32 (32)                   ; 0                 ; 0          ; 0    ; 0            ; |de10_standard|soc:u_soc|RV32I:rv32|PC:PC0                                                                                                                                               ; PC                     ; work         ;
;          |Register_file:RF0|                                  ; 553 (553)           ; 992 (992)                 ; 0                 ; 0          ; 0    ; 0            ; |de10_standard|soc:u_soc|RV32I:rv32|Register_file:RF0                                                                                                                                    ; Register_file          ; work         ;
;          |Sign_extend:SE0|                                    ; 31 (31)             ; 0 (0)                     ; 0                 ; 0          ; 0    ; 0            ; |de10_standard|soc:u_soc|RV32I:rv32|Sign_extend:SE0                                                                                                                                      ; Sign_extend            ; work         ;
;       |axi_slave_top:crypto_accelerator|                      ; 16400 (0)           ; 12194 (0)                 ; 0                 ; 0          ; 0    ; 0            ; |de10_standard|soc:u_soc|axi_slave_top:crypto_accelerator                                                                                                                                ; axi_slave_top          ; work         ;
;          |axi_reg_bank:u_reg_bank|                            ; 266 (266)           ; 620 (620)                 ; 0                 ; 0          ; 0    ; 0            ; |de10_standard|soc:u_soc|axi_slave_top:crypto_accelerator|axi_reg_bank:u_reg_bank                                                                                                        ; axi_reg_bank           ; work         ;
;          |axi_slave_core:u_core|                              ; 16080 (130)         ; 11540 (1)                 ; 0                 ; 0          ; 0    ; 0            ; |de10_standard|soc:u_soc|axi_slave_top:crypto_accelerator|axi_slave_core:u_core                                                                                                          ; axi_slave_core         ; work         ;
;             |aes:u_aes|                                       ; 9681 (8740)         ; 5222 (5222)               ; 0                 ; 0          ; 0    ; 0            ; |de10_standard|soc:u_soc|axi_slave_top:crypto_accelerator|axi_slave_core:u_core|aes:u_aes                                                                                                ; aes                    ; work         ;
;                |add_round_key_core:u_add_round_key_core|      ; 32 (32)             ; 0 (0)                     ; 0                 ; 0          ; 0    ; 0            ; |de10_standard|soc:u_soc|axi_slave_top:crypto_accelerator|axi_slave_core:u_core|aes:u_aes|add_round_key_core:u_add_round_key_core                                                        ; add_round_key_core     ; work         ;
;                |inv_mix_col_core:u_inv_mix_col_core|          ; 448 (448)           ; 0 (0)                     ; 0                 ; 0          ; 0    ; 0            ; |de10_standard|soc:u_soc|axi_slave_top:crypto_accelerator|axi_slave_core:u_core|aes:u_aes|inv_mix_col_core:u_inv_mix_col_core                                                            ; inv_mix_col_core       ; work         ;
;                |mix_col_core:u_mix_col_core|                  ; 204 (204)           ; 0 (0)                     ; 0                 ; 0          ; 0    ; 0            ; |de10_standard|soc:u_soc|axi_slave_top:crypto_accelerator|axi_slave_core:u_core|aes:u_aes|mix_col_core:u_mix_col_core                                                                    ; mix_col_core           ; work         ;
;                |sub_byte_core:u_sub_byte_core|                ; 257 (32)            ; 0 (0)                     ; 0                 ; 0          ; 0    ; 0            ; |de10_standard|soc:u_soc|axi_slave_top:crypto_accelerator|axi_slave_core:u_core|aes:u_aes|sub_byte_core:u_sub_byte_core                                                                  ; sub_byte_core          ; work         ;
;                   |GF:gf_0|                                   ; 219 (219)           ; 0 (0)                     ; 0                 ; 0          ; 0    ; 0            ; |de10_standard|soc:u_soc|axi_slave_top:crypto_accelerator|axi_slave_core:u_core|aes:u_aes|sub_byte_core:u_sub_byte_core|GF:gf_0                                                          ; GF                     ; work         ;
;                   |aff_trans:aff_trans_0|                     ; 6 (6)               ; 0 (0)                     ; 0                 ; 0          ; 0    ; 0            ; |de10_standard|soc:u_soc|axi_slave_top:crypto_accelerator|axi_slave_core:u_core|aes:u_aes|sub_byte_core:u_sub_byte_core|aff_trans:aff_trans_0                                            ; aff_trans              ; work         ;
;             |ecc_top:u_ecc|                                   ; 1569 (529)          ; 609 (609)                 ; 0                 ; 0          ; 0    ; 0            ; |de10_standard|soc:u_soc|axi_slave_top:crypto_accelerator|axi_slave_core:u_core|ecc_top:u_ecc                                                                                            ; ecc_top                ; work         ;
;                |hamming_decoder_32:ecc_segments[0].dec_inst|  ; 50 (47)             ; 0 (0)                     ; 0                 ; 0          ; 0    ; 0            ; |de10_standard|soc:u_soc|axi_slave_top:crypto_accelerator|axi_slave_core:u_core|ecc_top:u_ecc|hamming_decoder_32:ecc_segments[0].dec_inst                                                ; hamming_decoder_32     ; work         ;
;                   |hamming_encoder_32:re_encoder|             ; 3 (3)               ; 0 (0)                     ; 0                 ; 0          ; 0    ; 0            ; |de10_standard|soc:u_soc|axi_slave_top:crypto_accelerator|axi_slave_core:u_core|ecc_top:u_ecc|hamming_decoder_32:ecc_segments[0].dec_inst|hamming_encoder_32:re_encoder                  ; hamming_encoder_32     ; work         ;
;                |hamming_decoder_32:ecc_segments[10].dec_inst| ; 50 (47)             ; 0 (0)                     ; 0                 ; 0          ; 0    ; 0            ; |de10_standard|soc:u_soc|axi_slave_top:crypto_accelerator|axi_slave_core:u_core|ecc_top:u_ecc|hamming_decoder_32:ecc_segments[10].dec_inst                                               ; hamming_decoder_32     ; work         ;
;                   |hamming_encoder_32:re_encoder|             ; 3 (3)               ; 0 (0)                     ; 0                 ; 0          ; 0    ; 0            ; |de10_standard|soc:u_soc|axi_slave_top:crypto_accelerator|axi_slave_core:u_core|ecc_top:u_ecc|hamming_decoder_32:ecc_segments[10].dec_inst|hamming_encoder_32:re_encoder                 ; hamming_encoder_32     ; work         ;
;                |hamming_decoder_32:ecc_segments[11].dec_inst| ; 50 (47)             ; 0 (0)                     ; 0                 ; 0          ; 0    ; 0            ; |de10_standard|soc:u_soc|axi_slave_top:crypto_accelerator|axi_slave_core:u_core|ecc_top:u_ecc|hamming_decoder_32:ecc_segments[11].dec_inst                                               ; hamming_decoder_32     ; work         ;
;                   |hamming_encoder_32:re_encoder|             ; 3 (3)               ; 0 (0)                     ; 0                 ; 0          ; 0    ; 0            ; |de10_standard|soc:u_soc|axi_slave_top:crypto_accelerator|axi_slave_core:u_core|ecc_top:u_ecc|hamming_decoder_32:ecc_segments[11].dec_inst|hamming_encoder_32:re_encoder                 ; hamming_encoder_32     ; work         ;
;                |hamming_decoder_32:ecc_segments[12].dec_inst| ; 50 (47)             ; 0 (0)                     ; 0                 ; 0          ; 0    ; 0            ; |de10_standard|soc:u_soc|axi_slave_top:crypto_accelerator|axi_slave_core:u_core|ecc_top:u_ecc|hamming_decoder_32:ecc_segments[12].dec_inst                                               ; hamming_decoder_32     ; work         ;
;                   |hamming_encoder_32:re_encoder|             ; 3 (3)               ; 0 (0)                     ; 0                 ; 0          ; 0    ; 0            ; |de10_standard|soc:u_soc|axi_slave_top:crypto_accelerator|axi_slave_core:u_core|ecc_top:u_ecc|hamming_decoder_32:ecc_segments[12].dec_inst|hamming_encoder_32:re_encoder                 ; hamming_encoder_32     ; work         ;
;                |hamming_decoder_32:ecc_segments[13].dec_inst| ; 50 (47)             ; 0 (0)                     ; 0                 ; 0          ; 0    ; 0            ; |de10_standard|soc:u_soc|axi_slave_top:crypto_accelerator|axi_slave_core:u_core|ecc_top:u_ecc|hamming_decoder_32:ecc_segments[13].dec_inst                                               ; hamming_decoder_32     ; work         ;
;                   |hamming_encoder_32:re_encoder|             ; 3 (3)               ; 0 (0)                     ; 0                 ; 0          ; 0    ; 0            ; |de10_standard|soc:u_soc|axi_slave_top:crypto_accelerator|axi_slave_core:u_core|ecc_top:u_ecc|hamming_decoder_32:ecc_segments[13].dec_inst|hamming_encoder_32:re_encoder                 ; hamming_encoder_32     ; work         ;
;                |hamming_decoder_32:ecc_segments[14].dec_inst| ; 50 (47)             ; 0 (0)                     ; 0                 ; 0          ; 0    ; 0            ; |de10_standard|soc:u_soc|axi_slave_top:crypto_accelerator|axi_slave_core:u_core|ecc_top:u_ecc|hamming_decoder_32:ecc_segments[14].dec_inst                                               ; hamming_decoder_32     ; work         ;
;                   |hamming_encoder_32:re_encoder|             ; 3 (3)               ; 0 (0)                     ; 0                 ; 0          ; 0    ; 0            ; |de10_standard|soc:u_soc|axi_slave_top:crypto_accelerator|axi_slave_core:u_core|ecc_top:u_ecc|hamming_decoder_32:ecc_segments[14].dec_inst|hamming_encoder_32:re_encoder                 ; hamming_encoder_32     ; work         ;
;                |hamming_decoder_32:ecc_segments[15].dec_inst| ; 50 (47)             ; 0 (0)                     ; 0                 ; 0          ; 0    ; 0            ; |de10_standard|soc:u_soc|axi_slave_top:crypto_accelerator|axi_slave_core:u_core|ecc_top:u_ecc|hamming_decoder_32:ecc_segments[15].dec_inst                                               ; hamming_decoder_32     ; work         ;
;                   |hamming_encoder_32:re_encoder|             ; 3 (3)               ; 0 (0)                     ; 0                 ; 0          ; 0    ; 0            ; |de10_standard|soc:u_soc|axi_slave_top:crypto_accelerator|axi_slave_core:u_core|ecc_top:u_ecc|hamming_decoder_32:ecc_segments[15].dec_inst|hamming_encoder_32:re_encoder                 ; hamming_encoder_32     ; work         ;
;                |hamming_decoder_32:ecc_segments[1].dec_inst|  ; 50 (47)             ; 0 (0)                     ; 0                 ; 0          ; 0    ; 0            ; |de10_standard|soc:u_soc|axi_slave_top:crypto_accelerator|axi_slave_core:u_core|ecc_top:u_ecc|hamming_decoder_32:ecc_segments[1].dec_inst                                                ; hamming_decoder_32     ; work         ;
;                   |hamming_encoder_32:re_encoder|             ; 3 (3)               ; 0 (0)                     ; 0                 ; 0          ; 0    ; 0            ; |de10_standard|soc:u_soc|axi_slave_top:crypto_accelerator|axi_slave_core:u_core|ecc_top:u_ecc|hamming_decoder_32:ecc_segments[1].dec_inst|hamming_encoder_32:re_encoder                  ; hamming_encoder_32     ; work         ;
;                |hamming_decoder_32:ecc_segments[2].dec_inst|  ; 50 (47)             ; 0 (0)                     ; 0                 ; 0          ; 0    ; 0            ; |de10_standard|soc:u_soc|axi_slave_top:crypto_accelerator|axi_slave_core:u_core|ecc_top:u_ecc|hamming_decoder_32:ecc_segments[2].dec_inst                                                ; hamming_decoder_32     ; work         ;
;                   |hamming_encoder_32:re_encoder|             ; 3 (3)               ; 0 (0)                     ; 0                 ; 0          ; 0    ; 0            ; |de10_standard|soc:u_soc|axi_slave_top:crypto_accelerator|axi_slave_core:u_core|ecc_top:u_ecc|hamming_decoder_32:ecc_segments[2].dec_inst|hamming_encoder_32:re_encoder                  ; hamming_encoder_32     ; work         ;
;                |hamming_decoder_32:ecc_segments[3].dec_inst|  ; 50 (47)             ; 0 (0)                     ; 0                 ; 0          ; 0    ; 0            ; |de10_standard|soc:u_soc|axi_slave_top:crypto_accelerator|axi_slave_core:u_core|ecc_top:u_ecc|hamming_decoder_32:ecc_segments[3].dec_inst                                                ; hamming_decoder_32     ; work         ;
;                   |hamming_encoder_32:re_encoder|             ; 3 (3)               ; 0 (0)                     ; 0                 ; 0          ; 0    ; 0            ; |de10_standard|soc:u_soc|axi_slave_top:crypto_accelerator|axi_slave_core:u_core|ecc_top:u_ecc|hamming_decoder_32:ecc_segments[3].dec_inst|hamming_encoder_32:re_encoder                  ; hamming_encoder_32     ; work         ;
;                |hamming_decoder_32:ecc_segments[4].dec_inst|  ; 50 (47)             ; 0 (0)                     ; 0                 ; 0          ; 0    ; 0            ; |de10_standard|soc:u_soc|axi_slave_top:crypto_accelerator|axi_slave_core:u_core|ecc_top:u_ecc|hamming_decoder_32:ecc_segments[4].dec_inst                                                ; hamming_decoder_32     ; work         ;
;                   |hamming_encoder_32:re_encoder|             ; 3 (3)               ; 0 (0)                     ; 0                 ; 0          ; 0    ; 0            ; |de10_standard|soc:u_soc|axi_slave_top:crypto_accelerator|axi_slave_core:u_core|ecc_top:u_ecc|hamming_decoder_32:ecc_segments[4].dec_inst|hamming_encoder_32:re_encoder                  ; hamming_encoder_32     ; work         ;
;                |hamming_decoder_32:ecc_segments[5].dec_inst|  ; 50 (47)             ; 0 (0)                     ; 0                 ; 0          ; 0    ; 0            ; |de10_standard|soc:u_soc|axi_slave_top:crypto_accelerator|axi_slave_core:u_core|ecc_top:u_ecc|hamming_decoder_32:ecc_segments[5].dec_inst                                                ; hamming_decoder_32     ; work         ;
;                   |hamming_encoder_32:re_encoder|             ; 3 (3)               ; 0 (0)                     ; 0                 ; 0          ; 0    ; 0            ; |de10_standard|soc:u_soc|axi_slave_top:crypto_accelerator|axi_slave_core:u_core|ecc_top:u_ecc|hamming_decoder_32:ecc_segments[5].dec_inst|hamming_encoder_32:re_encoder                  ; hamming_encoder_32     ; work         ;
;                |hamming_decoder_32:ecc_segments[6].dec_inst|  ; 50 (47)             ; 0 (0)                     ; 0                 ; 0          ; 0    ; 0            ; |de10_standard|soc:u_soc|axi_slave_top:crypto_accelerator|axi_slave_core:u_core|ecc_top:u_ecc|hamming_decoder_32:ecc_segments[6].dec_inst                                                ; hamming_decoder_32     ; work         ;
;                   |hamming_encoder_32:re_encoder|             ; 3 (3)               ; 0 (0)                     ; 0                 ; 0          ; 0    ; 0            ; |de10_standard|soc:u_soc|axi_slave_top:crypto_accelerator|axi_slave_core:u_core|ecc_top:u_ecc|hamming_decoder_32:ecc_segments[6].dec_inst|hamming_encoder_32:re_encoder                  ; hamming_encoder_32     ; work         ;
;                |hamming_decoder_32:ecc_segments[7].dec_inst|  ; 50 (47)             ; 0 (0)                     ; 0                 ; 0          ; 0    ; 0            ; |de10_standard|soc:u_soc|axi_slave_top:crypto_accelerator|axi_slave_core:u_core|ecc_top:u_ecc|hamming_decoder_32:ecc_segments[7].dec_inst                                                ; hamming_decoder_32     ; work         ;
;                   |hamming_encoder_32:re_encoder|             ; 3 (3)               ; 0 (0)                     ; 0                 ; 0          ; 0    ; 0            ; |de10_standard|soc:u_soc|axi_slave_top:crypto_accelerator|axi_slave_core:u_core|ecc_top:u_ecc|hamming_decoder_32:ecc_segments[7].dec_inst|hamming_encoder_32:re_encoder                  ; hamming_encoder_32     ; work         ;
;                |hamming_decoder_32:ecc_segments[8].dec_inst|  ; 50 (47)             ; 0 (0)                     ; 0                 ; 0          ; 0    ; 0            ; |de10_standard|soc:u_soc|axi_slave_top:crypto_accelerator|axi_slave_core:u_core|ecc_top:u_ecc|hamming_decoder_32:ecc_segments[8].dec_inst                                                ; hamming_decoder_32     ; work         ;
;                   |hamming_encoder_32:re_encoder|             ; 3 (3)               ; 0 (0)                     ; 0                 ; 0          ; 0    ; 0            ; |de10_standard|soc:u_soc|axi_slave_top:crypto_accelerator|axi_slave_core:u_core|ecc_top:u_ecc|hamming_decoder_32:ecc_segments[8].dec_inst|hamming_encoder_32:re_encoder                  ; hamming_encoder_32     ; work         ;
;                |hamming_decoder_32:ecc_segments[9].dec_inst|  ; 50 (47)             ; 0 (0)                     ; 0                 ; 0          ; 0    ; 0            ; |de10_standard|soc:u_soc|axi_slave_top:crypto_accelerator|axi_slave_core:u_core|ecc_top:u_ecc|hamming_decoder_32:ecc_segments[9].dec_inst                                                ; hamming_decoder_32     ; work         ;
;                   |hamming_encoder_32:re_encoder|             ; 3 (3)               ; 0 (0)                     ; 0                 ; 0          ; 0    ; 0            ; |de10_standard|soc:u_soc|axi_slave_top:crypto_accelerator|axi_slave_core:u_core|ecc_top:u_ecc|hamming_decoder_32:ecc_segments[9].dec_inst|hamming_encoder_32:re_encoder                  ; hamming_encoder_32     ; work         ;
;                |hamming_encoder_32:ecc_segments[0].enc_inst|  ; 15 (15)             ; 0 (0)                     ; 0                 ; 0          ; 0    ; 0            ; |de10_standard|soc:u_soc|axi_slave_top:crypto_accelerator|axi_slave_core:u_core|ecc_top:u_ecc|hamming_encoder_32:ecc_segments[0].enc_inst                                                ; hamming_encoder_32     ; work         ;
;                |hamming_encoder_32:ecc_segments[10].enc_inst| ; 15 (15)             ; 0 (0)                     ; 0                 ; 0          ; 0    ; 0            ; |de10_standard|soc:u_soc|axi_slave_top:crypto_accelerator|axi_slave_core:u_core|ecc_top:u_ecc|hamming_encoder_32:ecc_segments[10].enc_inst                                               ; hamming_encoder_32     ; work         ;
;                |hamming_encoder_32:ecc_segments[11].enc_inst| ; 15 (15)             ; 0 (0)                     ; 0                 ; 0          ; 0    ; 0            ; |de10_standard|soc:u_soc|axi_slave_top:crypto_accelerator|axi_slave_core:u_core|ecc_top:u_ecc|hamming_encoder_32:ecc_segments[11].enc_inst                                               ; hamming_encoder_32     ; work         ;
;                |hamming_encoder_32:ecc_segments[12].enc_inst| ; 15 (15)             ; 0 (0)                     ; 0                 ; 0          ; 0    ; 0            ; |de10_standard|soc:u_soc|axi_slave_top:crypto_accelerator|axi_slave_core:u_core|ecc_top:u_ecc|hamming_encoder_32:ecc_segments[12].enc_inst                                               ; hamming_encoder_32     ; work         ;
;                |hamming_encoder_32:ecc_segments[13].enc_inst| ; 15 (15)             ; 0 (0)                     ; 0                 ; 0          ; 0    ; 0            ; |de10_standard|soc:u_soc|axi_slave_top:crypto_accelerator|axi_slave_core:u_core|ecc_top:u_ecc|hamming_encoder_32:ecc_segments[13].enc_inst                                               ; hamming_encoder_32     ; work         ;
;                |hamming_encoder_32:ecc_segments[14].enc_inst| ; 15 (15)             ; 0 (0)                     ; 0                 ; 0          ; 0    ; 0            ; |de10_standard|soc:u_soc|axi_slave_top:crypto_accelerator|axi_slave_core:u_core|ecc_top:u_ecc|hamming_encoder_32:ecc_segments[14].enc_inst                                               ; hamming_encoder_32     ; work         ;
;                |hamming_encoder_32:ecc_segments[15].enc_inst| ; 15 (15)             ; 0 (0)                     ; 0                 ; 0          ; 0    ; 0            ; |de10_standard|soc:u_soc|axi_slave_top:crypto_accelerator|axi_slave_core:u_core|ecc_top:u_ecc|hamming_encoder_32:ecc_segments[15].enc_inst                                               ; hamming_encoder_32     ; work         ;
;                |hamming_encoder_32:ecc_segments[1].enc_inst|  ; 15 (15)             ; 0 (0)                     ; 0                 ; 0          ; 0    ; 0            ; |de10_standard|soc:u_soc|axi_slave_top:crypto_accelerator|axi_slave_core:u_core|ecc_top:u_ecc|hamming_encoder_32:ecc_segments[1].enc_inst                                                ; hamming_encoder_32     ; work         ;
;                |hamming_encoder_32:ecc_segments[2].enc_inst|  ; 15 (15)             ; 0 (0)                     ; 0                 ; 0          ; 0    ; 0            ; |de10_standard|soc:u_soc|axi_slave_top:crypto_accelerator|axi_slave_core:u_core|ecc_top:u_ecc|hamming_encoder_32:ecc_segments[2].enc_inst                                                ; hamming_encoder_32     ; work         ;
;                |hamming_encoder_32:ecc_segments[3].enc_inst|  ; 15 (15)             ; 0 (0)                     ; 0                 ; 0          ; 0    ; 0            ; |de10_standard|soc:u_soc|axi_slave_top:crypto_accelerator|axi_slave_core:u_core|ecc_top:u_ecc|hamming_encoder_32:ecc_segments[3].enc_inst                                                ; hamming_encoder_32     ; work         ;
;                |hamming_encoder_32:ecc_segments[4].enc_inst|  ; 15 (15)             ; 0 (0)                     ; 0                 ; 0          ; 0    ; 0            ; |de10_standard|soc:u_soc|axi_slave_top:crypto_accelerator|axi_slave_core:u_core|ecc_top:u_ecc|hamming_encoder_32:ecc_segments[4].enc_inst                                                ; hamming_encoder_32     ; work         ;
;                |hamming_encoder_32:ecc_segments[5].enc_inst|  ; 15 (15)             ; 0 (0)                     ; 0                 ; 0          ; 0    ; 0            ; |de10_standard|soc:u_soc|axi_slave_top:crypto_accelerator|axi_slave_core:u_core|ecc_top:u_ecc|hamming_encoder_32:ecc_segments[5].enc_inst                                                ; hamming_encoder_32     ; work         ;
;                |hamming_encoder_32:ecc_segments[6].enc_inst|  ; 15 (15)             ; 0 (0)                     ; 0                 ; 0          ; 0    ; 0            ; |de10_standard|soc:u_soc|axi_slave_top:crypto_accelerator|axi_slave_core:u_core|ecc_top:u_ecc|hamming_encoder_32:ecc_segments[6].enc_inst                                                ; hamming_encoder_32     ; work         ;
;                |hamming_encoder_32:ecc_segments[7].enc_inst|  ; 15 (15)             ; 0 (0)                     ; 0                 ; 0          ; 0    ; 0            ; |de10_standard|soc:u_soc|axi_slave_top:crypto_accelerator|axi_slave_core:u_core|ecc_top:u_ecc|hamming_encoder_32:ecc_segments[7].enc_inst                                                ; hamming_encoder_32     ; work         ;
;                |hamming_encoder_32:ecc_segments[8].enc_inst|  ; 15 (15)             ; 0 (0)                     ; 0                 ; 0          ; 0    ; 0            ; |de10_standard|soc:u_soc|axi_slave_top:crypto_accelerator|axi_slave_core:u_core|ecc_top:u_ecc|hamming_encoder_32:ecc_segments[8].enc_inst                                                ; hamming_encoder_32     ; work         ;
;                |hamming_encoder_32:ecc_segments[9].enc_inst|  ; 15 (15)             ; 0 (0)                     ; 0                 ; 0          ; 0    ; 0            ; |de10_standard|soc:u_soc|axi_slave_top:crypto_accelerator|axi_slave_core:u_core|ecc_top:u_ecc|hamming_encoder_32:ecc_segments[9].enc_inst                                                ; hamming_encoder_32     ; work         ;
;             |ro_puf_core:u_puf|                               ; 2820 (3)            ; 4160 (3)                  ; 0                 ; 0          ; 0    ; 0            ; |de10_standard|soc:u_soc|axi_slave_top:crypto_accelerator|axi_slave_core:u_core|ro_puf_core:u_puf                                                                                        ; ro_puf_core            ; work         ;
;                |measurement_engine:u_measurement_engine|      ; 1674 (0)            ; 3110 (0)                  ; 0                 ; 0          ; 0    ; 0            ; |de10_standard|soc:u_soc|axi_slave_top:crypto_accelerator|axi_slave_core:u_core|ro_puf_core:u_puf|measurement_engine:u_measurement_engine                                                ; measurement_engine     ; work         ;
;                   |counter_bank:u_counter_bank|               ; 1536 (1536)         ; 1536 (1536)               ; 0                 ; 0          ; 0    ; 0            ; |de10_standard|soc:u_soc|axi_slave_top:crypto_accelerator|axi_slave_core:u_core|ro_puf_core:u_puf|measurement_engine:u_measurement_engine|counter_bank:u_counter_bank                    ; counter_bank           ; work         ;
;                   |measurement_controller:u_controller|       ; 138 (138)           ; 38 (38)                   ; 0                 ; 0          ; 0    ; 0            ; |de10_standard|soc:u_soc|axi_slave_top:crypto_accelerator|axi_slave_core:u_core|ro_puf_core:u_puf|measurement_engine:u_measurement_engine|measurement_controller:u_controller            ; measurement_controller ; work         ;
;                   |snapshot_register:u_snapshot|              ; 0 (0)               ; 1536 (1536)               ; 0                 ; 0          ; 0    ; 0            ; |de10_standard|soc:u_soc|axi_slave_top:crypto_accelerator|axi_slave_core:u_core|ro_puf_core:u_puf|measurement_engine:u_measurement_engine|snapshot_register:u_snapshot                   ; snapshot_register      ; work         ;
;                |response_engine:u_response_engine|            ; 1079 (0)            ; 1047 (0)                  ; 0                 ; 0          ; 0    ; 0            ; |de10_standard|soc:u_soc|axi_slave_top:crypto_accelerator|axi_slave_core:u_core|ro_puf_core:u_puf|response_engine:u_response_engine                                                      ; response_engine        ; work         ;
;                   |comparator:u_comparator|                   ; 20 (20)             ; 2 (2)                     ; 0                 ; 0          ; 0    ; 0            ; |de10_standard|soc:u_soc|axi_slave_top:crypto_accelerator|axi_slave_core:u_core|ro_puf_core:u_puf|response_engine:u_response_engine|comparator:u_comparator                              ; comparator             ; work         ;
;                   |pair_scheduler:u_scheduler|                ; 1039 (1022)         ; 11 (11)                   ; 0                 ; 0          ; 0    ; 0            ; |de10_standard|soc:u_soc|axi_slave_top:crypto_accelerator|axi_slave_core:u_core|ro_puf_core:u_puf|response_engine:u_response_engine|pair_scheduler:u_scheduler                           ; pair_scheduler         ; work         ;
;                      |challenge_mapper:u_mapper|              ; 17 (17)             ; 0 (0)                     ; 0                 ; 0          ; 0    ; 0            ; |de10_standard|soc:u_soc|axi_slave_top:crypto_accelerator|axi_slave_core:u_core|ro_puf_core:u_puf|response_engine:u_response_engine|pair_scheduler:u_scheduler|challenge_mapper:u_mapper ; challenge_mapper       ; work         ;
;                   |response_builder:u_builder|                ; 20 (20)             ; 1034 (1034)               ; 0                 ; 0          ; 0    ; 0            ; |de10_standard|soc:u_soc|axi_slave_top:crypto_accelerator|axi_slave_core:u_core|ro_puf_core:u_puf|response_engine:u_response_engine|response_builder:u_builder                           ; response_builder       ; work         ;
;                |ro_bank:u_ro_bank|                            ; 64 (0)              ; 0 (0)                     ; 0                 ; 0          ; 0    ; 0            ; |de10_standard|soc:u_soc|axi_slave_top:crypto_accelerator|axi_slave_core:u_core|ro_puf_core:u_puf|ro_bank:u_ro_bank                                                                      ; ro_bank                ; work         ;
;                   |ro_cell:RO_ARRAY[0].u_ro|                  ; 1 (1)               ; 0 (0)                     ; 0                 ; 0          ; 0    ; 0            ; |de10_standard|soc:u_soc|axi_slave_top:crypto_accelerator|axi_slave_core:u_core|ro_puf_core:u_puf|ro_bank:u_ro_bank|ro_cell:RO_ARRAY[0].u_ro                                             ; ro_cell                ; work         ;
;                   |ro_cell:RO_ARRAY[10].u_ro|                 ; 1 (1)               ; 0 (0)                     ; 0                 ; 0          ; 0    ; 0            ; |de10_standard|soc:u_soc|axi_slave_top:crypto_accelerator|axi_slave_core:u_core|ro_puf_core:u_puf|ro_bank:u_ro_bank|ro_cell:RO_ARRAY[10].u_ro                                            ; ro_cell                ; work         ;
;                   |ro_cell:RO_ARRAY[11].u_ro|                 ; 1 (1)               ; 0 (0)                     ; 0                 ; 0          ; 0    ; 0            ; |de10_standard|soc:u_soc|axi_slave_top:crypto_accelerator|axi_slave_core:u_core|ro_puf_core:u_puf|ro_bank:u_ro_bank|ro_cell:RO_ARRAY[11].u_ro                                            ; ro_cell                ; work         ;
;                   |ro_cell:RO_ARRAY[12].u_ro|                 ; 1 (1)               ; 0 (0)                     ; 0                 ; 0          ; 0    ; 0            ; |de10_standard|soc:u_soc|axi_slave_top:crypto_accelerator|axi_slave_core:u_core|ro_puf_core:u_puf|ro_bank:u_ro_bank|ro_cell:RO_ARRAY[12].u_ro                                            ; ro_cell                ; work         ;
;                   |ro_cell:RO_ARRAY[13].u_ro|                 ; 1 (1)               ; 0 (0)                     ; 0                 ; 0          ; 0    ; 0            ; |de10_standard|soc:u_soc|axi_slave_top:crypto_accelerator|axi_slave_core:u_core|ro_puf_core:u_puf|ro_bank:u_ro_bank|ro_cell:RO_ARRAY[13].u_ro                                            ; ro_cell                ; work         ;
;                   |ro_cell:RO_ARRAY[14].u_ro|                 ; 1 (1)               ; 0 (0)                     ; 0                 ; 0          ; 0    ; 0            ; |de10_standard|soc:u_soc|axi_slave_top:crypto_accelerator|axi_slave_core:u_core|ro_puf_core:u_puf|ro_bank:u_ro_bank|ro_cell:RO_ARRAY[14].u_ro                                            ; ro_cell                ; work         ;
;                   |ro_cell:RO_ARRAY[15].u_ro|                 ; 1 (1)               ; 0 (0)                     ; 0                 ; 0          ; 0    ; 0            ; |de10_standard|soc:u_soc|axi_slave_top:crypto_accelerator|axi_slave_core:u_core|ro_puf_core:u_puf|ro_bank:u_ro_bank|ro_cell:RO_ARRAY[15].u_ro                                            ; ro_cell                ; work         ;
;                   |ro_cell:RO_ARRAY[16].u_ro|                 ; 1 (1)               ; 0 (0)                     ; 0                 ; 0          ; 0    ; 0            ; |de10_standard|soc:u_soc|axi_slave_top:crypto_accelerator|axi_slave_core:u_core|ro_puf_core:u_puf|ro_bank:u_ro_bank|ro_cell:RO_ARRAY[16].u_ro                                            ; ro_cell                ; work         ;
;                   |ro_cell:RO_ARRAY[17].u_ro|                 ; 1 (1)               ; 0 (0)                     ; 0                 ; 0          ; 0    ; 0            ; |de10_standard|soc:u_soc|axi_slave_top:crypto_accelerator|axi_slave_core:u_core|ro_puf_core:u_puf|ro_bank:u_ro_bank|ro_cell:RO_ARRAY[17].u_ro                                            ; ro_cell                ; work         ;
;                   |ro_cell:RO_ARRAY[18].u_ro|                 ; 1 (1)               ; 0 (0)                     ; 0                 ; 0          ; 0    ; 0            ; |de10_standard|soc:u_soc|axi_slave_top:crypto_accelerator|axi_slave_core:u_core|ro_puf_core:u_puf|ro_bank:u_ro_bank|ro_cell:RO_ARRAY[18].u_ro                                            ; ro_cell                ; work         ;
;                   |ro_cell:RO_ARRAY[19].u_ro|                 ; 1 (1)               ; 0 (0)                     ; 0                 ; 0          ; 0    ; 0            ; |de10_standard|soc:u_soc|axi_slave_top:crypto_accelerator|axi_slave_core:u_core|ro_puf_core:u_puf|ro_bank:u_ro_bank|ro_cell:RO_ARRAY[19].u_ro                                            ; ro_cell                ; work         ;
;                   |ro_cell:RO_ARRAY[1].u_ro|                  ; 1 (1)               ; 0 (0)                     ; 0                 ; 0          ; 0    ; 0            ; |de10_standard|soc:u_soc|axi_slave_top:crypto_accelerator|axi_slave_core:u_core|ro_puf_core:u_puf|ro_bank:u_ro_bank|ro_cell:RO_ARRAY[1].u_ro                                             ; ro_cell                ; work         ;
;                   |ro_cell:RO_ARRAY[20].u_ro|                 ; 1 (1)               ; 0 (0)                     ; 0                 ; 0          ; 0    ; 0            ; |de10_standard|soc:u_soc|axi_slave_top:crypto_accelerator|axi_slave_core:u_core|ro_puf_core:u_puf|ro_bank:u_ro_bank|ro_cell:RO_ARRAY[20].u_ro                                            ; ro_cell                ; work         ;
;                   |ro_cell:RO_ARRAY[21].u_ro|                 ; 1 (1)               ; 0 (0)                     ; 0                 ; 0          ; 0    ; 0            ; |de10_standard|soc:u_soc|axi_slave_top:crypto_accelerator|axi_slave_core:u_core|ro_puf_core:u_puf|ro_bank:u_ro_bank|ro_cell:RO_ARRAY[21].u_ro                                            ; ro_cell                ; work         ;
;                   |ro_cell:RO_ARRAY[22].u_ro|                 ; 1 (1)               ; 0 (0)                     ; 0                 ; 0          ; 0    ; 0            ; |de10_standard|soc:u_soc|axi_slave_top:crypto_accelerator|axi_slave_core:u_core|ro_puf_core:u_puf|ro_bank:u_ro_bank|ro_cell:RO_ARRAY[22].u_ro                                            ; ro_cell                ; work         ;
;                   |ro_cell:RO_ARRAY[23].u_ro|                 ; 1 (1)               ; 0 (0)                     ; 0                 ; 0          ; 0    ; 0            ; |de10_standard|soc:u_soc|axi_slave_top:crypto_accelerator|axi_slave_core:u_core|ro_puf_core:u_puf|ro_bank:u_ro_bank|ro_cell:RO_ARRAY[23].u_ro                                            ; ro_cell                ; work         ;
;                   |ro_cell:RO_ARRAY[24].u_ro|                 ; 1 (1)               ; 0 (0)                     ; 0                 ; 0          ; 0    ; 0            ; |de10_standard|soc:u_soc|axi_slave_top:crypto_accelerator|axi_slave_core:u_core|ro_puf_core:u_puf|ro_bank:u_ro_bank|ro_cell:RO_ARRAY[24].u_ro                                            ; ro_cell                ; work         ;
;                   |ro_cell:RO_ARRAY[25].u_ro|                 ; 1 (1)               ; 0 (0)                     ; 0                 ; 0          ; 0    ; 0            ; |de10_standard|soc:u_soc|axi_slave_top:crypto_accelerator|axi_slave_core:u_core|ro_puf_core:u_puf|ro_bank:u_ro_bank|ro_cell:RO_ARRAY[25].u_ro                                            ; ro_cell                ; work         ;
;                   |ro_cell:RO_ARRAY[26].u_ro|                 ; 1 (1)               ; 0 (0)                     ; 0                 ; 0          ; 0    ; 0            ; |de10_standard|soc:u_soc|axi_slave_top:crypto_accelerator|axi_slave_core:u_core|ro_puf_core:u_puf|ro_bank:u_ro_bank|ro_cell:RO_ARRAY[26].u_ro                                            ; ro_cell                ; work         ;
;                   |ro_cell:RO_ARRAY[27].u_ro|                 ; 1 (1)               ; 0 (0)                     ; 0                 ; 0          ; 0    ; 0            ; |de10_standard|soc:u_soc|axi_slave_top:crypto_accelerator|axi_slave_core:u_core|ro_puf_core:u_puf|ro_bank:u_ro_bank|ro_cell:RO_ARRAY[27].u_ro                                            ; ro_cell                ; work         ;
;                   |ro_cell:RO_ARRAY[28].u_ro|                 ; 1 (1)               ; 0 (0)                     ; 0                 ; 0          ; 0    ; 0            ; |de10_standard|soc:u_soc|axi_slave_top:crypto_accelerator|axi_slave_core:u_core|ro_puf_core:u_puf|ro_bank:u_ro_bank|ro_cell:RO_ARRAY[28].u_ro                                            ; ro_cell                ; work         ;
;                   |ro_cell:RO_ARRAY[29].u_ro|                 ; 1 (1)               ; 0 (0)                     ; 0                 ; 0          ; 0    ; 0            ; |de10_standard|soc:u_soc|axi_slave_top:crypto_accelerator|axi_slave_core:u_core|ro_puf_core:u_puf|ro_bank:u_ro_bank|ro_cell:RO_ARRAY[29].u_ro                                            ; ro_cell                ; work         ;
;                   |ro_cell:RO_ARRAY[2].u_ro|                  ; 1 (1)               ; 0 (0)                     ; 0                 ; 0          ; 0    ; 0            ; |de10_standard|soc:u_soc|axi_slave_top:crypto_accelerator|axi_slave_core:u_core|ro_puf_core:u_puf|ro_bank:u_ro_bank|ro_cell:RO_ARRAY[2].u_ro                                             ; ro_cell                ; work         ;
;                   |ro_cell:RO_ARRAY[30].u_ro|                 ; 1 (1)               ; 0 (0)                     ; 0                 ; 0          ; 0    ; 0            ; |de10_standard|soc:u_soc|axi_slave_top:crypto_accelerator|axi_slave_core:u_core|ro_puf_core:u_puf|ro_bank:u_ro_bank|ro_cell:RO_ARRAY[30].u_ro                                            ; ro_cell                ; work         ;
;                   |ro_cell:RO_ARRAY[31].u_ro|                 ; 1 (1)               ; 0 (0)                     ; 0                 ; 0          ; 0    ; 0            ; |de10_standard|soc:u_soc|axi_slave_top:crypto_accelerator|axi_slave_core:u_core|ro_puf_core:u_puf|ro_bank:u_ro_bank|ro_cell:RO_ARRAY[31].u_ro                                            ; ro_cell                ; work         ;
;                   |ro_cell:RO_ARRAY[32].u_ro|                 ; 1 (1)               ; 0 (0)                     ; 0                 ; 0          ; 0    ; 0            ; |de10_standard|soc:u_soc|axi_slave_top:crypto_accelerator|axi_slave_core:u_core|ro_puf_core:u_puf|ro_bank:u_ro_bank|ro_cell:RO_ARRAY[32].u_ro                                            ; ro_cell                ; work         ;
;                   |ro_cell:RO_ARRAY[33].u_ro|                 ; 1 (1)               ; 0 (0)                     ; 0                 ; 0          ; 0    ; 0            ; |de10_standard|soc:u_soc|axi_slave_top:crypto_accelerator|axi_slave_core:u_core|ro_puf_core:u_puf|ro_bank:u_ro_bank|ro_cell:RO_ARRAY[33].u_ro                                            ; ro_cell                ; work         ;
;                   |ro_cell:RO_ARRAY[34].u_ro|                 ; 1 (1)               ; 0 (0)                     ; 0                 ; 0          ; 0    ; 0            ; |de10_standard|soc:u_soc|axi_slave_top:crypto_accelerator|axi_slave_core:u_core|ro_puf_core:u_puf|ro_bank:u_ro_bank|ro_cell:RO_ARRAY[34].u_ro                                            ; ro_cell                ; work         ;
;                   |ro_cell:RO_ARRAY[35].u_ro|                 ; 1 (1)               ; 0 (0)                     ; 0                 ; 0          ; 0    ; 0            ; |de10_standard|soc:u_soc|axi_slave_top:crypto_accelerator|axi_slave_core:u_core|ro_puf_core:u_puf|ro_bank:u_ro_bank|ro_cell:RO_ARRAY[35].u_ro                                            ; ro_cell                ; work         ;
;                   |ro_cell:RO_ARRAY[36].u_ro|                 ; 1 (1)               ; 0 (0)                     ; 0                 ; 0          ; 0    ; 0            ; |de10_standard|soc:u_soc|axi_slave_top:crypto_accelerator|axi_slave_core:u_core|ro_puf_core:u_puf|ro_bank:u_ro_bank|ro_cell:RO_ARRAY[36].u_ro                                            ; ro_cell                ; work         ;
;                   |ro_cell:RO_ARRAY[37].u_ro|                 ; 1 (1)               ; 0 (0)                     ; 0                 ; 0          ; 0    ; 0            ; |de10_standard|soc:u_soc|axi_slave_top:crypto_accelerator|axi_slave_core:u_core|ro_puf_core:u_puf|ro_bank:u_ro_bank|ro_cell:RO_ARRAY[37].u_ro                                            ; ro_cell                ; work         ;
;                   |ro_cell:RO_ARRAY[38].u_ro|                 ; 1 (1)               ; 0 (0)                     ; 0                 ; 0          ; 0    ; 0            ; |de10_standard|soc:u_soc|axi_slave_top:crypto_accelerator|axi_slave_core:u_core|ro_puf_core:u_puf|ro_bank:u_ro_bank|ro_cell:RO_ARRAY[38].u_ro                                            ; ro_cell                ; work         ;
;                   |ro_cell:RO_ARRAY[39].u_ro|                 ; 1 (1)               ; 0 (0)                     ; 0                 ; 0          ; 0    ; 0            ; |de10_standard|soc:u_soc|axi_slave_top:crypto_accelerator|axi_slave_core:u_core|ro_puf_core:u_puf|ro_bank:u_ro_bank|ro_cell:RO_ARRAY[39].u_ro                                            ; ro_cell                ; work         ;
;                   |ro_cell:RO_ARRAY[3].u_ro|                  ; 1 (1)               ; 0 (0)                     ; 0                 ; 0          ; 0    ; 0            ; |de10_standard|soc:u_soc|axi_slave_top:crypto_accelerator|axi_slave_core:u_core|ro_puf_core:u_puf|ro_bank:u_ro_bank|ro_cell:RO_ARRAY[3].u_ro                                             ; ro_cell                ; work         ;
;                   |ro_cell:RO_ARRAY[40].u_ro|                 ; 1 (1)               ; 0 (0)                     ; 0                 ; 0          ; 0    ; 0            ; |de10_standard|soc:u_soc|axi_slave_top:crypto_accelerator|axi_slave_core:u_core|ro_puf_core:u_puf|ro_bank:u_ro_bank|ro_cell:RO_ARRAY[40].u_ro                                            ; ro_cell                ; work         ;
;                   |ro_cell:RO_ARRAY[41].u_ro|                 ; 1 (1)               ; 0 (0)                     ; 0                 ; 0          ; 0    ; 0            ; |de10_standard|soc:u_soc|axi_slave_top:crypto_accelerator|axi_slave_core:u_core|ro_puf_core:u_puf|ro_bank:u_ro_bank|ro_cell:RO_ARRAY[41].u_ro                                            ; ro_cell                ; work         ;
;                   |ro_cell:RO_ARRAY[42].u_ro|                 ; 1 (1)               ; 0 (0)                     ; 0                 ; 0          ; 0    ; 0            ; |de10_standard|soc:u_soc|axi_slave_top:crypto_accelerator|axi_slave_core:u_core|ro_puf_core:u_puf|ro_bank:u_ro_bank|ro_cell:RO_ARRAY[42].u_ro                                            ; ro_cell                ; work         ;
;                   |ro_cell:RO_ARRAY[43].u_ro|                 ; 1 (1)               ; 0 (0)                     ; 0                 ; 0          ; 0    ; 0            ; |de10_standard|soc:u_soc|axi_slave_top:crypto_accelerator|axi_slave_core:u_core|ro_puf_core:u_puf|ro_bank:u_ro_bank|ro_cell:RO_ARRAY[43].u_ro                                            ; ro_cell                ; work         ;
;                   |ro_cell:RO_ARRAY[44].u_ro|                 ; 1 (1)               ; 0 (0)                     ; 0                 ; 0          ; 0    ; 0            ; |de10_standard|soc:u_soc|axi_slave_top:crypto_accelerator|axi_slave_core:u_core|ro_puf_core:u_puf|ro_bank:u_ro_bank|ro_cell:RO_ARRAY[44].u_ro                                            ; ro_cell                ; work         ;
;                   |ro_cell:RO_ARRAY[45].u_ro|                 ; 1 (1)               ; 0 (0)                     ; 0                 ; 0          ; 0    ; 0            ; |de10_standard|soc:u_soc|axi_slave_top:crypto_accelerator|axi_slave_core:u_core|ro_puf_core:u_puf|ro_bank:u_ro_bank|ro_cell:RO_ARRAY[45].u_ro                                            ; ro_cell                ; work         ;
;                   |ro_cell:RO_ARRAY[46].u_ro|                 ; 1 (1)               ; 0 (0)                     ; 0                 ; 0          ; 0    ; 0            ; |de10_standard|soc:u_soc|axi_slave_top:crypto_accelerator|axi_slave_core:u_core|ro_puf_core:u_puf|ro_bank:u_ro_bank|ro_cell:RO_ARRAY[46].u_ro                                            ; ro_cell                ; work         ;
;                   |ro_cell:RO_ARRAY[47].u_ro|                 ; 1 (1)               ; 0 (0)                     ; 0                 ; 0          ; 0    ; 0            ; |de10_standard|soc:u_soc|axi_slave_top:crypto_accelerator|axi_slave_core:u_core|ro_puf_core:u_puf|ro_bank:u_ro_bank|ro_cell:RO_ARRAY[47].u_ro                                            ; ro_cell                ; work         ;
;                   |ro_cell:RO_ARRAY[48].u_ro|                 ; 1 (1)               ; 0 (0)                     ; 0                 ; 0          ; 0    ; 0            ; |de10_standard|soc:u_soc|axi_slave_top:crypto_accelerator|axi_slave_core:u_core|ro_puf_core:u_puf|ro_bank:u_ro_bank|ro_cell:RO_ARRAY[48].u_ro                                            ; ro_cell                ; work         ;
;                   |ro_cell:RO_ARRAY[49].u_ro|                 ; 1 (1)               ; 0 (0)                     ; 0                 ; 0          ; 0    ; 0            ; |de10_standard|soc:u_soc|axi_slave_top:crypto_accelerator|axi_slave_core:u_core|ro_puf_core:u_puf|ro_bank:u_ro_bank|ro_cell:RO_ARRAY[49].u_ro                                            ; ro_cell                ; work         ;
;                   |ro_cell:RO_ARRAY[4].u_ro|                  ; 1 (1)               ; 0 (0)                     ; 0                 ; 0          ; 0    ; 0            ; |de10_standard|soc:u_soc|axi_slave_top:crypto_accelerator|axi_slave_core:u_core|ro_puf_core:u_puf|ro_bank:u_ro_bank|ro_cell:RO_ARRAY[4].u_ro                                             ; ro_cell                ; work         ;
;                   |ro_cell:RO_ARRAY[50].u_ro|                 ; 1 (1)               ; 0 (0)                     ; 0                 ; 0          ; 0    ; 0            ; |de10_standard|soc:u_soc|axi_slave_top:crypto_accelerator|axi_slave_core:u_core|ro_puf_core:u_puf|ro_bank:u_ro_bank|ro_cell:RO_ARRAY[50].u_ro                                            ; ro_cell                ; work         ;
;                   |ro_cell:RO_ARRAY[51].u_ro|                 ; 1 (1)               ; 0 (0)                     ; 0                 ; 0          ; 0    ; 0            ; |de10_standard|soc:u_soc|axi_slave_top:crypto_accelerator|axi_slave_core:u_core|ro_puf_core:u_puf|ro_bank:u_ro_bank|ro_cell:RO_ARRAY[51].u_ro                                            ; ro_cell                ; work         ;
;                   |ro_cell:RO_ARRAY[52].u_ro|                 ; 1 (1)               ; 0 (0)                     ; 0                 ; 0          ; 0    ; 0            ; |de10_standard|soc:u_soc|axi_slave_top:crypto_accelerator|axi_slave_core:u_core|ro_puf_core:u_puf|ro_bank:u_ro_bank|ro_cell:RO_ARRAY[52].u_ro                                            ; ro_cell                ; work         ;
;                   |ro_cell:RO_ARRAY[53].u_ro|                 ; 1 (1)               ; 0 (0)                     ; 0                 ; 0          ; 0    ; 0            ; |de10_standard|soc:u_soc|axi_slave_top:crypto_accelerator|axi_slave_core:u_core|ro_puf_core:u_puf|ro_bank:u_ro_bank|ro_cell:RO_ARRAY[53].u_ro                                            ; ro_cell                ; work         ;
;                   |ro_cell:RO_ARRAY[54].u_ro|                 ; 1 (1)               ; 0 (0)                     ; 0                 ; 0          ; 0    ; 0            ; |de10_standard|soc:u_soc|axi_slave_top:crypto_accelerator|axi_slave_core:u_core|ro_puf_core:u_puf|ro_bank:u_ro_bank|ro_cell:RO_ARRAY[54].u_ro                                            ; ro_cell                ; work         ;
;                   |ro_cell:RO_ARRAY[55].u_ro|                 ; 1 (1)               ; 0 (0)                     ; 0                 ; 0          ; 0    ; 0            ; |de10_standard|soc:u_soc|axi_slave_top:crypto_accelerator|axi_slave_core:u_core|ro_puf_core:u_puf|ro_bank:u_ro_bank|ro_cell:RO_ARRAY[55].u_ro                                            ; ro_cell                ; work         ;
;                   |ro_cell:RO_ARRAY[56].u_ro|                 ; 1 (1)               ; 0 (0)                     ; 0                 ; 0          ; 0    ; 0            ; |de10_standard|soc:u_soc|axi_slave_top:crypto_accelerator|axi_slave_core:u_core|ro_puf_core:u_puf|ro_bank:u_ro_bank|ro_cell:RO_ARRAY[56].u_ro                                            ; ro_cell                ; work         ;
;                   |ro_cell:RO_ARRAY[57].u_ro|                 ; 1 (1)               ; 0 (0)                     ; 0                 ; 0          ; 0    ; 0            ; |de10_standard|soc:u_soc|axi_slave_top:crypto_accelerator|axi_slave_core:u_core|ro_puf_core:u_puf|ro_bank:u_ro_bank|ro_cell:RO_ARRAY[57].u_ro                                            ; ro_cell                ; work         ;
;                   |ro_cell:RO_ARRAY[58].u_ro|                 ; 1 (1)               ; 0 (0)                     ; 0                 ; 0          ; 0    ; 0            ; |de10_standard|soc:u_soc|axi_slave_top:crypto_accelerator|axi_slave_core:u_core|ro_puf_core:u_puf|ro_bank:u_ro_bank|ro_cell:RO_ARRAY[58].u_ro                                            ; ro_cell                ; work         ;
;                   |ro_cell:RO_ARRAY[59].u_ro|                 ; 1 (1)               ; 0 (0)                     ; 0                 ; 0          ; 0    ; 0            ; |de10_standard|soc:u_soc|axi_slave_top:crypto_accelerator|axi_slave_core:u_core|ro_puf_core:u_puf|ro_bank:u_ro_bank|ro_cell:RO_ARRAY[59].u_ro                                            ; ro_cell                ; work         ;
;                   |ro_cell:RO_ARRAY[5].u_ro|                  ; 1 (1)               ; 0 (0)                     ; 0                 ; 0          ; 0    ; 0            ; |de10_standard|soc:u_soc|axi_slave_top:crypto_accelerator|axi_slave_core:u_core|ro_puf_core:u_puf|ro_bank:u_ro_bank|ro_cell:RO_ARRAY[5].u_ro                                             ; ro_cell                ; work         ;
;                   |ro_cell:RO_ARRAY[60].u_ro|                 ; 1 (1)               ; 0 (0)                     ; 0                 ; 0          ; 0    ; 0            ; |de10_standard|soc:u_soc|axi_slave_top:crypto_accelerator|axi_slave_core:u_core|ro_puf_core:u_puf|ro_bank:u_ro_bank|ro_cell:RO_ARRAY[60].u_ro                                            ; ro_cell                ; work         ;
;                   |ro_cell:RO_ARRAY[61].u_ro|                 ; 1 (1)               ; 0 (0)                     ; 0                 ; 0          ; 0    ; 0            ; |de10_standard|soc:u_soc|axi_slave_top:crypto_accelerator|axi_slave_core:u_core|ro_puf_core:u_puf|ro_bank:u_ro_bank|ro_cell:RO_ARRAY[61].u_ro                                            ; ro_cell                ; work         ;
;                   |ro_cell:RO_ARRAY[62].u_ro|                 ; 1 (1)               ; 0 (0)                     ; 0                 ; 0          ; 0    ; 0            ; |de10_standard|soc:u_soc|axi_slave_top:crypto_accelerator|axi_slave_core:u_core|ro_puf_core:u_puf|ro_bank:u_ro_bank|ro_cell:RO_ARRAY[62].u_ro                                            ; ro_cell                ; work         ;
;                   |ro_cell:RO_ARRAY[63].u_ro|                 ; 1 (1)               ; 0 (0)                     ; 0                 ; 0          ; 0    ; 0            ; |de10_standard|soc:u_soc|axi_slave_top:crypto_accelerator|axi_slave_core:u_core|ro_puf_core:u_puf|ro_bank:u_ro_bank|ro_cell:RO_ARRAY[63].u_ro                                            ; ro_cell                ; work         ;
;                   |ro_cell:RO_ARRAY[6].u_ro|                  ; 1 (1)               ; 0 (0)                     ; 0                 ; 0          ; 0    ; 0            ; |de10_standard|soc:u_soc|axi_slave_top:crypto_accelerator|axi_slave_core:u_core|ro_puf_core:u_puf|ro_bank:u_ro_bank|ro_cell:RO_ARRAY[6].u_ro                                             ; ro_cell                ; work         ;
;                   |ro_cell:RO_ARRAY[7].u_ro|                  ; 1 (1)               ; 0 (0)                     ; 0                 ; 0          ; 0    ; 0            ; |de10_standard|soc:u_soc|axi_slave_top:crypto_accelerator|axi_slave_core:u_core|ro_puf_core:u_puf|ro_bank:u_ro_bank|ro_cell:RO_ARRAY[7].u_ro                                             ; ro_cell                ; work         ;
;                   |ro_cell:RO_ARRAY[8].u_ro|                  ; 1 (1)               ; 0 (0)                     ; 0                 ; 0          ; 0    ; 0            ; |de10_standard|soc:u_soc|axi_slave_top:crypto_accelerator|axi_slave_core:u_core|ro_puf_core:u_puf|ro_bank:u_ro_bank|ro_cell:RO_ARRAY[8].u_ro                                             ; ro_cell                ; work         ;
;                   |ro_cell:RO_ARRAY[9].u_ro|                  ; 1 (1)               ; 0 (0)                     ; 0                 ; 0          ; 0    ; 0            ; |de10_standard|soc:u_soc|axi_slave_top:crypto_accelerator|axi_slave_core:u_core|ro_puf_core:u_puf|ro_bank:u_ro_bank|ro_cell:RO_ARRAY[9].u_ro                                             ; ro_cell                ; work         ;
;             |sha256_top:u_sha256|                             ; 1880 (616)          ; 1548 (514)                ; 0                 ; 0          ; 0    ; 0            ; |de10_standard|soc:u_soc|axi_slave_top:crypto_accelerator|axi_slave_core:u_core|sha256_top:u_sha256                                                                                      ; sha256_top             ; work         ;
;                |sha256:sha256_core|                           ; 1264 (922)          ; 1034 (522)                ; 0                 ; 0          ; 0    ; 0            ; |de10_standard|soc:u_soc|axi_slave_top:crypto_accelerator|axi_slave_core:u_core|sha256_top:u_sha256|sha256:sha256_core                                                                   ; sha256                 ; work         ;
;                   |sha256_k_constant:k_constant|              ; 32 (32)             ; 0 (0)                     ; 0                 ; 0          ; 0    ; 0            ; |de10_standard|soc:u_soc|axi_slave_top:crypto_accelerator|axi_slave_core:u_core|sha256_top:u_sha256|sha256:sha256_core|sha256_k_constant:k_constant                                      ; sha256_k_constant      ; work         ;
;                   |sha256_m_schedule:m_schedule|              ; 310 (310)           ; 512 (512)                 ; 0                 ; 0          ; 0    ; 0            ; |de10_standard|soc:u_soc|axi_slave_top:crypto_accelerator|axi_slave_core:u_core|sha256_top:u_sha256|sha256:sha256_core|sha256_m_schedule:m_schedule                                      ; sha256_m_schedule      ; work         ;
;          |control_fsm:u_fsm|                                  ; 54 (54)             ; 34 (34)                   ; 0                 ; 0          ; 0    ; 0            ; |de10_standard|soc:u_soc|axi_slave_top:crypto_accelerator|control_fsm:u_fsm                                                                                                              ; control_fsm            ; work         ;
;       |rv32_axi_master:axi_master_inst|                       ; 22 (22)             ; 91 (91)                   ; 0                 ; 0          ; 0    ; 0            ; |de10_standard|soc:u_soc|rv32_axi_master:axi_master_inst                                                                                                                                 ; rv32_axi_master        ; work         ;
+---------------------------------------------------------------+---------------------+---------------------------+-------------------+------------+------+--------------+------------------------------------------------------------------------------------------------------------------------------------------------------------------------------------------+------------------------+--------------+
Note: For table entries with two numbers listed, the numbers in parentheses indicate the number of resources of the given type used by the specific entity alone. The numbers listed outside of parentheses indicate the total resources of the given type used by the specific entity and all of its sub-entities in the hierarchy.


Encoding Type:  One-Hot
+------------------------------------------------------------------------------------------------------------------------------------------------------------------------------------------------------------------------------------------------+
; State Machine - |de10_standard|soc:u_soc|axi_slave_top:crypto_accelerator|axi_slave_core:u_core|aes:u_aes|phase                                                                                                                                ;
+--------------------+--------------------+--------------+--------------+-------------+-------------+--------------------+--------------------+-------------------+--------------------+--------------------+--------------------+---------------+
; Name               ; phase.PH_ROUND_END ; phase.PH_IMC ; phase.PH_ARK ; phase.PH_MC ; phase.PH_SB ; phase.PH_RND_ENTRY ; phase.PH_KEXP_STEP ; phase.PH_KEXP_XOR ; phase.PH_KEXP_SBOX ; phase.PH_KEXP_PREP ; phase.PH_KEXP_LOAD ; phase.PH_IDLE ;
+--------------------+--------------------+--------------+--------------+-------------+-------------+--------------------+--------------------+-------------------+--------------------+--------------------+--------------------+---------------+
; phase.PH_IDLE      ; 0                  ; 0            ; 0            ; 0           ; 0           ; 0                  ; 0                  ; 0                 ; 0                  ; 0                  ; 0                  ; 0             ;
; phase.PH_KEXP_LOAD ; 0                  ; 0            ; 0            ; 0           ; 0           ; 0                  ; 0                  ; 0                 ; 0                  ; 0                  ; 1                  ; 1             ;
; phase.PH_KEXP_PREP ; 0                  ; 0            ; 0            ; 0           ; 0           ; 0                  ; 0                  ; 0                 ; 0                  ; 1                  ; 0                  ; 1             ;
; phase.PH_KEXP_SBOX ; 0                  ; 0            ; 0            ; 0           ; 0           ; 0                  ; 0                  ; 0                 ; 1                  ; 0                  ; 0                  ; 1             ;
; phase.PH_KEXP_XOR  ; 0                  ; 0            ; 0            ; 0           ; 0           ; 0                  ; 0                  ; 1                 ; 0                  ; 0                  ; 0                  ; 1             ;
; phase.PH_KEXP_STEP ; 0                  ; 0            ; 0            ; 0           ; 0           ; 0                  ; 1                  ; 0                 ; 0                  ; 0                  ; 0                  ; 1             ;
; phase.PH_RND_ENTRY ; 0                  ; 0            ; 0            ; 0           ; 0           ; 1                  ; 0                  ; 0                 ; 0                  ; 0                  ; 0                  ; 1             ;
; phase.PH_SB        ; 0                  ; 0            ; 0            ; 0           ; 1           ; 0                  ; 0                  ; 0                 ; 0                  ; 0                  ; 0                  ; 1             ;
; phase.PH_MC        ; 0                  ; 0            ; 0            ; 1           ; 0           ; 0                  ; 0                  ; 0                 ; 0                  ; 0                  ; 0                  ; 1             ;
; phase.PH_ARK       ; 0                  ; 0            ; 1            ; 0           ; 0           ; 0                  ; 0                  ; 0                 ; 0                  ; 0                  ; 0                  ; 1             ;
; phase.PH_IMC       ; 0                  ; 1            ; 0            ; 0           ; 0           ; 0                  ; 0                  ; 0                 ; 0                  ; 0                  ; 0                  ; 1             ;
; phase.PH_ROUND_END ; 1                  ; 0            ; 0            ; 0           ; 0           ; 0                  ; 0                  ; 0                 ; 0                  ; 0                  ; 0                  ; 1             ;
+--------------------+--------------------+--------------+--------------+-------------+-------------+--------------------+--------------------+-------------------+--------------------+--------------------+--------------------+---------------+


Encoding Type:  One-Hot
+---------------------------------------------------------------------------------------------------------------------------------+
; State Machine - |de10_standard|soc:u_soc|axi_slave_top:crypto_accelerator|axi_slave_core:u_core|ro_puf_core:u_puf|current_state ;
+--------------------------+-----------------------+--------------------------+---------------------------------------------------+
; Name                     ; current_state.ST_IDLE ; current_state.ST_PROCESS ; current_state.ST_MEASURE                          ;
+--------------------------+-----------------------+--------------------------+---------------------------------------------------+
; current_state.ST_IDLE    ; 0                     ; 0                        ; 0                                                 ;
; current_state.ST_MEASURE ; 1                     ; 0                        ; 1                                                 ;
; current_state.ST_PROCESS ; 1                     ; 1                        ; 0                                                 ;
+--------------------------+-----------------------+--------------------------+---------------------------------------------------+


Encoding Type:  One-Hot
+-------------------------------------------------------------------------------------------------------------------------------------------------------------------------------------------------------------+
; State Machine - |de10_standard|soc:u_soc|axi_slave_top:crypto_accelerator|axi_slave_core:u_core|ro_puf_core:u_puf|measurement_engine:u_measurement_engine|measurement_controller:u_controller|current_state ;
+---------------------------+-----------------------+---------------------------+-------------------------+--------------------------+------------------------+-----------------------------------------------+
; Name                      ; current_state.ST_DONE ; current_state.ST_SNAPSHOT ; current_state.ST_FREEZE ; current_state.ST_MEASURE ; current_state.ST_RESET ; current_state.ST_IDLE                         ;
+---------------------------+-----------------------+---------------------------+-------------------------+--------------------------+------------------------+-----------------------------------------------+
; current_state.ST_IDLE     ; 0                     ; 0                         ; 0                       ; 0                        ; 0                      ; 0                                             ;
; current_state.ST_RESET    ; 0                     ; 0                         ; 0                       ; 0                        ; 1                      ; 1                                             ;
; current_state.ST_MEASURE  ; 0                     ; 0                         ; 0                       ; 1                        ; 0                      ; 1                                             ;
; current_state.ST_FREEZE   ; 0                     ; 0                         ; 1                       ; 0                        ; 0                      ; 1                                             ;
; current_state.ST_SNAPSHOT ; 0                     ; 1                         ; 0                       ; 0                        ; 0                      ; 1                                             ;
; current_state.ST_DONE     ; 1                     ; 0                         ; 0                       ; 0                        ; 0                      ; 1                                             ;
+---------------------------+-----------------------+---------------------------+-------------------------+--------------------------+------------------------+-----------------------------------------------+


Encoding Type:  One-Hot
+--------------------------------------------------------------------------------------------------------------------------------------------------------------------------------------------------------------------------------------------------------------------------------------------+
; State Machine - |de10_standard|soc:u_soc|axi_slave_top:crypto_accelerator|control_fsm:u_fsm|current_state                                                                                                                                                                                  ;
+------------------------+---------------------+--------------------+------------------------+-----------------------+------------------------+-----------------------+------------------------+-----------------------+------------------------+-----------------------+--------------------+
; Name                   ; current_state.ERROR ; current_state.DONE ; current_state.WAIT_AES ; current_state.RUN_AES ; current_state.WAIT_SHA ; current_state.RUN_SHA ; current_state.WAIT_ECC ; current_state.RUN_ECC ; current_state.WAIT_PUF ; current_state.RUN_PUF ; current_state.IDLE ;
+------------------------+---------------------+--------------------+------------------------+-----------------------+------------------------+-----------------------+------------------------+-----------------------+------------------------+-----------------------+--------------------+
; current_state.IDLE     ; 0                   ; 0                  ; 0                      ; 0                     ; 0                      ; 0                     ; 0                      ; 0                     ; 0                      ; 0                     ; 0                  ;
; current_state.RUN_PUF  ; 0                   ; 0                  ; 0                      ; 0                     ; 0                      ; 0                     ; 0                      ; 0                     ; 0                      ; 1                     ; 1                  ;
; current_state.WAIT_PUF ; 0                   ; 0                  ; 0                      ; 0                     ; 0                      ; 0                     ; 0                      ; 0                     ; 1                      ; 0                     ; 1                  ;
; current_state.RUN_ECC  ; 0                   ; 0                  ; 0                      ; 0                     ; 0                      ; 0                     ; 0                      ; 1                     ; 0                      ; 0                     ; 1                  ;
; current_state.WAIT_ECC ; 0                   ; 0                  ; 0                      ; 0                     ; 0                      ; 0                     ; 1                      ; 0                     ; 0                      ; 0                     ; 1                  ;
; current_state.RUN_SHA  ; 0                   ; 0                  ; 0                      ; 0                     ; 0                      ; 1                     ; 0                      ; 0                     ; 0                      ; 0                     ; 1                  ;
; current_state.WAIT_SHA ; 0                   ; 0                  ; 0                      ; 0                     ; 1                      ; 0                     ; 0                      ; 0                     ; 0                      ; 0                     ; 1                  ;
; current_state.RUN_AES  ; 0                   ; 0                  ; 0                      ; 1                     ; 0                      ; 0                     ; 0                      ; 0                     ; 0                      ; 0                     ; 1                  ;
; current_state.WAIT_AES ; 0                   ; 0                  ; 1                      ; 0                     ; 0                      ; 0                     ; 0                      ; 0                     ; 0                      ; 0                     ; 1                  ;
; current_state.DONE     ; 0                   ; 1                  ; 0                      ; 0                     ; 0                      ; 0                     ; 0                      ; 0                     ; 0                      ; 0                     ; 1                  ;
; current_state.ERROR    ; 1                   ; 0                  ; 0                      ; 0                     ; 0                      ; 0                     ; 0                      ; 0                     ; 0                      ; 0                     ; 1                  ;
+------------------------+---------------------+--------------------+------------------------+-----------------------+------------------------+-----------------------+------------------------+-----------------------+------------------------+-----------------------+--------------------+


Encoding Type:  One-Hot
+--------------------------------------------------------------------------------------------+
; State Machine - |de10_standard|soc:u_soc|rv32_axi_master:axi_master_inst|state             ;
+---------------+---------------+---------------+---------------+------------+---------------+
; Name          ; state.RD_ADDR ; state.WR_RESP ; state.WR_WAIT ; state.IDLE ; state.RD_DATA ;
+---------------+---------------+---------------+---------------+------------+---------------+
; state.IDLE    ; 0             ; 0             ; 0             ; 0          ; 0             ;
; state.WR_WAIT ; 0             ; 0             ; 1             ; 1          ; 0             ;
; state.WR_RESP ; 0             ; 1             ; 0             ; 1          ; 0             ;
; state.RD_ADDR ; 1             ; 0             ; 0             ; 1          ; 0             ;
; state.RD_DATA ; 0             ; 0             ; 0             ; 1          ; 1             ;
+---------------+---------------+---------------+---------------+------------+---------------+


Encoding Type:  One-Hot
+-------------------------------------------------------------------------------------------------------------+
; State Machine - |de10_standard|soc:u_soc|axi_slave_top:crypto_accelerator|axi_reg_bank:u_reg_bank|axi_bresp ;
+--------------+----------------------------------------------------------------------------------------------+
; Name         ; axi_bresp.10                                                                                 ;
+--------------+----------------------------------------------------------------------------------------------+
; axi_bresp.00 ; 0                                                                                            ;
; axi_bresp.10 ; 1                                                                                            ;
+--------------+----------------------------------------------------------------------------------------------+


Encoding Type:  One-Hot
+--------------------------------------------------------------------------------------------------------------------------------------------------+
; State Machine - |de10_standard|soc:u_soc|axi_slave_top:crypto_accelerator|axi_slave_core:u_core|sha256_top:u_sha256|sha256:sha256_core|state_reg ;
+------------------+----------------+----------------+---------------------------------------------------------------------------------------------+
; Name             ; state_reg.IDLE ; state_reg.DONE ; state_reg.ROUNDS                                                                            ;
+------------------+----------------+----------------+---------------------------------------------------------------------------------------------+
; state_reg.IDLE   ; 0              ; 0              ; 0                                                                                           ;
; state_reg.ROUNDS ; 1              ; 0              ; 1                                                                                           ;
; state_reg.DONE   ; 1              ; 1              ; 0                                                                                           ;
+------------------+----------------+----------------+---------------------------------------------------------------------------------------------+


+-------------------------------------------------------------------------------------------------------------------------------------------------+
; Logic Cells Representing Combinational Loops                                                                                                    ;
+--------------------------------------------------------------------------------------------------------------------------------------------+----+
; Logic Cell Name                                                                                                                            ;    ;
+--------------------------------------------------------------------------------------------------------------------------------------------+----+
; soc:u_soc|axi_slave_top:crypto_accelerator|axi_slave_core:u_core|ro_puf_core:u_puf|ro_bank:u_ro_bank|ro_cell:RO_ARRAY[0].u_ro|net_chain~1  ;    ;
; soc:u_soc|axi_slave_top:crypto_accelerator|axi_slave_core:u_core|ro_puf_core:u_puf|ro_bank:u_ro_bank|ro_cell:RO_ARRAY[1].u_ro|net_chain~1  ;    ;
; soc:u_soc|axi_slave_top:crypto_accelerator|axi_slave_core:u_core|ro_puf_core:u_puf|ro_bank:u_ro_bank|ro_cell:RO_ARRAY[2].u_ro|net_chain~1  ;    ;
; soc:u_soc|axi_slave_top:crypto_accelerator|axi_slave_core:u_core|ro_puf_core:u_puf|ro_bank:u_ro_bank|ro_cell:RO_ARRAY[3].u_ro|net_chain~1  ;    ;
; soc:u_soc|axi_slave_top:crypto_accelerator|axi_slave_core:u_core|ro_puf_core:u_puf|ro_bank:u_ro_bank|ro_cell:RO_ARRAY[4].u_ro|net_chain~1  ;    ;
; soc:u_soc|axi_slave_top:crypto_accelerator|axi_slave_core:u_core|ro_puf_core:u_puf|ro_bank:u_ro_bank|ro_cell:RO_ARRAY[5].u_ro|net_chain~1  ;    ;
; soc:u_soc|axi_slave_top:crypto_accelerator|axi_slave_core:u_core|ro_puf_core:u_puf|ro_bank:u_ro_bank|ro_cell:RO_ARRAY[6].u_ro|net_chain~1  ;    ;
; soc:u_soc|axi_slave_top:crypto_accelerator|axi_slave_core:u_core|ro_puf_core:u_puf|ro_bank:u_ro_bank|ro_cell:RO_ARRAY[7].u_ro|net_chain~1  ;    ;
; soc:u_soc|axi_slave_top:crypto_accelerator|axi_slave_core:u_core|ro_puf_core:u_puf|ro_bank:u_ro_bank|ro_cell:RO_ARRAY[8].u_ro|net_chain~1  ;    ;
; soc:u_soc|axi_slave_top:crypto_accelerator|axi_slave_core:u_core|ro_puf_core:u_puf|ro_bank:u_ro_bank|ro_cell:RO_ARRAY[9].u_ro|net_chain~1  ;    ;
; soc:u_soc|axi_slave_top:crypto_accelerator|axi_slave_core:u_core|ro_puf_core:u_puf|ro_bank:u_ro_bank|ro_cell:RO_ARRAY[10].u_ro|net_chain~1 ;    ;
; soc:u_soc|axi_slave_top:crypto_accelerator|axi_slave_core:u_core|ro_puf_core:u_puf|ro_bank:u_ro_bank|ro_cell:RO_ARRAY[11].u_ro|net_chain~1 ;    ;
; soc:u_soc|axi_slave_top:crypto_accelerator|axi_slave_core:u_core|ro_puf_core:u_puf|ro_bank:u_ro_bank|ro_cell:RO_ARRAY[12].u_ro|net_chain~1 ;    ;
; soc:u_soc|axi_slave_top:crypto_accelerator|axi_slave_core:u_core|ro_puf_core:u_puf|ro_bank:u_ro_bank|ro_cell:RO_ARRAY[13].u_ro|net_chain~1 ;    ;
; soc:u_soc|axi_slave_top:crypto_accelerator|axi_slave_core:u_core|ro_puf_core:u_puf|ro_bank:u_ro_bank|ro_cell:RO_ARRAY[14].u_ro|net_chain~1 ;    ;
; soc:u_soc|axi_slave_top:crypto_accelerator|axi_slave_core:u_core|ro_puf_core:u_puf|ro_bank:u_ro_bank|ro_cell:RO_ARRAY[15].u_ro|net_chain~1 ;    ;
; soc:u_soc|axi_slave_top:crypto_accelerator|axi_slave_core:u_core|ro_puf_core:u_puf|ro_bank:u_ro_bank|ro_cell:RO_ARRAY[16].u_ro|net_chain~1 ;    ;
; soc:u_soc|axi_slave_top:crypto_accelerator|axi_slave_core:u_core|ro_puf_core:u_puf|ro_bank:u_ro_bank|ro_cell:RO_ARRAY[20].u_ro|net_chain~1 ;    ;
; soc:u_soc|axi_slave_top:crypto_accelerator|axi_slave_core:u_core|ro_puf_core:u_puf|ro_bank:u_ro_bank|ro_cell:RO_ARRAY[24].u_ro|net_chain~1 ;    ;
; soc:u_soc|axi_slave_top:crypto_accelerator|axi_slave_core:u_core|ro_puf_core:u_puf|ro_bank:u_ro_bank|ro_cell:RO_ARRAY[28].u_ro|net_chain~1 ;    ;
; soc:u_soc|axi_slave_top:crypto_accelerator|axi_slave_core:u_core|ro_puf_core:u_puf|ro_bank:u_ro_bank|ro_cell:RO_ARRAY[17].u_ro|net_chain~1 ;    ;
; soc:u_soc|axi_slave_top:crypto_accelerator|axi_slave_core:u_core|ro_puf_core:u_puf|ro_bank:u_ro_bank|ro_cell:RO_ARRAY[21].u_ro|net_chain~1 ;    ;
; soc:u_soc|axi_slave_top:crypto_accelerator|axi_slave_core:u_core|ro_puf_core:u_puf|ro_bank:u_ro_bank|ro_cell:RO_ARRAY[25].u_ro|net_chain~1 ;    ;
; soc:u_soc|axi_slave_top:crypto_accelerator|axi_slave_core:u_core|ro_puf_core:u_puf|ro_bank:u_ro_bank|ro_cell:RO_ARRAY[29].u_ro|net_chain~1 ;    ;
; soc:u_soc|axi_slave_top:crypto_accelerator|axi_slave_core:u_core|ro_puf_core:u_puf|ro_bank:u_ro_bank|ro_cell:RO_ARRAY[18].u_ro|net_chain~1 ;    ;
; soc:u_soc|axi_slave_top:crypto_accelerator|axi_slave_core:u_core|ro_puf_core:u_puf|ro_bank:u_ro_bank|ro_cell:RO_ARRAY[22].u_ro|net_chain~1 ;    ;
; soc:u_soc|axi_slave_top:crypto_accelerator|axi_slave_core:u_core|ro_puf_core:u_puf|ro_bank:u_ro_bank|ro_cell:RO_ARRAY[26].u_ro|net_chain~1 ;    ;
; soc:u_soc|axi_slave_top:crypto_accelerator|axi_slave_core:u_core|ro_puf_core:u_puf|ro_bank:u_ro_bank|ro_cell:RO_ARRAY[30].u_ro|net_chain~1 ;    ;
; soc:u_soc|axi_slave_top:crypto_accelerator|axi_slave_core:u_core|ro_puf_core:u_puf|ro_bank:u_ro_bank|ro_cell:RO_ARRAY[19].u_ro|net_chain~1 ;    ;
; soc:u_soc|axi_slave_top:crypto_accelerator|axi_slave_core:u_core|ro_puf_core:u_puf|ro_bank:u_ro_bank|ro_cell:RO_ARRAY[23].u_ro|net_chain~1 ;    ;
; soc:u_soc|axi_slave_top:crypto_accelerator|axi_slave_core:u_core|ro_puf_core:u_puf|ro_bank:u_ro_bank|ro_cell:RO_ARRAY[27].u_ro|net_chain~1 ;    ;
; soc:u_soc|axi_slave_top:crypto_accelerator|axi_slave_core:u_core|ro_puf_core:u_puf|ro_bank:u_ro_bank|ro_cell:RO_ARRAY[31].u_ro|net_chain~1 ;    ;
; soc:u_soc|axi_slave_top:crypto_accelerator|axi_slave_core:u_core|ro_puf_core:u_puf|ro_bank:u_ro_bank|ro_cell:RO_ARRAY[32].u_ro|net_chain~1 ;    ;
; soc:u_soc|axi_slave_top:crypto_accelerator|axi_slave_core:u_core|ro_puf_core:u_puf|ro_bank:u_ro_bank|ro_cell:RO_ARRAY[33].u_ro|net_chain~1 ;    ;
; soc:u_soc|axi_slave_top:crypto_accelerator|axi_slave_core:u_core|ro_puf_core:u_puf|ro_bank:u_ro_bank|ro_cell:RO_ARRAY[34].u_ro|net_chain~1 ;    ;
; soc:u_soc|axi_slave_top:crypto_accelerator|axi_slave_core:u_core|ro_puf_core:u_puf|ro_bank:u_ro_bank|ro_cell:RO_ARRAY[35].u_ro|net_chain~1 ;    ;
; soc:u_soc|axi_slave_top:crypto_accelerator|axi_slave_core:u_core|ro_puf_core:u_puf|ro_bank:u_ro_bank|ro_cell:RO_ARRAY[36].u_ro|net_chain~1 ;    ;
; soc:u_soc|axi_slave_top:crypto_accelerator|axi_slave_core:u_core|ro_puf_core:u_puf|ro_bank:u_ro_bank|ro_cell:RO_ARRAY[37].u_ro|net_chain~1 ;    ;
; soc:u_soc|axi_slave_top:crypto_accelerator|axi_slave_core:u_core|ro_puf_core:u_puf|ro_bank:u_ro_bank|ro_cell:RO_ARRAY[38].u_ro|net_chain~1 ;    ;
; soc:u_soc|axi_slave_top:crypto_accelerator|axi_slave_core:u_core|ro_puf_core:u_puf|ro_bank:u_ro_bank|ro_cell:RO_ARRAY[39].u_ro|net_chain~1 ;    ;
; soc:u_soc|axi_slave_top:crypto_accelerator|axi_slave_core:u_core|ro_puf_core:u_puf|ro_bank:u_ro_bank|ro_cell:RO_ARRAY[40].u_ro|net_chain~1 ;    ;
; soc:u_soc|axi_slave_top:crypto_accelerator|axi_slave_core:u_core|ro_puf_core:u_puf|ro_bank:u_ro_bank|ro_cell:RO_ARRAY[41].u_ro|net_chain~1 ;    ;
; soc:u_soc|axi_slave_top:crypto_accelerator|axi_slave_core:u_core|ro_puf_core:u_puf|ro_bank:u_ro_bank|ro_cell:RO_ARRAY[42].u_ro|net_chain~1 ;    ;
; soc:u_soc|axi_slave_top:crypto_accelerator|axi_slave_core:u_core|ro_puf_core:u_puf|ro_bank:u_ro_bank|ro_cell:RO_ARRAY[43].u_ro|net_chain~1 ;    ;
; soc:u_soc|axi_slave_top:crypto_accelerator|axi_slave_core:u_core|ro_puf_core:u_puf|ro_bank:u_ro_bank|ro_cell:RO_ARRAY[44].u_ro|net_chain~1 ;    ;
; soc:u_soc|axi_slave_top:crypto_accelerator|axi_slave_core:u_core|ro_puf_core:u_puf|ro_bank:u_ro_bank|ro_cell:RO_ARRAY[45].u_ro|net_chain~1 ;    ;
; soc:u_soc|axi_slave_top:crypto_accelerator|axi_slave_core:u_core|ro_puf_core:u_puf|ro_bank:u_ro_bank|ro_cell:RO_ARRAY[46].u_ro|net_chain~1 ;    ;
; soc:u_soc|axi_slave_top:crypto_accelerator|axi_slave_core:u_core|ro_puf_core:u_puf|ro_bank:u_ro_bank|ro_cell:RO_ARRAY[47].u_ro|net_chain~1 ;    ;
; soc:u_soc|axi_slave_top:crypto_accelerator|axi_slave_core:u_core|ro_puf_core:u_puf|ro_bank:u_ro_bank|ro_cell:RO_ARRAY[48].u_ro|net_chain~1 ;    ;
; soc:u_soc|axi_slave_top:crypto_accelerator|axi_slave_core:u_core|ro_puf_core:u_puf|ro_bank:u_ro_bank|ro_cell:RO_ARRAY[52].u_ro|net_chain~1 ;    ;
; soc:u_soc|axi_slave_top:crypto_accelerator|axi_slave_core:u_core|ro_puf_core:u_puf|ro_bank:u_ro_bank|ro_cell:RO_ARRAY[56].u_ro|net_chain~1 ;    ;
; soc:u_soc|axi_slave_top:crypto_accelerator|axi_slave_core:u_core|ro_puf_core:u_puf|ro_bank:u_ro_bank|ro_cell:RO_ARRAY[60].u_ro|net_chain~1 ;    ;
; soc:u_soc|axi_slave_top:crypto_accelerator|axi_slave_core:u_core|ro_puf_core:u_puf|ro_bank:u_ro_bank|ro_cell:RO_ARRAY[49].u_ro|net_chain~1 ;    ;
; soc:u_soc|axi_slave_top:crypto_accelerator|axi_slave_core:u_core|ro_puf_core:u_puf|ro_bank:u_ro_bank|ro_cell:RO_ARRAY[53].u_ro|net_chain~1 ;    ;
; soc:u_soc|axi_slave_top:crypto_accelerator|axi_slave_core:u_core|ro_puf_core:u_puf|ro_bank:u_ro_bank|ro_cell:RO_ARRAY[57].u_ro|net_chain~1 ;    ;
; soc:u_soc|axi_slave_top:crypto_accelerator|axi_slave_core:u_core|ro_puf_core:u_puf|ro_bank:u_ro_bank|ro_cell:RO_ARRAY[61].u_ro|net_chain~1 ;    ;
; soc:u_soc|axi_slave_top:crypto_accelerator|axi_slave_core:u_core|ro_puf_core:u_puf|ro_bank:u_ro_bank|ro_cell:RO_ARRAY[50].u_ro|net_chain~1 ;    ;
; soc:u_soc|axi_slave_top:crypto_accelerator|axi_slave_core:u_core|ro_puf_core:u_puf|ro_bank:u_ro_bank|ro_cell:RO_ARRAY[54].u_ro|net_chain~1 ;    ;
; soc:u_soc|axi_slave_top:crypto_accelerator|axi_slave_core:u_core|ro_puf_core:u_puf|ro_bank:u_ro_bank|ro_cell:RO_ARRAY[58].u_ro|net_chain~1 ;    ;
; soc:u_soc|axi_slave_top:crypto_accelerator|axi_slave_core:u_core|ro_puf_core:u_puf|ro_bank:u_ro_bank|ro_cell:RO_ARRAY[62].u_ro|net_chain~1 ;    ;
; soc:u_soc|axi_slave_top:crypto_accelerator|axi_slave_core:u_core|ro_puf_core:u_puf|ro_bank:u_ro_bank|ro_cell:RO_ARRAY[51].u_ro|net_chain~1 ;    ;
; soc:u_soc|axi_slave_top:crypto_accelerator|axi_slave_core:u_core|ro_puf_core:u_puf|ro_bank:u_ro_bank|ro_cell:RO_ARRAY[55].u_ro|net_chain~1 ;    ;
; soc:u_soc|axi_slave_top:crypto_accelerator|axi_slave_core:u_core|ro_puf_core:u_puf|ro_bank:u_ro_bank|ro_cell:RO_ARRAY[59].u_ro|net_chain~1 ;    ;
; soc:u_soc|axi_slave_top:crypto_accelerator|axi_slave_core:u_core|ro_puf_core:u_puf|ro_bank:u_ro_bank|ro_cell:RO_ARRAY[63].u_ro|net_chain~1 ;    ;
; Number of logic cells representing combinational loops                                                                                     ; 64 ;
+--------------------------------------------------------------------------------------------------------------------------------------------+----+
Note: All cells listed above may not be present at the end of synthesis due to various synthesis optimizations.


+----------------------------------------------------------------------------------------------------------------------------------------------------------------------------------------------------------------------------------------------------------------------------------+
; Registers Removed During Synthesis                                                                                                                                                                                                                                               ;
+--------------------------------------------------------------------------------------------------------------------------------------------------------------------------------+-------------------------------------------------------------------------------------------------+
; Register name                                                                                                                                                                  ; Reason for Removal                                                                              ;
+--------------------------------------------------------------------------------------------------------------------------------------------------------------------------------+-------------------------------------------------------------------------------------------------+
; soc:u_soc|axi_slave_top:crypto_accelerator|axi_slave_core:u_core|sha256_top:u_sha256|next_reg                                                                                  ; Stuck at GND due to stuck port data_in                                                          ;
; soc:u_soc|axi_slave_top:crypto_accelerator|axi_slave_core:u_core|sha256_top:u_sha256|next_pulse                                                                                ; Stuck at GND due to stuck port data_in                                                          ;
; soc:u_soc|axi_slave_top:crypto_accelerator|axi_reg_bank:u_reg_bank|w_latch_flag                                                                                                ; Merged with soc:u_soc|axi_slave_top:crypto_accelerator|axi_reg_bank:u_reg_bank|aw_latch_flag    ;
; soc:u_soc|axi_slave_top:crypto_accelerator|axi_reg_bank:u_reg_bank|axi_wstrb_reg[1..3]                                                                                         ; Merged with soc:u_soc|axi_slave_top:crypto_accelerator|axi_reg_bank:u_reg_bank|axi_wstrb_reg[0] ;
; soc:u_soc|rv32_axi_master:axi_master_inst|m_axi_wvalid                                                                                                                         ; Merged with soc:u_soc|rv32_axi_master:axi_master_inst|m_axi_awvalid                             ;
; soc:u_soc|axi_slave_top:crypto_accelerator|axi_reg_bank:u_reg_bank|axi_wready                                                                                                  ; Merged with soc:u_soc|axi_slave_top:crypto_accelerator|axi_reg_bank:u_reg_bank|axi_awready      ;
; soc:u_soc|rv32_axi_master:axi_master_inst|m_axi_wstrb[1..3]                                                                                                                    ; Merged with soc:u_soc|rv32_axi_master:axi_master_inst|m_axi_wstrb[0]                            ;
; soc:u_soc|RV32I:rv32|IF_ID_Instruction[27]                                                                                                                                     ; Merged with soc:u_soc|RV32I:rv32|IF_ID_Instruction[31]                                          ;
; soc:u_soc|RV32I:rv32|IF_ID_Instruction[0]                                                                                                                                      ; Merged with soc:u_soc|RV32I:rv32|IF_ID_Instruction[1]                                           ;
; soc:u_soc|RV32I:rv32|IF_ID_Instruction[19]                                                                                                                                     ; Stuck at GND due to stuck port data_in                                                          ;
; soc:u_soc|RV32I:rv32|ID_EX_rs1[4]                                                                                                                                              ; Stuck at GND due to stuck port data_in                                                          ;
; soc:u_soc|RV32I:rv32|Register_file:RF0|in_registers[0][31]                                                                                                                     ; Stuck at GND due to stuck port clock_enable                                                     ;
; soc:u_soc|RV32I:rv32|Register_file:RF0|in_registers[0][30]                                                                                                                     ; Stuck at GND due to stuck port clock_enable                                                     ;
; soc:u_soc|RV32I:rv32|Register_file:RF0|in_registers[0][29]                                                                                                                     ; Stuck at GND due to stuck port clock_enable                                                     ;
; soc:u_soc|RV32I:rv32|Register_file:RF0|in_registers[0][28]                                                                                                                     ; Stuck at GND due to stuck port clock_enable                                                     ;
; soc:u_soc|RV32I:rv32|Register_file:RF0|in_registers[0][27]                                                                                                                     ; Stuck at GND due to stuck port clock_enable                                                     ;
; soc:u_soc|RV32I:rv32|Register_file:RF0|in_registers[0][26]                                                                                                                     ; Stuck at GND due to stuck port clock_enable                                                     ;
; soc:u_soc|RV32I:rv32|Register_file:RF0|in_registers[0][25]                                                                                                                     ; Stuck at GND due to stuck port clock_enable                                                     ;
; soc:u_soc|RV32I:rv32|Register_file:RF0|in_registers[0][24]                                                                                                                     ; Stuck at GND due to stuck port clock_enable                                                     ;
; soc:u_soc|RV32I:rv32|Register_file:RF0|in_registers[0][23]                                                                                                                     ; Stuck at GND due to stuck port clock_enable                                                     ;
; soc:u_soc|RV32I:rv32|Register_file:RF0|in_registers[0][22]                                                                                                                     ; Stuck at GND due to stuck port clock_enable                                                     ;
; soc:u_soc|RV32I:rv32|Register_file:RF0|in_registers[0][21]                                                                                                                     ; Stuck at GND due to stuck port clock_enable                                                     ;
; soc:u_soc|RV32I:rv32|Register_file:RF0|in_registers[0][20]                                                                                                                     ; Stuck at GND due to stuck port clock_enable                                                     ;
; soc:u_soc|RV32I:rv32|Register_file:RF0|in_registers[0][19]                                                                                                                     ; Stuck at GND due to stuck port clock_enable                                                     ;
; soc:u_soc|RV32I:rv32|Register_file:RF0|in_registers[0][18]                                                                                                                     ; Stuck at GND due to stuck port clock_enable                                                     ;
; soc:u_soc|RV32I:rv32|Register_file:RF0|in_registers[0][17]                                                                                                                     ; Stuck at GND due to stuck port clock_enable                                                     ;
; soc:u_soc|RV32I:rv32|Register_file:RF0|in_registers[0][16]                                                                                                                     ; Stuck at GND due to stuck port clock_enable                                                     ;
; soc:u_soc|RV32I:rv32|Register_file:RF0|in_registers[0][15]                                                                                                                     ; Stuck at GND due to stuck port clock_enable                                                     ;
; soc:u_soc|RV32I:rv32|Register_file:RF0|in_registers[0][14]                                                                                                                     ; Stuck at GND due to stuck port clock_enable                                                     ;
; soc:u_soc|RV32I:rv32|Register_file:RF0|in_registers[0][13]                                                                                                                     ; Stuck at GND due to stuck port clock_enable                                                     ;
; soc:u_soc|RV32I:rv32|Register_file:RF0|in_registers[0][12]                                                                                                                     ; Stuck at GND due to stuck port clock_enable                                                     ;
; soc:u_soc|RV32I:rv32|Register_file:RF0|in_registers[0][11]                                                                                                                     ; Stuck at GND due to stuck port clock_enable                                                     ;
; soc:u_soc|RV32I:rv32|Register_file:RF0|in_registers[0][10]                                                                                                                     ; Stuck at GND due to stuck port clock_enable                                                     ;
; soc:u_soc|RV32I:rv32|Register_file:RF0|in_registers[0][9]                                                                                                                      ; Stuck at GND due to stuck port clock_enable                                                     ;
; soc:u_soc|RV32I:rv32|Register_file:RF0|in_registers[0][8]                                                                                                                      ; Stuck at GND due to stuck port clock_enable                                                     ;
; soc:u_soc|RV32I:rv32|Register_file:RF0|in_registers[0][7]                                                                                                                      ; Stuck at GND due to stuck port clock_enable                                                     ;
; soc:u_soc|RV32I:rv32|Register_file:RF0|in_registers[0][6]                                                                                                                      ; Stuck at GND due to stuck port clock_enable                                                     ;
; soc:u_soc|RV32I:rv32|Register_file:RF0|in_registers[0][5]                                                                                                                      ; Stuck at GND due to stuck port clock_enable                                                     ;
; soc:u_soc|RV32I:rv32|Register_file:RF0|in_registers[0][4]                                                                                                                      ; Stuck at GND due to stuck port clock_enable                                                     ;
; soc:u_soc|RV32I:rv32|Register_file:RF0|in_registers[0][3]                                                                                                                      ; Stuck at GND due to stuck port clock_enable                                                     ;
; soc:u_soc|RV32I:rv32|Register_file:RF0|in_registers[0][2]                                                                                                                      ; Stuck at GND due to stuck port clock_enable                                                     ;
; soc:u_soc|RV32I:rv32|Register_file:RF0|in_registers[0][1]                                                                                                                      ; Stuck at GND due to stuck port clock_enable                                                     ;
; soc:u_soc|RV32I:rv32|Register_file:RF0|in_registers[0][0]                                                                                                                      ; Stuck at GND due to stuck port clock_enable                                                     ;
; soc:u_soc|axi_slave_top:crypto_accelerator|axi_slave_core:u_core|aes:u_aes|phase~16                                                                                            ; Lost fanout                                                                                     ;
; soc:u_soc|axi_slave_top:crypto_accelerator|axi_slave_core:u_core|aes:u_aes|phase~17                                                                                            ; Lost fanout                                                                                     ;
; soc:u_soc|axi_slave_top:crypto_accelerator|axi_slave_core:u_core|aes:u_aes|phase~18                                                                                            ; Lost fanout                                                                                     ;
; soc:u_soc|axi_slave_top:crypto_accelerator|axi_slave_core:u_core|aes:u_aes|phase~19                                                                                            ; Lost fanout                                                                                     ;
; soc:u_soc|axi_slave_top:crypto_accelerator|axi_slave_core:u_core|aes:u_aes|phase~20                                                                                            ; Lost fanout                                                                                     ;
; soc:u_soc|axi_slave_top:crypto_accelerator|axi_slave_core:u_core|ro_puf_core:u_puf|measurement_engine:u_measurement_engine|measurement_controller:u_controller|current_state~4 ; Lost fanout                                                                                     ;
; soc:u_soc|axi_slave_top:crypto_accelerator|axi_slave_core:u_core|ro_puf_core:u_puf|measurement_engine:u_measurement_engine|measurement_controller:u_controller|current_state~5 ; Lost fanout                                                                                     ;
; soc:u_soc|axi_slave_top:crypto_accelerator|axi_slave_core:u_core|ro_puf_core:u_puf|measurement_engine:u_measurement_engine|measurement_controller:u_controller|current_state~6 ; Lost fanout                                                                                     ;
; soc:u_soc|axi_slave_top:crypto_accelerator|control_fsm:u_fsm|current_state~2                                                                                                   ; Lost fanout                                                                                     ;
; soc:u_soc|axi_slave_top:crypto_accelerator|control_fsm:u_fsm|current_state~3                                                                                                   ; Lost fanout                                                                                     ;
; soc:u_soc|axi_slave_top:crypto_accelerator|control_fsm:u_fsm|current_state~4                                                                                                   ; Lost fanout                                                                                     ;
; soc:u_soc|axi_slave_top:crypto_accelerator|control_fsm:u_fsm|current_state~5                                                                                                   ; Lost fanout                                                                                     ;
; soc:u_soc|rv32_axi_master:axi_master_inst|state~7                                                                                                                              ; Lost fanout                                                                                     ;
; soc:u_soc|rv32_axi_master:axi_master_inst|state~8                                                                                                                              ; Lost fanout                                                                                     ;
; soc:u_soc|axi_slave_top:crypto_accelerator|axi_reg_bank:u_reg_bank|axi_bresp~3                                                                                                 ; Lost fanout                                                                                     ;
; Total Number of Removed Registers = 62                                                                                                                                         ;                                                                                                 ;
+--------------------------------------------------------------------------------------------------------------------------------------------------------------------------------+-------------------------------------------------------------------------------------------------+


+-----------------------------------------------------------------------------------------------------------------------------------------------------------------------------------------------------------------------------+
; Removed Registers Triggering Further Register Optimizations                                                                                                                                                                 ;
+-----------------------------------------------------------------------------------------------+---------------------------+-------------------------------------------------------------------------------------------------+
; Register name                                                                                 ; Reason for Removal        ; Registers Removed due to This Register                                                          ;
+-----------------------------------------------------------------------------------------------+---------------------------+-------------------------------------------------------------------------------------------------+
; soc:u_soc|axi_slave_top:crypto_accelerator|axi_slave_core:u_core|sha256_top:u_sha256|next_reg ; Stuck at GND              ; soc:u_soc|axi_slave_top:crypto_accelerator|axi_slave_core:u_core|sha256_top:u_sha256|next_pulse ;
;                                                                                               ; due to stuck port data_in ;                                                                                                 ;
; soc:u_soc|RV32I:rv32|IF_ID_Instruction[19]                                                    ; Stuck at GND              ; soc:u_soc|RV32I:rv32|ID_EX_rs1[4]                                                               ;
;                                                                                               ; due to stuck port data_in ;                                                                                                 ;
+-----------------------------------------------------------------------------------------------+---------------------------+-------------------------------------------------------------------------------------------------+


+------------------------------------------------------+
; General Register Statistics                          ;
+----------------------------------------------+-------+
; Statistic                                    ; Value ;
+----------------------------------------------+-------+
; Total registers                              ; 13804 ;
; Number of registers using Synchronous Clear  ; 1673  ;
; Number of registers using Synchronous Load   ; 687   ;
; Number of registers using Asynchronous Clear ; 8387  ;
; Number of registers using Asynchronous Load  ; 0     ;
; Number of registers using Clock Enable       ; 8907  ;
; Number of registers using Preset             ; 0     ;
+----------------------------------------------+-------+


+------------------------------------------------------------------------------------------------+
; Inverted Register Statistics                                                                   ;
+--------------------------------------------------------------------------------------+---------+
; Inverted Register                                                                    ; Fan out ;
+--------------------------------------------------------------------------------------+---------+
; soc:u_soc|axi_slave_top:crypto_accelerator|axi_slave_core:u_core|aes:u_aes|round[3]  ; 5       ;
; soc:u_soc|axi_slave_top:crypto_accelerator|axi_slave_core:u_core|aes:u_aes|round[1]  ; 9       ;
; soc:u_soc|axi_slave_top:crypto_accelerator|axi_slave_core:u_core|aes:u_aes|round[2]  ; 7       ;
; soc:u_soc|axi_slave_top:crypto_accelerator|axi_slave_core:u_core|aes:u_aes|round[0]  ; 521     ;
; soc:u_soc|axi_slave_top:crypto_accelerator|axi_slave_core:u_core|aes:u_aes|kexp_i[3] ; 271     ;
; Total number of inverted registers = 5                                               ;         ;
+--------------------------------------------------------------------------------------+---------+


+--------------------------------------------------------------------------------------------------------------------------------------------------------------------------------------------------------------------------------------------------------------------------------------------------------+
; Multiplexer Restructuring Statistics (Restructuring Performed)                                                                                                                                                                                                                                         ;
+--------------------+-----------+---------------+----------------------+------------------------+------------+------------------------------------------------------------------------------------------------------------------------------------------------------------------------------------------+
; Multiplexer Inputs ; Bus Width ; Baseline Area ; Area if Restructured ; Saving if Restructured ; Registered ; Example Multiplexer Output                                                                                                                                                               ;
+--------------------+-----------+---------------+----------------------+------------------------+------------+------------------------------------------------------------------------------------------------------------------------------------------------------------------------------------------+
; 4:1                ; 2 bits    ; 4 LEs         ; 2 LEs                ; 2 LEs                  ; Yes        ; |de10_standard|soc:u_soc|axi_slave_top:crypto_accelerator|axi_slave_core:u_core|aes:u_aes|w_t[0][31]                                                                                     ;
; 4:1                ; 2 bits    ; 4 LEs         ; 2 LEs                ; 2 LEs                  ; Yes        ; |de10_standard|soc:u_soc|axi_slave_top:crypto_accelerator|axi_slave_core:u_core|aes:u_aes|w_t[1][31]                                                                                     ;
; 4:1                ; 2 bits    ; 4 LEs         ; 2 LEs                ; 2 LEs                  ; Yes        ; |de10_standard|soc:u_soc|axi_slave_top:crypto_accelerator|axi_slave_core:u_core|aes:u_aes|w_f[2][31]                                                                                     ;
; 4:1                ; 2 bits    ; 4 LEs         ; 2 LEs                ; 2 LEs                  ; Yes        ; |de10_standard|soc:u_soc|axi_slave_top:crypto_accelerator|axi_slave_core:u_core|aes:u_aes|w_t[3][31]                                                                                     ;
; 4:1                ; 2 bits    ; 4 LEs         ; 2 LEs                ; 2 LEs                  ; Yes        ; |de10_standard|soc:u_soc|axi_slave_top:crypto_accelerator|axi_slave_core:u_core|aes:u_aes|w_t[4][31]                                                                                     ;
; 4:1                ; 2 bits    ; 4 LEs         ; 2 LEs                ; 2 LEs                  ; Yes        ; |de10_standard|soc:u_soc|axi_slave_top:crypto_accelerator|axi_slave_core:u_core|aes:u_aes|w_t[5][31]                                                                                     ;
; 4:1                ; 2 bits    ; 4 LEs         ; 2 LEs                ; 2 LEs                  ; Yes        ; |de10_standard|soc:u_soc|axi_slave_top:crypto_accelerator|axi_slave_core:u_core|aes:u_aes|w_f[6][31]                                                                                     ;
; 4:1                ; 2 bits    ; 4 LEs         ; 2 LEs                ; 2 LEs                  ; Yes        ; |de10_standard|soc:u_soc|axi_slave_top:crypto_accelerator|axi_slave_core:u_core|aes:u_aes|w_f[7][31]                                                                                     ;
; 5:1                ; 14 bits   ; 42 LEs        ; 0 LEs                ; 42 LEs                 ; Yes        ; |de10_standard|soc:u_soc|axi_slave_top:crypto_accelerator|axi_slave_core:u_core|aes:u_aes|w_f[7][19]                                                                                     ;
; 5:1                ; 14 bits   ; 42 LEs        ; 0 LEs                ; 42 LEs                 ; Yes        ; |de10_standard|soc:u_soc|axi_slave_top:crypto_accelerator|axi_slave_core:u_core|aes:u_aes|w_f[6][20]                                                                                     ;
; 5:1                ; 14 bits   ; 42 LEs        ; 0 LEs                ; 42 LEs                 ; Yes        ; |de10_standard|soc:u_soc|axi_slave_top:crypto_accelerator|axi_slave_core:u_core|aes:u_aes|w_f[5][17]                                                                                     ;
; 5:1                ; 14 bits   ; 42 LEs        ; 0 LEs                ; 42 LEs                 ; Yes        ; |de10_standard|soc:u_soc|axi_slave_top:crypto_accelerator|axi_slave_core:u_core|aes:u_aes|w_t[4][16]                                                                                     ;
; 5:1                ; 14 bits   ; 42 LEs        ; 0 LEs                ; 42 LEs                 ; Yes        ; |de10_standard|soc:u_soc|axi_slave_top:crypto_accelerator|axi_slave_core:u_core|aes:u_aes|w_t[3][16]                                                                                     ;
; 5:1                ; 14 bits   ; 42 LEs        ; 0 LEs                ; 42 LEs                 ; Yes        ; |de10_standard|soc:u_soc|axi_slave_top:crypto_accelerator|axi_slave_core:u_core|aes:u_aes|w_t[2][21]                                                                                     ;
; 5:1                ; 14 bits   ; 42 LEs        ; 0 LEs                ; 42 LEs                 ; Yes        ; |de10_standard|soc:u_soc|axi_slave_top:crypto_accelerator|axi_slave_core:u_core|aes:u_aes|w_f[1][19]                                                                                     ;
; 5:1                ; 14 bits   ; 42 LEs        ; 0 LEs                ; 42 LEs                 ; Yes        ; |de10_standard|soc:u_soc|axi_slave_top:crypto_accelerator|axi_slave_core:u_core|aes:u_aes|w_t[0][17]                                                                                     ;
; 5:1                ; 14 bits   ; 42 LEs        ; 0 LEs                ; 42 LEs                 ; Yes        ; |de10_standard|soc:u_soc|axi_slave_top:crypto_accelerator|axi_slave_core:u_core|aes:u_aes|w_f[7][9]                                                                                      ;
; 5:1                ; 14 bits   ; 42 LEs        ; 0 LEs                ; 42 LEs                 ; Yes        ; |de10_standard|soc:u_soc|axi_slave_top:crypto_accelerator|axi_slave_core:u_core|aes:u_aes|w_t[6][8]                                                                                      ;
; 5:1                ; 14 bits   ; 42 LEs        ; 0 LEs                ; 42 LEs                 ; Yes        ; |de10_standard|soc:u_soc|axi_slave_top:crypto_accelerator|axi_slave_core:u_core|aes:u_aes|w_t[5][14]                                                                                     ;
; 5:1                ; 14 bits   ; 42 LEs        ; 0 LEs                ; 42 LEs                 ; Yes        ; |de10_standard|soc:u_soc|axi_slave_top:crypto_accelerator|axi_slave_core:u_core|aes:u_aes|w_t[4][8]                                                                                      ;
; 5:1                ; 14 bits   ; 42 LEs        ; 0 LEs                ; 42 LEs                 ; Yes        ; |de10_standard|soc:u_soc|axi_slave_top:crypto_accelerator|axi_slave_core:u_core|aes:u_aes|w_f[3][12]                                                                                     ;
; 5:1                ; 14 bits   ; 42 LEs        ; 0 LEs                ; 42 LEs                 ; Yes        ; |de10_standard|soc:u_soc|axi_slave_top:crypto_accelerator|axi_slave_core:u_core|aes:u_aes|w_t[2][13]                                                                                     ;
; 5:1                ; 14 bits   ; 42 LEs        ; 0 LEs                ; 42 LEs                 ; Yes        ; |de10_standard|soc:u_soc|axi_slave_top:crypto_accelerator|axi_slave_core:u_core|aes:u_aes|w_f[1][14]                                                                                     ;
; 5:1                ; 14 bits   ; 42 LEs        ; 0 LEs                ; 42 LEs                 ; Yes        ; |de10_standard|soc:u_soc|axi_slave_top:crypto_accelerator|axi_slave_core:u_core|aes:u_aes|w_t[0][10]                                                                                     ;
; 5:1                ; 14 bits   ; 42 LEs        ; 0 LEs                ; 42 LEs                 ; Yes        ; |de10_standard|soc:u_soc|axi_slave_top:crypto_accelerator|axi_slave_core:u_core|aes:u_aes|w_f[7][4]                                                                                      ;
; 5:1                ; 14 bits   ; 42 LEs        ; 0 LEs                ; 42 LEs                 ; Yes        ; |de10_standard|soc:u_soc|axi_slave_top:crypto_accelerator|axi_slave_core:u_core|aes:u_aes|w_t[6][4]                                                                                      ;
; 5:1                ; 14 bits   ; 42 LEs        ; 0 LEs                ; 42 LEs                 ; Yes        ; |de10_standard|soc:u_soc|axi_slave_top:crypto_accelerator|axi_slave_core:u_core|aes:u_aes|w_f[5][0]                                                                                      ;
; 5:1                ; 14 bits   ; 42 LEs        ; 0 LEs                ; 42 LEs                 ; Yes        ; |de10_standard|soc:u_soc|axi_slave_top:crypto_accelerator|axi_slave_core:u_core|aes:u_aes|w_f[4][5]                                                                                      ;
; 5:1                ; 14 bits   ; 42 LEs        ; 0 LEs                ; 42 LEs                 ; Yes        ; |de10_standard|soc:u_soc|axi_slave_top:crypto_accelerator|axi_slave_core:u_core|aes:u_aes|w_f[3][3]                                                                                      ;
; 5:1                ; 14 bits   ; 42 LEs        ; 0 LEs                ; 42 LEs                 ; Yes        ; |de10_standard|soc:u_soc|axi_slave_top:crypto_accelerator|axi_slave_core:u_core|aes:u_aes|w_t[2][5]                                                                                      ;
; 5:1                ; 14 bits   ; 42 LEs        ; 0 LEs                ; 42 LEs                 ; Yes        ; |de10_standard|soc:u_soc|axi_slave_top:crypto_accelerator|axi_slave_core:u_core|aes:u_aes|w_f[1][6]                                                                                      ;
; 5:1                ; 14 bits   ; 42 LEs        ; 0 LEs                ; 42 LEs                 ; Yes        ; |de10_standard|soc:u_soc|axi_slave_top:crypto_accelerator|axi_slave_core:u_core|aes:u_aes|w_f[0][6]                                                                                      ;
; 5:1                ; 16 bits   ; 48 LEs        ; 0 LEs                ; 48 LEs                 ; Yes        ; |de10_standard|soc:u_soc|axi_slave_top:crypto_accelerator|axi_slave_core:u_core|aes:u_aes|state_t[15][3]                                                                                 ;
; 5:1                ; 16 bits   ; 48 LEs        ; 0 LEs                ; 48 LEs                 ; Yes        ; |de10_standard|soc:u_soc|axi_slave_top:crypto_accelerator|axi_slave_core:u_core|aes:u_aes|state_t[14][4]                                                                                 ;
; 5:1                ; 16 bits   ; 48 LEs        ; 0 LEs                ; 48 LEs                 ; Yes        ; |de10_standard|soc:u_soc|axi_slave_top:crypto_accelerator|axi_slave_core:u_core|aes:u_aes|state_f[0][4]                                                                                  ;
; 5:1                ; 16 bits   ; 48 LEs        ; 0 LEs                ; 48 LEs                 ; Yes        ; |de10_standard|soc:u_soc|axi_slave_top:crypto_accelerator|axi_slave_core:u_core|aes:u_aes|state_f[1][3]                                                                                  ;
; 5:1                ; 16 bits   ; 48 LEs        ; 0 LEs                ; 48 LEs                 ; Yes        ; |de10_standard|soc:u_soc|axi_slave_top:crypto_accelerator|axi_slave_core:u_core|aes:u_aes|state_f[2][6]                                                                                  ;
; 5:1                ; 16 bits   ; 48 LEs        ; 0 LEs                ; 48 LEs                 ; Yes        ; |de10_standard|soc:u_soc|axi_slave_top:crypto_accelerator|axi_slave_core:u_core|aes:u_aes|state_t[3][5]                                                                                  ;
; 5:1                ; 16 bits   ; 48 LEs        ; 0 LEs                ; 48 LEs                 ; Yes        ; |de10_standard|soc:u_soc|axi_slave_top:crypto_accelerator|axi_slave_core:u_core|aes:u_aes|state_t[4][7]                                                                                  ;
; 5:1                ; 16 bits   ; 48 LEs        ; 0 LEs                ; 48 LEs                 ; Yes        ; |de10_standard|soc:u_soc|axi_slave_top:crypto_accelerator|axi_slave_core:u_core|aes:u_aes|state_f[5][3]                                                                                  ;
; 5:1                ; 16 bits   ; 48 LEs        ; 0 LEs                ; 48 LEs                 ; Yes        ; |de10_standard|soc:u_soc|axi_slave_top:crypto_accelerator|axi_slave_core:u_core|aes:u_aes|state_f[6][6]                                                                                  ;
; 5:1                ; 16 bits   ; 48 LEs        ; 0 LEs                ; 48 LEs                 ; Yes        ; |de10_standard|soc:u_soc|axi_slave_top:crypto_accelerator|axi_slave_core:u_core|aes:u_aes|state_f[7][3]                                                                                  ;
; 5:1                ; 16 bits   ; 48 LEs        ; 0 LEs                ; 48 LEs                 ; Yes        ; |de10_standard|soc:u_soc|axi_slave_top:crypto_accelerator|axi_slave_core:u_core|aes:u_aes|state_f[8][7]                                                                                  ;
; 5:1                ; 16 bits   ; 48 LEs        ; 0 LEs                ; 48 LEs                 ; Yes        ; |de10_standard|soc:u_soc|axi_slave_top:crypto_accelerator|axi_slave_core:u_core|aes:u_aes|state_t[9][3]                                                                                  ;
; 5:1                ; 16 bits   ; 48 LEs        ; 0 LEs                ; 48 LEs                 ; Yes        ; |de10_standard|soc:u_soc|axi_slave_top:crypto_accelerator|axi_slave_core:u_core|aes:u_aes|state_f[10][2]                                                                                 ;
; 5:1                ; 16 bits   ; 48 LEs        ; 0 LEs                ; 48 LEs                 ; Yes        ; |de10_standard|soc:u_soc|axi_slave_top:crypto_accelerator|axi_slave_core:u_core|aes:u_aes|state_f[11][2]                                                                                 ;
; 5:1                ; 16 bits   ; 48 LEs        ; 0 LEs                ; 48 LEs                 ; Yes        ; |de10_standard|soc:u_soc|axi_slave_top:crypto_accelerator|axi_slave_core:u_core|aes:u_aes|state_f[12][1]                                                                                 ;
; 5:1                ; 16 bits   ; 48 LEs        ; 0 LEs                ; 48 LEs                 ; Yes        ; |de10_standard|soc:u_soc|axi_slave_top:crypto_accelerator|axi_slave_core:u_core|aes:u_aes|state_f[13][7]                                                                                 ;
; 5:1                ; 2 bits    ; 6 LEs         ; 2 LEs                ; 4 LEs                  ; Yes        ; |de10_standard|soc:u_soc|axi_slave_top:crypto_accelerator|axi_slave_core:u_core|aes:u_aes|w_t[7][23]                                                                                     ;
; 5:1                ; 2 bits    ; 6 LEs         ; 2 LEs                ; 4 LEs                  ; Yes        ; |de10_standard|soc:u_soc|axi_slave_top:crypto_accelerator|axi_slave_core:u_core|aes:u_aes|w_t[6][23]                                                                                     ;
; 5:1                ; 2 bits    ; 6 LEs         ; 2 LEs                ; 4 LEs                  ; Yes        ; |de10_standard|soc:u_soc|axi_slave_top:crypto_accelerator|axi_slave_core:u_core|aes:u_aes|w_f[5][23]                                                                                     ;
; 5:1                ; 2 bits    ; 6 LEs         ; 2 LEs                ; 4 LEs                  ; Yes        ; |de10_standard|soc:u_soc|axi_slave_top:crypto_accelerator|axi_slave_core:u_core|aes:u_aes|w_t[4][23]                                                                                     ;
; 5:1                ; 2 bits    ; 6 LEs         ; 2 LEs                ; 4 LEs                  ; Yes        ; |de10_standard|soc:u_soc|axi_slave_top:crypto_accelerator|axi_slave_core:u_core|aes:u_aes|w_t[3][23]                                                                                     ;
; 5:1                ; 2 bits    ; 6 LEs         ; 2 LEs                ; 4 LEs                  ; Yes        ; |de10_standard|soc:u_soc|axi_slave_top:crypto_accelerator|axi_slave_core:u_core|aes:u_aes|w_f[2][23]                                                                                     ;
; 5:1                ; 2 bits    ; 6 LEs         ; 2 LEs                ; 4 LEs                  ; Yes        ; |de10_standard|soc:u_soc|axi_slave_top:crypto_accelerator|axi_slave_core:u_core|aes:u_aes|w_f[1][23]                                                                                     ;
; 5:1                ; 2 bits    ; 6 LEs         ; 2 LEs                ; 4 LEs                  ; Yes        ; |de10_standard|soc:u_soc|axi_slave_top:crypto_accelerator|axi_slave_core:u_core|aes:u_aes|w_t[0][23]                                                                                     ;
; 5:1                ; 2 bits    ; 6 LEs         ; 2 LEs                ; 4 LEs                  ; Yes        ; |de10_standard|soc:u_soc|axi_slave_top:crypto_accelerator|axi_slave_core:u_core|aes:u_aes|w_t[7][15]                                                                                     ;
; 5:1                ; 2 bits    ; 6 LEs         ; 2 LEs                ; 4 LEs                  ; Yes        ; |de10_standard|soc:u_soc|axi_slave_top:crypto_accelerator|axi_slave_core:u_core|aes:u_aes|w_f[6][15]                                                                                     ;
; 5:1                ; 2 bits    ; 6 LEs         ; 2 LEs                ; 4 LEs                  ; Yes        ; |de10_standard|soc:u_soc|axi_slave_top:crypto_accelerator|axi_slave_core:u_core|aes:u_aes|w_t[5][15]                                                                                     ;
; 5:1                ; 2 bits    ; 6 LEs         ; 2 LEs                ; 4 LEs                  ; Yes        ; |de10_standard|soc:u_soc|axi_slave_top:crypto_accelerator|axi_slave_core:u_core|aes:u_aes|w_t[4][15]                                                                                     ;
; 5:1                ; 2 bits    ; 6 LEs         ; 2 LEs                ; 4 LEs                  ; Yes        ; |de10_standard|soc:u_soc|axi_slave_top:crypto_accelerator|axi_slave_core:u_core|aes:u_aes|w_f[3][15]                                                                                     ;
; 5:1                ; 2 bits    ; 6 LEs         ; 2 LEs                ; 4 LEs                  ; Yes        ; |de10_standard|soc:u_soc|axi_slave_top:crypto_accelerator|axi_slave_core:u_core|aes:u_aes|w_t[2][15]                                                                                     ;
; 5:1                ; 2 bits    ; 6 LEs         ; 2 LEs                ; 4 LEs                  ; Yes        ; |de10_standard|soc:u_soc|axi_slave_top:crypto_accelerator|axi_slave_core:u_core|aes:u_aes|w_t[1][15]                                                                                     ;
; 5:1                ; 2 bits    ; 6 LEs         ; 2 LEs                ; 4 LEs                  ; Yes        ; |de10_standard|soc:u_soc|axi_slave_top:crypto_accelerator|axi_slave_core:u_core|aes:u_aes|w_f[0][15]                                                                                     ;
; 5:1                ; 2 bits    ; 6 LEs         ; 2 LEs                ; 4 LEs                  ; Yes        ; |de10_standard|soc:u_soc|axi_slave_top:crypto_accelerator|axi_slave_core:u_core|aes:u_aes|w_t[7][7]                                                                                      ;
; 5:1                ; 2 bits    ; 6 LEs         ; 2 LEs                ; 4 LEs                  ; Yes        ; |de10_standard|soc:u_soc|axi_slave_top:crypto_accelerator|axi_slave_core:u_core|aes:u_aes|w_f[6][7]                                                                                      ;
; 5:1                ; 2 bits    ; 6 LEs         ; 2 LEs                ; 4 LEs                  ; Yes        ; |de10_standard|soc:u_soc|axi_slave_top:crypto_accelerator|axi_slave_core:u_core|aes:u_aes|w_f[5][7]                                                                                      ;
; 5:1                ; 2 bits    ; 6 LEs         ; 2 LEs                ; 4 LEs                  ; Yes        ; |de10_standard|soc:u_soc|axi_slave_top:crypto_accelerator|axi_slave_core:u_core|aes:u_aes|w_t[4][7]                                                                                      ;
; 5:1                ; 2 bits    ; 6 LEs         ; 2 LEs                ; 4 LEs                  ; Yes        ; |de10_standard|soc:u_soc|axi_slave_top:crypto_accelerator|axi_slave_core:u_core|aes:u_aes|w_t[3][7]                                                                                      ;
; 5:1                ; 2 bits    ; 6 LEs         ; 2 LEs                ; 4 LEs                  ; Yes        ; |de10_standard|soc:u_soc|axi_slave_top:crypto_accelerator|axi_slave_core:u_core|aes:u_aes|w_f[2][7]                                                                                      ;
; 5:1                ; 2 bits    ; 6 LEs         ; 2 LEs                ; 4 LEs                  ; Yes        ; |de10_standard|soc:u_soc|axi_slave_top:crypto_accelerator|axi_slave_core:u_core|aes:u_aes|w_t[1][7]                                                                                      ;
; 5:1                ; 2 bits    ; 6 LEs         ; 2 LEs                ; 4 LEs                  ; Yes        ; |de10_standard|soc:u_soc|axi_slave_top:crypto_accelerator|axi_slave_core:u_core|aes:u_aes|w_f[0][7]                                                                                      ;
; 5:1                ; 2 bits    ; 6 LEs         ; 2 LEs                ; 4 LEs                  ; Yes        ; |de10_standard|soc:u_soc|axi_slave_top:crypto_accelerator|axi_slave_core:u_core|aes:u_aes|w_f[7][30]                                                                                     ;
; 5:1                ; 2 bits    ; 6 LEs         ; 2 LEs                ; 4 LEs                  ; Yes        ; |de10_standard|soc:u_soc|axi_slave_top:crypto_accelerator|axi_slave_core:u_core|aes:u_aes|w_t[6][30]                                                                                     ;
; 5:1                ; 2 bits    ; 6 LEs         ; 2 LEs                ; 4 LEs                  ; Yes        ; |de10_standard|soc:u_soc|axi_slave_top:crypto_accelerator|axi_slave_core:u_core|aes:u_aes|w_f[5][30]                                                                                     ;
; 5:1                ; 2 bits    ; 6 LEs         ; 2 LEs                ; 4 LEs                  ; Yes        ; |de10_standard|soc:u_soc|axi_slave_top:crypto_accelerator|axi_slave_core:u_core|aes:u_aes|w_f[4][30]                                                                                     ;
; 5:1                ; 2 bits    ; 6 LEs         ; 2 LEs                ; 4 LEs                  ; Yes        ; |de10_standard|soc:u_soc|axi_slave_top:crypto_accelerator|axi_slave_core:u_core|aes:u_aes|w_t[3][30]                                                                                     ;
; 5:1                ; 2 bits    ; 6 LEs         ; 2 LEs                ; 4 LEs                  ; Yes        ; |de10_standard|soc:u_soc|axi_slave_top:crypto_accelerator|axi_slave_core:u_core|aes:u_aes|w_f[2][30]                                                                                     ;
; 5:1                ; 2 bits    ; 6 LEs         ; 2 LEs                ; 4 LEs                  ; Yes        ; |de10_standard|soc:u_soc|axi_slave_top:crypto_accelerator|axi_slave_core:u_core|aes:u_aes|w_f[1][30]                                                                                     ;
; 5:1                ; 2 bits    ; 6 LEs         ; 2 LEs                ; 4 LEs                  ; Yes        ; |de10_standard|soc:u_soc|axi_slave_top:crypto_accelerator|axi_slave_core:u_core|aes:u_aes|w_t[0][30]                                                                                     ;
; 5:1                ; 2 bits    ; 6 LEs         ; 2 LEs                ; 4 LEs                  ; Yes        ; |de10_standard|soc:u_soc|axi_slave_top:crypto_accelerator|axi_slave_core:u_core|aes:u_aes|w_f[7][29]                                                                                     ;
; 5:1                ; 2 bits    ; 6 LEs         ; 2 LEs                ; 4 LEs                  ; Yes        ; |de10_standard|soc:u_soc|axi_slave_top:crypto_accelerator|axi_slave_core:u_core|aes:u_aes|w_f[6][29]                                                                                     ;
; 5:1                ; 2 bits    ; 6 LEs         ; 2 LEs                ; 4 LEs                  ; Yes        ; |de10_standard|soc:u_soc|axi_slave_top:crypto_accelerator|axi_slave_core:u_core|aes:u_aes|w_t[5][29]                                                                                     ;
; 5:1                ; 2 bits    ; 6 LEs         ; 2 LEs                ; 4 LEs                  ; Yes        ; |de10_standard|soc:u_soc|axi_slave_top:crypto_accelerator|axi_slave_core:u_core|aes:u_aes|w_t[4][29]                                                                                     ;
; 5:1                ; 2 bits    ; 6 LEs         ; 2 LEs                ; 4 LEs                  ; Yes        ; |de10_standard|soc:u_soc|axi_slave_top:crypto_accelerator|axi_slave_core:u_core|aes:u_aes|w_f[3][29]                                                                                     ;
; 5:1                ; 2 bits    ; 6 LEs         ; 2 LEs                ; 4 LEs                  ; Yes        ; |de10_standard|soc:u_soc|axi_slave_top:crypto_accelerator|axi_slave_core:u_core|aes:u_aes|w_t[2][29]                                                                                     ;
; 5:1                ; 2 bits    ; 6 LEs         ; 2 LEs                ; 4 LEs                  ; Yes        ; |de10_standard|soc:u_soc|axi_slave_top:crypto_accelerator|axi_slave_core:u_core|aes:u_aes|w_t[1][29]                                                                                     ;
; 5:1                ; 2 bits    ; 6 LEs         ; 2 LEs                ; 4 LEs                  ; Yes        ; |de10_standard|soc:u_soc|axi_slave_top:crypto_accelerator|axi_slave_core:u_core|aes:u_aes|w_t[0][29]                                                                                     ;
; 5:1                ; 2 bits    ; 6 LEs         ; 2 LEs                ; 4 LEs                  ; Yes        ; |de10_standard|soc:u_soc|axi_slave_top:crypto_accelerator|axi_slave_core:u_core|aes:u_aes|w_f[7][28]                                                                                     ;
; 5:1                ; 2 bits    ; 6 LEs         ; 2 LEs                ; 4 LEs                  ; Yes        ; |de10_standard|soc:u_soc|axi_slave_top:crypto_accelerator|axi_slave_core:u_core|aes:u_aes|w_f[6][28]                                                                                     ;
; 5:1                ; 2 bits    ; 6 LEs         ; 2 LEs                ; 4 LEs                  ; Yes        ; |de10_standard|soc:u_soc|axi_slave_top:crypto_accelerator|axi_slave_core:u_core|aes:u_aes|w_f[5][28]                                                                                     ;
; 5:1                ; 2 bits    ; 6 LEs         ; 2 LEs                ; 4 LEs                  ; Yes        ; |de10_standard|soc:u_soc|axi_slave_top:crypto_accelerator|axi_slave_core:u_core|aes:u_aes|w_f[4][28]                                                                                     ;
; 5:1                ; 2 bits    ; 6 LEs         ; 2 LEs                ; 4 LEs                  ; Yes        ; |de10_standard|soc:u_soc|axi_slave_top:crypto_accelerator|axi_slave_core:u_core|aes:u_aes|w_f[3][28]                                                                                     ;
; 5:1                ; 2 bits    ; 6 LEs         ; 2 LEs                ; 4 LEs                  ; Yes        ; |de10_standard|soc:u_soc|axi_slave_top:crypto_accelerator|axi_slave_core:u_core|aes:u_aes|w_f[2][28]                                                                                     ;
; 5:1                ; 2 bits    ; 6 LEs         ; 2 LEs                ; 4 LEs                  ; Yes        ; |de10_standard|soc:u_soc|axi_slave_top:crypto_accelerator|axi_slave_core:u_core|aes:u_aes|w_t[1][28]                                                                                     ;
; 5:1                ; 2 bits    ; 6 LEs         ; 2 LEs                ; 4 LEs                  ; Yes        ; |de10_standard|soc:u_soc|axi_slave_top:crypto_accelerator|axi_slave_core:u_core|aes:u_aes|w_t[0][28]                                                                                     ;
; 5:1                ; 2 bits    ; 6 LEs         ; 2 LEs                ; 4 LEs                  ; Yes        ; |de10_standard|soc:u_soc|axi_slave_top:crypto_accelerator|axi_slave_core:u_core|aes:u_aes|w_t[7][27]                                                                                     ;
; 5:1                ; 2 bits    ; 6 LEs         ; 2 LEs                ; 4 LEs                  ; Yes        ; |de10_standard|soc:u_soc|axi_slave_top:crypto_accelerator|axi_slave_core:u_core|aes:u_aes|w_f[6][27]                                                                                     ;
; 5:1                ; 2 bits    ; 6 LEs         ; 2 LEs                ; 4 LEs                  ; Yes        ; |de10_standard|soc:u_soc|axi_slave_top:crypto_accelerator|axi_slave_core:u_core|aes:u_aes|w_t[5][27]                                                                                     ;
; 5:1                ; 2 bits    ; 6 LEs         ; 2 LEs                ; 4 LEs                  ; Yes        ; |de10_standard|soc:u_soc|axi_slave_top:crypto_accelerator|axi_slave_core:u_core|aes:u_aes|w_t[4][27]                                                                                     ;
; 5:1                ; 2 bits    ; 6 LEs         ; 2 LEs                ; 4 LEs                  ; Yes        ; |de10_standard|soc:u_soc|axi_slave_top:crypto_accelerator|axi_slave_core:u_core|aes:u_aes|w_f[3][27]                                                                                     ;
; 5:1                ; 2 bits    ; 6 LEs         ; 2 LEs                ; 4 LEs                  ; Yes        ; |de10_standard|soc:u_soc|axi_slave_top:crypto_accelerator|axi_slave_core:u_core|aes:u_aes|w_f[2][27]                                                                                     ;
; 5:1                ; 2 bits    ; 6 LEs         ; 2 LEs                ; 4 LEs                  ; Yes        ; |de10_standard|soc:u_soc|axi_slave_top:crypto_accelerator|axi_slave_core:u_core|aes:u_aes|w_t[1][27]                                                                                     ;
; 5:1                ; 2 bits    ; 6 LEs         ; 2 LEs                ; 4 LEs                  ; Yes        ; |de10_standard|soc:u_soc|axi_slave_top:crypto_accelerator|axi_slave_core:u_core|aes:u_aes|w_t[0][27]                                                                                     ;
; 5:1                ; 2 bits    ; 6 LEs         ; 2 LEs                ; 4 LEs                  ; Yes        ; |de10_standard|soc:u_soc|axi_slave_top:crypto_accelerator|axi_slave_core:u_core|aes:u_aes|w_t[7][26]                                                                                     ;
; 5:1                ; 2 bits    ; 6 LEs         ; 2 LEs                ; 4 LEs                  ; Yes        ; |de10_standard|soc:u_soc|axi_slave_top:crypto_accelerator|axi_slave_core:u_core|aes:u_aes|w_t[6][26]                                                                                     ;
; 5:1                ; 2 bits    ; 6 LEs         ; 2 LEs                ; 4 LEs                  ; Yes        ; |de10_standard|soc:u_soc|axi_slave_top:crypto_accelerator|axi_slave_core:u_core|aes:u_aes|w_f[5][26]                                                                                     ;
; 5:1                ; 2 bits    ; 6 LEs         ; 2 LEs                ; 4 LEs                  ; Yes        ; |de10_standard|soc:u_soc|axi_slave_top:crypto_accelerator|axi_slave_core:u_core|aes:u_aes|w_f[4][26]                                                                                     ;
; 5:1                ; 2 bits    ; 6 LEs         ; 2 LEs                ; 4 LEs                  ; Yes        ; |de10_standard|soc:u_soc|axi_slave_top:crypto_accelerator|axi_slave_core:u_core|aes:u_aes|w_t[3][26]                                                                                     ;
; 5:1                ; 2 bits    ; 6 LEs         ; 2 LEs                ; 4 LEs                  ; Yes        ; |de10_standard|soc:u_soc|axi_slave_top:crypto_accelerator|axi_slave_core:u_core|aes:u_aes|w_t[2][26]                                                                                     ;
; 5:1                ; 2 bits    ; 6 LEs         ; 2 LEs                ; 4 LEs                  ; Yes        ; |de10_standard|soc:u_soc|axi_slave_top:crypto_accelerator|axi_slave_core:u_core|aes:u_aes|w_t[1][26]                                                                                     ;
; 5:1                ; 2 bits    ; 6 LEs         ; 2 LEs                ; 4 LEs                  ; Yes        ; |de10_standard|soc:u_soc|axi_slave_top:crypto_accelerator|axi_slave_core:u_core|aes:u_aes|w_f[0][26]                                                                                     ;
; 5:1                ; 2 bits    ; 6 LEs         ; 2 LEs                ; 4 LEs                  ; Yes        ; |de10_standard|soc:u_soc|axi_slave_top:crypto_accelerator|axi_slave_core:u_core|aes:u_aes|w_f[7][25]                                                                                     ;
; 5:1                ; 2 bits    ; 6 LEs         ; 2 LEs                ; 4 LEs                  ; Yes        ; |de10_standard|soc:u_soc|axi_slave_top:crypto_accelerator|axi_slave_core:u_core|aes:u_aes|w_t[6][25]                                                                                     ;
; 5:1                ; 2 bits    ; 6 LEs         ; 2 LEs                ; 4 LEs                  ; Yes        ; |de10_standard|soc:u_soc|axi_slave_top:crypto_accelerator|axi_slave_core:u_core|aes:u_aes|w_t[5][25]                                                                                     ;
; 5:1                ; 2 bits    ; 6 LEs         ; 2 LEs                ; 4 LEs                  ; Yes        ; |de10_standard|soc:u_soc|axi_slave_top:crypto_accelerator|axi_slave_core:u_core|aes:u_aes|w_f[4][25]                                                                                     ;
; 5:1                ; 2 bits    ; 6 LEs         ; 2 LEs                ; 4 LEs                  ; Yes        ; |de10_standard|soc:u_soc|axi_slave_top:crypto_accelerator|axi_slave_core:u_core|aes:u_aes|w_t[3][25]                                                                                     ;
; 5:1                ; 2 bits    ; 6 LEs         ; 2 LEs                ; 4 LEs                  ; Yes        ; |de10_standard|soc:u_soc|axi_slave_top:crypto_accelerator|axi_slave_core:u_core|aes:u_aes|w_f[2][25]                                                                                     ;
; 5:1                ; 2 bits    ; 6 LEs         ; 2 LEs                ; 4 LEs                  ; Yes        ; |de10_standard|soc:u_soc|axi_slave_top:crypto_accelerator|axi_slave_core:u_core|aes:u_aes|w_f[1][25]                                                                                     ;
; 5:1                ; 2 bits    ; 6 LEs         ; 2 LEs                ; 4 LEs                  ; Yes        ; |de10_standard|soc:u_soc|axi_slave_top:crypto_accelerator|axi_slave_core:u_core|aes:u_aes|w_f[0][25]                                                                                     ;
; 5:1                ; 2 bits    ; 6 LEs         ; 2 LEs                ; 4 LEs                  ; Yes        ; |de10_standard|soc:u_soc|axi_slave_top:crypto_accelerator|axi_slave_core:u_core|aes:u_aes|w_t[7][24]                                                                                     ;
; 5:1                ; 2 bits    ; 6 LEs         ; 2 LEs                ; 4 LEs                  ; Yes        ; |de10_standard|soc:u_soc|axi_slave_top:crypto_accelerator|axi_slave_core:u_core|aes:u_aes|w_f[6][24]                                                                                     ;
; 5:1                ; 2 bits    ; 6 LEs         ; 2 LEs                ; 4 LEs                  ; Yes        ; |de10_standard|soc:u_soc|axi_slave_top:crypto_accelerator|axi_slave_core:u_core|aes:u_aes|w_f[5][24]                                                                                     ;
; 5:1                ; 2 bits    ; 6 LEs         ; 2 LEs                ; 4 LEs                  ; Yes        ; |de10_standard|soc:u_soc|axi_slave_top:crypto_accelerator|axi_slave_core:u_core|aes:u_aes|w_t[4][24]                                                                                     ;
; 5:1                ; 2 bits    ; 6 LEs         ; 2 LEs                ; 4 LEs                  ; Yes        ; |de10_standard|soc:u_soc|axi_slave_top:crypto_accelerator|axi_slave_core:u_core|aes:u_aes|w_t[3][24]                                                                                     ;
; 5:1                ; 2 bits    ; 6 LEs         ; 2 LEs                ; 4 LEs                  ; Yes        ; |de10_standard|soc:u_soc|axi_slave_top:crypto_accelerator|axi_slave_core:u_core|aes:u_aes|w_t[2][24]                                                                                     ;
; 5:1                ; 2 bits    ; 6 LEs         ; 2 LEs                ; 4 LEs                  ; Yes        ; |de10_standard|soc:u_soc|axi_slave_top:crypto_accelerator|axi_slave_core:u_core|aes:u_aes|w_f[1][24]                                                                                     ;
; 5:1                ; 2 bits    ; 6 LEs         ; 2 LEs                ; 4 LEs                  ; Yes        ; |de10_standard|soc:u_soc|axi_slave_top:crypto_accelerator|axi_slave_core:u_core|aes:u_aes|w_t[0][24]                                                                                     ;
; 6:1                ; 2 bits    ; 8 LEs         ; 4 LEs                ; 4 LEs                  ; Yes        ; |de10_standard|soc:u_soc|axi_slave_top:crypto_accelerator|axi_slave_core:u_core|aes:u_aes|kexp_j[1]                                                                                      ;
; 7:1                ; 2 bits    ; 8 LEs         ; 4 LEs                ; 4 LEs                  ; Yes        ; |de10_standard|soc:u_soc|axi_slave_top:crypto_accelerator|axi_slave_core:u_core|aes:u_aes|grp[1]                                                                                         ;
; 4:1                ; 960 bits  ; 1920 LEs      ; 1920 LEs             ; 0 LEs                  ; No         ; |de10_standard|soc:u_soc|axi_slave_top:crypto_accelerator|axi_slave_core:u_core|aes:u_aes|Mux3030                                                                                        ;
; 60:1               ; 8 bits    ; 320 LEs       ; 320 LEs              ; 0 LEs                  ; No         ; |de10_standard|soc:u_soc|axi_slave_top:crypto_accelerator|axi_slave_core:u_core|aes:u_aes|Mux3409                                                                                        ;
; 60:1               ; 8 bits    ; 320 LEs       ; 320 LEs              ; 0 LEs                  ; No         ; |de10_standard|soc:u_soc|axi_slave_top:crypto_accelerator|axi_slave_core:u_core|aes:u_aes|Mux3898                                                                                        ;
; 61:1               ; 8 bits    ; 320 LEs       ; 320 LEs              ; 0 LEs                  ; No         ; |de10_standard|soc:u_soc|axi_slave_top:crypto_accelerator|axi_slave_core:u_core|aes:u_aes|ark_key_f                                                                                      ;
; 61:1               ; 8 bits    ; 320 LEs       ; 320 LEs              ; 0 LEs                  ; No         ; |de10_standard|soc:u_soc|axi_slave_top:crypto_accelerator|axi_slave_core:u_core|aes:u_aes|ark_key_t                                                                                      ;
; 48:1               ; 16 bits   ; 512 LEs       ; 512 LEs              ; 0 LEs                  ; No         ; |de10_standard|soc:u_soc|axi_slave_top:crypto_accelerator|axi_slave_core:u_core|aes:u_aes|ark_data_f                                                                                     ;
; 240:1              ; 16 bits   ; 2560 LEs      ; 2560 LEs             ; 0 LEs                  ; No         ; |de10_standard|soc:u_soc|axi_slave_top:crypto_accelerator|axi_slave_core:u_core|aes:u_aes|Mux4973                                                                                        ;
; 16:1               ; 8 bits    ; 80 LEs        ; 80 LEs               ; 0 LEs                  ; No         ; |de10_standard|soc:u_soc|axi_slave_top:crypto_accelerator|axi_slave_core:u_core|aes:u_aes|sb_in_t                                                                                        ;
; 16:1               ; 8 bits    ; 80 LEs        ; 80 LEs               ; 0 LEs                  ; No         ; |de10_standard|soc:u_soc|axi_slave_top:crypto_accelerator|axi_slave_core:u_core|aes:u_aes|sb_in_f                                                                                        ;
; 480:1              ; 8 bits    ; 2560 LEs      ; 1280 LEs             ; 1280 LEs               ; No         ; |de10_standard|soc:u_soc|axi_slave_top:crypto_accelerator|axi_slave_core:u_core|aes:u_aes|sb_in_t                                                                                        ;
; 480:1              ; 8 bits    ; 2560 LEs      ; 1280 LEs             ; 1280 LEs               ; No         ; |de10_standard|soc:u_soc|axi_slave_top:crypto_accelerator|axi_slave_core:u_core|aes:u_aes|sb_in_f                                                                                        ;
; 64:1               ; 24 bits   ; 1008 LEs      ; 1008 LEs             ; 0 LEs                  ; No         ; |de10_standard|soc:u_soc|axi_slave_top:crypto_accelerator|axi_slave_core:u_core|ro_puf_core:u_puf|response_engine:u_response_engine|pair_scheduler:u_scheduler|Mux0                      ;
; 64:1               ; 24 bits   ; 1008 LEs      ; 1008 LEs             ; 0 LEs                  ; No         ; |de10_standard|soc:u_soc|axi_slave_top:crypto_accelerator|axi_slave_core:u_core|ro_puf_core:u_puf|response_engine:u_response_engine|pair_scheduler:u_scheduler|Mux24                     ;
; 4:1                ; 32 bits   ; 64 LEs        ; 64 LEs               ; 0 LEs                  ; No         ; |de10_standard|soc:u_soc|RV32I:rv32|write_data[31]                                                                                                                                       ;
; 3:1                ; 33 bits   ; 66 LEs        ; 0 LEs                ; 66 LEs                 ; Yes        ; |de10_standard|soc:u_soc|axi_slave_top:crypto_accelerator|axi_reg_bank:u_reg_bank|axi_wdata_reg[14]                                                                                      ;
; 3:1                ; 32 bits   ; 64 LEs        ; 0 LEs                ; 64 LEs                 ; Yes        ; |de10_standard|soc:u_soc|rv32_axi_master:axi_master_inst|cpu_rdata[11]                                                                                                                   ;
; 3:1                ; 40 bits   ; 80 LEs        ; 0 LEs                ; 80 LEs                 ; Yes        ; |de10_standard|soc:u_soc|rv32_axi_master:axi_master_inst|m_axi_awaddr[0]                                                                                                                 ;
; 3:1                ; 16 bits   ; 32 LEs        ; 0 LEs                ; 32 LEs                 ; Yes        ; |de10_standard|soc:u_soc|axi_slave_top:crypto_accelerator|control_fsm:u_fsm|timeout_cnt[4]                                                                                               ;
; 3:1                ; 8 bits    ; 16 LEs        ; 0 LEs                ; 16 LEs                 ; Yes        ; |de10_standard|soc:u_soc|axi_slave_top:crypto_accelerator|axi_reg_bank:u_reg_bank|axi_araddr[5]                                                                                          ;
; 3:1                ; 8 bits    ; 16 LEs        ; 0 LEs                ; 16 LEs                 ; Yes        ; |de10_standard|soc:u_soc|rv32_axi_master:axi_master_inst|m_axi_araddr[2]                                                                                                                 ;
; 8:1                ; 5 bits    ; 25 LEs        ; 10 LEs               ; 15 LEs                 ; Yes        ; |de10_standard|soc:u_soc|axi_slave_top:crypto_accelerator|axi_slave_core:u_core|aes:u_aes|cnt[4]                                                                                         ;
; 258:1              ; 16 bits   ; 2752 LEs      ; 272 LEs              ; 2480 LEs               ; Yes        ; |de10_standard|soc:u_soc|axi_slave_top:crypto_accelerator|axi_reg_bank:u_reg_bank|axi_rdata[16]                                                                                          ;
; 258:1              ; 13 bits   ; 2236 LEs      ; 156 LEs              ; 2080 LEs               ; Yes        ; |de10_standard|soc:u_soc|axi_slave_top:crypto_accelerator|axi_reg_bank:u_reg_bank|axi_rdata[11]                                                                                          ;
; 5:1                ; 4 bits    ; 12 LEs        ; 8 LEs                ; 4 LEs                  ; Yes        ; |de10_standard|soc:u_soc|axi_slave_top:crypto_accelerator|axi_slave_core:u_core|aes:u_aes|round[0]                                                                                       ;
; 3:1                ; 2 bits    ; 4 LEs         ; 4 LEs                ; 0 LEs                  ; No         ; |de10_standard|soc:u_soc|axi_slave_top:crypto_accelerator|axi_slave_core:u_core|ro_puf_core:u_puf|measurement_engine:u_measurement_engine|measurement_controller:u_controller|next_state ;
; 6:1                ; 3 bits    ; 12 LEs        ; 6 LEs                ; 6 LEs                  ; No         ; |de10_standard|soc:u_soc|axi_slave_top:crypto_accelerator|axi_slave_core:u_core|ro_puf_core:u_puf|Selector2                                                                              ;
; 11:1               ; 3 bits    ; 21 LEs        ; 12 LEs               ; 9 LEs                  ; No         ; |de10_standard|soc:u_soc|rv32_axi_master:axi_master_inst|state                                                                                                                           ;
; 11:1               ; 2 bits    ; 14 LEs        ; 4 LEs                ; 10 LEs                 ; No         ; |de10_standard|soc:u_soc|rv32_axi_master:axi_master_inst|state                                                                                                                           ;
; 15:1               ; 6 bits    ; 60 LEs        ; 42 LEs               ; 18 LEs                 ; No         ; |de10_standard|soc:u_soc|axi_slave_top:crypto_accelerator|control_fsm:u_fsm|Selector1                                                                                                    ;
; 3:1                ; 128 bits  ; 256 LEs       ; 0 LEs                ; 256 LEs                ; Yes        ; |de10_standard|soc:u_soc|axi_slave_top:crypto_accelerator|axi_reg_bank:u_reg_bank|aes_dout_reg[65]                                                                                       ;
; 3:1                ; 8 bits    ; 16 LEs        ; 0 LEs                ; 16 LEs                 ; Yes        ; |de10_standard|soc:u_soc|axi_slave_top:crypto_accelerator|axi_reg_bank:u_reg_bank|axi_awaddr[2]                                                                                          ;
; 3:1                ; 8 bits    ; 16 LEs        ; 8 LEs                ; 8 LEs                  ; Yes        ; |de10_standard|soc:u_soc|axi_slave_top:crypto_accelerator|axi_reg_bank:u_reg_bank|puf_chlg_reg[15]                                                                                       ;
; 3:1                ; 8 bits    ; 16 LEs        ; 0 LEs                ; 16 LEs                 ; Yes        ; |de10_standard|soc:u_soc|axi_slave_top:crypto_accelerator|axi_reg_bank:u_reg_bank|puf_chlg_reg[14]                                                                                       ;
; 3:1                ; 3 bits    ; 6 LEs         ; 3 LEs                ; 3 LEs                  ; Yes        ; |de10_standard|soc:u_soc|axi_slave_top:crypto_accelerator|axi_reg_bank:u_reg_bank|puf_wind_reg[5]                                                                                        ;
; 3:1                ; 29 bits   ; 58 LEs        ; 0 LEs                ; 58 LEs                 ; Yes        ; |de10_standard|soc:u_soc|axi_slave_top:crypto_accelerator|axi_reg_bank:u_reg_bank|puf_wind_reg[20]                                                                                       ;
; 3:1                ; 32 bits   ; 64 LEs        ; 0 LEs                ; 64 LEs                 ; Yes        ; |de10_standard|soc:u_soc|axi_slave_top:crypto_accelerator|axi_reg_bank:u_reg_bank|aes_pt_reg[0][11]                                                                                      ;
; 3:1                ; 32 bits   ; 64 LEs        ; 0 LEs                ; 64 LEs                 ; Yes        ; |de10_standard|soc:u_soc|axi_slave_top:crypto_accelerator|axi_reg_bank:u_reg_bank|aes_pt_reg[1][1]                                                                                       ;
; 3:1                ; 32 bits   ; 64 LEs        ; 0 LEs                ; 64 LEs                 ; Yes        ; |de10_standard|soc:u_soc|axi_slave_top:crypto_accelerator|axi_reg_bank:u_reg_bank|aes_pt_reg[2][5]                                                                                       ;
; 3:1                ; 32 bits   ; 64 LEs        ; 0 LEs                ; 64 LEs                 ; Yes        ; |de10_standard|soc:u_soc|axi_slave_top:crypto_accelerator|axi_reg_bank:u_reg_bank|aes_pt_reg[3][15]                                                                                      ;
; 3:1                ; 32 bits   ; 64 LEs        ; 0 LEs                ; 64 LEs                 ; Yes        ; |de10_standard|soc:u_soc|axi_slave_top:crypto_accelerator|axi_reg_bank:u_reg_bank|aes_ct_reg[0][14]                                                                                      ;
; 3:1                ; 32 bits   ; 64 LEs        ; 0 LEs                ; 64 LEs                 ; Yes        ; |de10_standard|soc:u_soc|axi_slave_top:crypto_accelerator|axi_reg_bank:u_reg_bank|aes_ct_reg[1][3]                                                                                       ;
; 3:1                ; 32 bits   ; 64 LEs        ; 0 LEs                ; 64 LEs                 ; Yes        ; |de10_standard|soc:u_soc|axi_slave_top:crypto_accelerator|axi_reg_bank:u_reg_bank|aes_ct_reg[2][23]                                                                                      ;
; 3:1                ; 32 bits   ; 64 LEs        ; 0 LEs                ; 64 LEs                 ; Yes        ; |de10_standard|soc:u_soc|axi_slave_top:crypto_accelerator|axi_reg_bank:u_reg_bank|aes_ct_reg[3][28]                                                                                      ;
; 3:1                ; 32 bits   ; 64 LEs        ; 0 LEs                ; 64 LEs                 ; Yes        ; |de10_standard|soc:u_soc|axi_slave_top:crypto_accelerator|axi_reg_bank:u_reg_bank|ecc_helper_reg[0][13]                                                                                  ;
; 3:1                ; 32 bits   ; 64 LEs        ; 0 LEs                ; 64 LEs                 ; Yes        ; |de10_standard|soc:u_soc|axi_slave_top:crypto_accelerator|axi_reg_bank:u_reg_bank|ecc_helper_reg[1][29]                                                                                  ;
; 3:1                ; 32 bits   ; 64 LEs        ; 0 LEs                ; 64 LEs                 ; Yes        ; |de10_standard|soc:u_soc|axi_slave_top:crypto_accelerator|axi_reg_bank:u_reg_bank|ecc_helper_reg[2][0]                                                                                   ;
; 3:1                ; 2 bits    ; 4 LEs         ; 4 LEs                ; 0 LEs                  ; No         ; |de10_standard|soc:u_soc|axi_slave_top:crypto_accelerator|axi_reg_bank:u_reg_bank|axi_bresp                                                                                              ;
; 3:1                ; 6 bits    ; 12 LEs        ; 12 LEs               ; 0 LEs                  ; Yes        ; |de10_standard|soc:u_soc|axi_slave_top:crypto_accelerator|axi_slave_core:u_core|sha256_top:u_sha256|sha256:sha256_core|round_cnt_reg[5]                                                  ;
; 4:1                ; 128 bits  ; 256 LEs       ; 256 LEs              ; 0 LEs                  ; Yes        ; |de10_standard|soc:u_soc|axi_slave_top:crypto_accelerator|axi_slave_core:u_core|sha256_top:u_sha256|sha256:sha256_core|a_reg[27]                                                         ;
; 17:1               ; 32 bits   ; 352 LEs       ; 352 LEs              ; 0 LEs                  ; No         ; |de10_standard|soc:u_soc|axi_slave_top:crypto_accelerator|axi_slave_core:u_core|sha256_top:u_sha256|sha256:sha256_core|sha256_m_schedule:m_schedule|w_out[0]                             ;
; 3:1                ; 2 bits    ; 4 LEs         ; 4 LEs                ; 0 LEs                  ; Yes        ; |de10_standard|soc:u_soc|RV32I:rv32|ID_EX_imm[20]                                                                                                                                        ;
; 3:1                ; 6 bits    ; 12 LEs        ; 12 LEs               ; 0 LEs                  ; Yes        ; |de10_standard|soc:u_soc|RV32I:rv32|ID_EX_imm[6]                                                                                                                                         ;
; 3:1                ; 2 bits    ; 4 LEs         ; 2 LEs                ; 2 LEs                  ; Yes        ; |de10_standard|soc:u_soc|RV32I:rv32|IF_ID_Instruction[4]                                                                                                                                 ;
; 3:1                ; 59 bits   ; 118 LEs       ; 0 LEs                ; 118 LEs                ; Yes        ; |de10_standard|soc:u_soc|RV32I:rv32|IF_ID_Instruction[15]                                                                                                                                ;
; 4:1                ; 6 bits    ; 12 LEs        ; 12 LEs               ; 0 LEs                  ; Yes        ; |de10_standard|soc:u_soc|RV32I:rv32|ID_EX_imm[14]                                                                                                                                        ;
; 9:1                ; 4 bits    ; 24 LEs        ; 16 LEs               ; 8 LEs                  ; Yes        ; |de10_standard|soc:u_soc|RV32I:rv32|ID_EX_imm[4]                                                                                                                                         ;
; 6:1                ; 9 bits    ; 36 LEs        ; 18 LEs               ; 18 LEs                 ; Yes        ; |de10_standard|soc:u_soc|RV32I:rv32|ID_EX_imm[23]                                                                                                                                        ;
; 18:1               ; 32 bits   ; 384 LEs       ; 320 LEs              ; 64 LEs                 ; Yes        ; |de10_standard|soc:u_soc|RV32I:rv32|ID_EX_rv1[3]                                                                                                                                         ;
; 34:1               ; 32 bits   ; 704 LEs       ; 704 LEs              ; 0 LEs                  ; Yes        ; |de10_standard|soc:u_soc|RV32I:rv32|ID_EX_rv2[9]                                                                                                                                         ;
; 20:1               ; 12 bits   ; 156 LEs       ; 72 LEs               ; 84 LEs                 ; Yes        ; |de10_standard|soc:u_soc|RV32I:rv32|EX_MEM_ALU_result[20]                                                                                                                                ;
; 20:1               ; 12 bits   ; 156 LEs       ; 72 LEs               ; 84 LEs                 ; Yes        ; |de10_standard|soc:u_soc|RV32I:rv32|EX_MEM_ALU_result[15]                                                                                                                                ;
; 23:1               ; 4 bits    ; 60 LEs        ; 48 LEs               ; 12 LEs                 ; Yes        ; |de10_standard|soc:u_soc|RV32I:rv32|EX_MEM_ALU_result[29]                                                                                                                                ;
; 23:1               ; 3 bits    ; 45 LEs        ; 36 LEs               ; 9 LEs                  ; Yes        ; |de10_standard|soc:u_soc|RV32I:rv32|EX_MEM_ALU_result[2]                                                                                                                                 ;
; 4:1                ; 2 bits    ; 4 LEs         ; 4 LEs                ; 0 LEs                  ; No         ; |de10_standard|soc:u_soc|RV32I:rv32|ALU:A0|ShiftLeft0                                                                                                                                    ;
; 4:1                ; 2 bits    ; 4 LEs         ; 4 LEs                ; 0 LEs                  ; No         ; |de10_standard|soc:u_soc|RV32I:rv32|ALU:A0|ShiftLeft0                                                                                                                                    ;
; 4:1                ; 50 bits   ; 100 LEs       ; 100 LEs              ; 0 LEs                  ; No         ; |de10_standard|soc:u_soc|RV32I:rv32|ALU:A0|ShiftRight0                                                                                                                                   ;
; 4:1                ; 8 bits    ; 16 LEs        ; 16 LEs               ; 0 LEs                  ; No         ; |de10_standard|soc:u_soc|RV32I:rv32|ALU:A0|ShiftLeft0                                                                                                                                    ;
; 4:1                ; 8 bits    ; 16 LEs        ; 16 LEs               ; 0 LEs                  ; No         ; |de10_standard|soc:u_soc|RV32I:rv32|ALU:A0|ShiftRight0                                                                                                                                   ;
; 4:1                ; 8 bits    ; 16 LEs        ; 16 LEs               ; 0 LEs                  ; No         ; |de10_standard|soc:u_soc|RV32I:rv32|ALU:A0|ShiftLeft0                                                                                                                                    ;
; 4:1                ; 32 bits   ; 64 LEs        ; 64 LEs               ; 0 LEs                  ; No         ; |de10_standard|soc:u_soc|RV32I:rv32|forwardB_data[13]                                                                                                                                    ;
; 3:1                ; 32 bits   ; 64 LEs        ; 0 LEs                ; 64 LEs                 ; No         ; |de10_standard|soc:u_soc|RV32I:rv32|ALU:A0|Add0                                                                                                                                          ;
; 3:1                ; 32 bits   ; 64 LEs        ; 32 LEs               ; 32 LEs                 ; No         ; |de10_standard|soc:u_soc|RV32I:rv32|ALU:A0|Add0                                                                                                                                          ;
; 5:1                ; 32 bits   ; 96 LEs        ; 64 LEs               ; 32 LEs                 ; No         ; |de10_standard|soc:u_soc|RV32I:rv32|ALU_A[9]                                                                                                                                             ;
; 5:1                ; 64 bits   ; 192 LEs       ; 192 LEs              ; 0 LEs                  ; No         ; |de10_standard|soc:u_soc|axi_slave_top:crypto_accelerator|axi_slave_core:u_core|aes:u_aes|mc_a0_t[6]                                                                                     ;
; 5:1                ; 64 bits   ; 192 LEs       ; 192 LEs              ; 0 LEs                  ; No         ; |de10_standard|soc:u_soc|axi_slave_top:crypto_accelerator|axi_slave_core:u_core|aes:u_aes|imc_a0_t[7]                                                                                    ;
; 3:1                ; 136 bits  ; 272 LEs       ; 136 LEs              ; 136 LEs                ; Yes        ; |de10_standard|soc:u_soc|axi_slave_top:crypto_accelerator|axi_slave_core:u_core|sha256_top:u_sha256|sha256:sha256_core|h0_reg[27]                                                        ;
; 3:1                ; 120 bits  ; 240 LEs       ; 0 LEs                ; 240 LEs                ; Yes        ; |de10_standard|soc:u_soc|axi_slave_top:crypto_accelerator|axi_slave_core:u_core|sha256_top:u_sha256|sha256:sha256_core|h6_reg[31]                                                        ;
; 4:1                ; 128 bits  ; 256 LEs       ; 256 LEs              ; 0 LEs                  ; Yes        ; |de10_standard|soc:u_soc|axi_slave_top:crypto_accelerator|axi_slave_core:u_core|sha256_top:u_sha256|sha256:sha256_core|d_reg[18]                                                         ;
+--------------------+-----------+---------------+----------------------+------------------------+------------+------------------------------------------------------------------------------------------------------------------------------------------------------------------------------------------+


+--------------------------------------------------------+
; Parameter Settings for User Entity Instance: soc:u_soc ;
+-----------------+----------+---------------------------+
; Parameter Name  ; Value    ; Type                      ;
+-----------------+----------+---------------------------+
; SHA_ADDR_CTRL   ; 00000000 ; Unsigned Binary           ;
; SHA_ADDR_STATUS ; 00000100 ; Unsigned Binary           ;
; AES_ADDR_CTRL   ; 00001000 ; Unsigned Binary           ;
; ECC_ADDR_CTRL   ; 00001100 ; Unsigned Binary           ;
; PUF_ADDR_CTRL   ; 00010000 ; Unsigned Binary           ;
+-----------------+----------+---------------------------+
Note: In order to hide this table in the UI and the text report file, please set the "Show Parameter Settings in Synthesis Report" option in "Analysis and Synthesis Settings -> More Settings" to "Off".


+---------------------------------------------------------------------------------------------------------------------------------+
; Parameter Settings for User Entity Instance: soc:u_soc|axi_slave_top:crypto_accelerator|axi_slave_core:u_core|ro_puf_core:u_puf ;
+----------------+-------+--------------------------------------------------------------------------------------------------------+
; Parameter Name ; Value ; Type                                                                                                   ;
+----------------+-------+--------------------------------------------------------------------------------------------------------+
; NUM_RO         ; 64    ; Signed Integer                                                                                         ;
; COUNTER_WIDTH  ; 24    ; Signed Integer                                                                                         ;
; WINDOW_WIDTH   ; 32    ; Signed Integer                                                                                         ;
; RESPONSE_BITS  ; 512   ; Signed Integer                                                                                         ;
; CHALLENGE_W    ; 16    ; Signed Integer                                                                                         ;
+----------------+-------+--------------------------------------------------------------------------------------------------------+
Note: In order to hide this table in the UI and the text report file, please set the "Show Parameter Settings in Synthesis Report" option in "Analysis and Synthesis Settings -> More Settings" to "Off".


+---------------------------------------------------------------------------------------------------------------------------------------------------+
; Parameter Settings for User Entity Instance: soc:u_soc|axi_slave_top:crypto_accelerator|axi_slave_core:u_core|ro_puf_core:u_puf|ro_bank:u_ro_bank ;
+----------------+-------+--------------------------------------------------------------------------------------------------------------------------+
; Parameter Name ; Value ; Type                                                                                                                     ;
+----------------+-------+--------------------------------------------------------------------------------------------------------------------------+
; NUM_RO         ; 64    ; Signed Integer                                                                                                           ;
+----------------+-------+--------------------------------------------------------------------------------------------------------------------------+
Note: In order to hide this table in the UI and the text report file, please set the "Show Parameter Settings in Synthesis Report" option in "Analysis and Synthesis Settings -> More Settings" to "Off".


+----------------------------------------------------------------------------------------------------------------------------------------------------------------------------+
; Parameter Settings for User Entity Instance: soc:u_soc|axi_slave_top:crypto_accelerator|axi_slave_core:u_core|ro_puf_core:u_puf|ro_bank:u_ro_bank|ro_cell:RO_ARRAY[0].u_ro ;
+----------------+-------+---------------------------------------------------------------------------------------------------------------------------------------------------+
; Parameter Name ; Value ; Type                                                                                                                                              ;
+----------------+-------+---------------------------------------------------------------------------------------------------------------------------------------------------+
; ID             ; 0     ; Signed Integer                                                                                                                                    ;
+----------------+-------+---------------------------------------------------------------------------------------------------------------------------------------------------+
Note: In order to hide this table in the UI and the text report file, please set the "Show Parameter Settings in Synthesis Report" option in "Analysis and Synthesis Settings -> More Settings" to "Off".


+----------------------------------------------------------------------------------------------------------------------------------------------------------------------------+
; Parameter Settings for User Entity Instance: soc:u_soc|axi_slave_top:crypto_accelerator|axi_slave_core:u_core|ro_puf_core:u_puf|ro_bank:u_ro_bank|ro_cell:RO_ARRAY[1].u_ro ;
+----------------+-------+---------------------------------------------------------------------------------------------------------------------------------------------------+
; Parameter Name ; Value ; Type                                                                                                                                              ;
+----------------+-------+---------------------------------------------------------------------------------------------------------------------------------------------------+
; ID             ; 1     ; Signed Integer                                                                                                                                    ;
+----------------+-------+---------------------------------------------------------------------------------------------------------------------------------------------------+
Note: In order to hide this table in the UI and the text report file, please set the "Show Parameter Settings in Synthesis Report" option in "Analysis and Synthesis Settings -> More Settings" to "Off".


+----------------------------------------------------------------------------------------------------------------------------------------------------------------------------+
; Parameter Settings for User Entity Instance: soc:u_soc|axi_slave_top:crypto_accelerator|axi_slave_core:u_core|ro_puf_core:u_puf|ro_bank:u_ro_bank|ro_cell:RO_ARRAY[2].u_ro ;
+----------------+-------+---------------------------------------------------------------------------------------------------------------------------------------------------+
; Parameter Name ; Value ; Type                                                                                                                                              ;
+----------------+-------+---------------------------------------------------------------------------------------------------------------------------------------------------+
; ID             ; 2     ; Signed Integer                                                                                                                                    ;
+----------------+-------+---------------------------------------------------------------------------------------------------------------------------------------------------+
Note: In order to hide this table in the UI and the text report file, please set the "Show Parameter Settings in Synthesis Report" option in "Analysis and Synthesis Settings -> More Settings" to "Off".


+----------------------------------------------------------------------------------------------------------------------------------------------------------------------------+
; Parameter Settings for User Entity Instance: soc:u_soc|axi_slave_top:crypto_accelerator|axi_slave_core:u_core|ro_puf_core:u_puf|ro_bank:u_ro_bank|ro_cell:RO_ARRAY[3].u_ro ;
+----------------+-------+---------------------------------------------------------------------------------------------------------------------------------------------------+
; Parameter Name ; Value ; Type                                                                                                                                              ;
+----------------+-------+---------------------------------------------------------------------------------------------------------------------------------------------------+
; ID             ; 3     ; Signed Integer                                                                                                                                    ;
+----------------+-------+---------------------------------------------------------------------------------------------------------------------------------------------------+
Note: In order to hide this table in the UI and the text report file, please set the "Show Parameter Settings in Synthesis Report" option in "Analysis and Synthesis Settings -> More Settings" to "Off".


+----------------------------------------------------------------------------------------------------------------------------------------------------------------------------+
; Parameter Settings for User Entity Instance: soc:u_soc|axi_slave_top:crypto_accelerator|axi_slave_core:u_core|ro_puf_core:u_puf|ro_bank:u_ro_bank|ro_cell:RO_ARRAY[4].u_ro ;
+----------------+-------+---------------------------------------------------------------------------------------------------------------------------------------------------+
; Parameter Name ; Value ; Type                                                                                                                                              ;
+----------------+-------+---------------------------------------------------------------------------------------------------------------------------------------------------+
; ID             ; 4     ; Signed Integer                                                                                                                                    ;
+----------------+-------+---------------------------------------------------------------------------------------------------------------------------------------------------+
Note: In order to hide this table in the UI and the text report file, please set the "Show Parameter Settings in Synthesis Report" option in "Analysis and Synthesis Settings -> More Settings" to "Off".


+----------------------------------------------------------------------------------------------------------------------------------------------------------------------------+
; Parameter Settings for User Entity Instance: soc:u_soc|axi_slave_top:crypto_accelerator|axi_slave_core:u_core|ro_puf_core:u_puf|ro_bank:u_ro_bank|ro_cell:RO_ARRAY[5].u_ro ;
+----------------+-------+---------------------------------------------------------------------------------------------------------------------------------------------------+
; Parameter Name ; Value ; Type                                                                                                                                              ;
+----------------+-------+---------------------------------------------------------------------------------------------------------------------------------------------------+
; ID             ; 5     ; Signed Integer                                                                                                                                    ;
+----------------+-------+---------------------------------------------------------------------------------------------------------------------------------------------------+
Note: In order to hide this table in the UI and the text report file, please set the "Show Parameter Settings in Synthesis Report" option in "Analysis and Synthesis Settings -> More Settings" to "Off".


+----------------------------------------------------------------------------------------------------------------------------------------------------------------------------+
; Parameter Settings for User Entity Instance: soc:u_soc|axi_slave_top:crypto_accelerator|axi_slave_core:u_core|ro_puf_core:u_puf|ro_bank:u_ro_bank|ro_cell:RO_ARRAY[6].u_ro ;
+----------------+-------+---------------------------------------------------------------------------------------------------------------------------------------------------+
; Parameter Name ; Value ; Type                                                                                                                                              ;
+----------------+-------+---------------------------------------------------------------------------------------------------------------------------------------------------+
; ID             ; 6     ; Signed Integer                                                                                                                                    ;
+----------------+-------+---------------------------------------------------------------------------------------------------------------------------------------------------+
Note: In order to hide this table in the UI and the text report file, please set the "Show Parameter Settings in Synthesis Report" option in "Analysis and Synthesis Settings -> More Settings" to "Off".


+----------------------------------------------------------------------------------------------------------------------------------------------------------------------------+
; Parameter Settings for User Entity Instance: soc:u_soc|axi_slave_top:crypto_accelerator|axi_slave_core:u_core|ro_puf_core:u_puf|ro_bank:u_ro_bank|ro_cell:RO_ARRAY[7].u_ro ;
+----------------+-------+---------------------------------------------------------------------------------------------------------------------------------------------------+
; Parameter Name ; Value ; Type                                                                                                                                              ;
+----------------+-------+---------------------------------------------------------------------------------------------------------------------------------------------------+
; ID             ; 7     ; Signed Integer                                                                                                                                    ;
+----------------+-------+---------------------------------------------------------------------------------------------------------------------------------------------------+
Note: In order to hide this table in the UI and the text report file, please set the "Show Parameter Settings in Synthesis Report" option in "Analysis and Synthesis Settings -> More Settings" to "Off".


+----------------------------------------------------------------------------------------------------------------------------------------------------------------------------+
; Parameter Settings for User Entity Instance: soc:u_soc|axi_slave_top:crypto_accelerator|axi_slave_core:u_core|ro_puf_core:u_puf|ro_bank:u_ro_bank|ro_cell:RO_ARRAY[8].u_ro ;
+----------------+-------+---------------------------------------------------------------------------------------------------------------------------------------------------+
; Parameter Name ; Value ; Type                                                                                                                                              ;
+----------------+-------+---------------------------------------------------------------------------------------------------------------------------------------------------+
; ID             ; 8     ; Signed Integer                                                                                                                                    ;
+----------------+-------+---------------------------------------------------------------------------------------------------------------------------------------------------+
Note: In order to hide this table in the UI and the text report file, please set the "Show Parameter Settings in Synthesis Report" option in "Analysis and Synthesis Settings -> More Settings" to "Off".


+----------------------------------------------------------------------------------------------------------------------------------------------------------------------------+
; Parameter Settings for User Entity Instance: soc:u_soc|axi_slave_top:crypto_accelerator|axi_slave_core:u_core|ro_puf_core:u_puf|ro_bank:u_ro_bank|ro_cell:RO_ARRAY[9].u_ro ;
+----------------+-------+---------------------------------------------------------------------------------------------------------------------------------------------------+
; Parameter Name ; Value ; Type                                                                                                                                              ;
+----------------+-------+---------------------------------------------------------------------------------------------------------------------------------------------------+
; ID             ; 9     ; Signed Integer                                                                                                                                    ;
+----------------+-------+---------------------------------------------------------------------------------------------------------------------------------------------------+
Note: In order to hide this table in the UI and the text report file, please set the "Show Parameter Settings in Synthesis Report" option in "Analysis and Synthesis Settings -> More Settings" to "Off".


+-----------------------------------------------------------------------------------------------------------------------------------------------------------------------------+
; Parameter Settings for User Entity Instance: soc:u_soc|axi_slave_top:crypto_accelerator|axi_slave_core:u_core|ro_puf_core:u_puf|ro_bank:u_ro_bank|ro_cell:RO_ARRAY[10].u_ro ;
+----------------+-------+----------------------------------------------------------------------------------------------------------------------------------------------------+
; Parameter Name ; Value ; Type                                                                                                                                               ;
+----------------+-------+----------------------------------------------------------------------------------------------------------------------------------------------------+
; ID             ; 10    ; Signed Integer                                                                                                                                     ;
+----------------+-------+----------------------------------------------------------------------------------------------------------------------------------------------------+
Note: In order to hide this table in the UI and the text report file, please set the "Show Parameter Settings in Synthesis Report" option in "Analysis and Synthesis Settings -> More Settings" to "Off".


+-----------------------------------------------------------------------------------------------------------------------------------------------------------------------------+
; Parameter Settings for User Entity Instance: soc:u_soc|axi_slave_top:crypto_accelerator|axi_slave_core:u_core|ro_puf_core:u_puf|ro_bank:u_ro_bank|ro_cell:RO_ARRAY[11].u_ro ;
+----------------+-------+----------------------------------------------------------------------------------------------------------------------------------------------------+
; Parameter Name ; Value ; Type                                                                                                                                               ;
+----------------+-------+----------------------------------------------------------------------------------------------------------------------------------------------------+
; ID             ; 11    ; Signed Integer                                                                                                                                     ;
+----------------+-------+----------------------------------------------------------------------------------------------------------------------------------------------------+
Note: In order to hide this table in the UI and the text report file, please set the "Show Parameter Settings in Synthesis Report" option in "Analysis and Synthesis Settings -> More Settings" to "Off".


+-----------------------------------------------------------------------------------------------------------------------------------------------------------------------------+
; Parameter Settings for User Entity Instance: soc:u_soc|axi_slave_top:crypto_accelerator|axi_slave_core:u_core|ro_puf_core:u_puf|ro_bank:u_ro_bank|ro_cell:RO_ARRAY[12].u_ro ;
+----------------+-------+----------------------------------------------------------------------------------------------------------------------------------------------------+
; Parameter Name ; Value ; Type                                                                                                                                               ;
+----------------+-------+----------------------------------------------------------------------------------------------------------------------------------------------------+
; ID             ; 12    ; Signed Integer                                                                                                                                     ;
+----------------+-------+----------------------------------------------------------------------------------------------------------------------------------------------------+
Note: In order to hide this table in the UI and the text report file, please set the "Show Parameter Settings in Synthesis Report" option in "Analysis and Synthesis Settings -> More Settings" to "Off".


+-----------------------------------------------------------------------------------------------------------------------------------------------------------------------------+
; Parameter Settings for User Entity Instance: soc:u_soc|axi_slave_top:crypto_accelerator|axi_slave_core:u_core|ro_puf_core:u_puf|ro_bank:u_ro_bank|ro_cell:RO_ARRAY[13].u_ro ;
+----------------+-------+----------------------------------------------------------------------------------------------------------------------------------------------------+
; Parameter Name ; Value ; Type                                                                                                                                               ;
+----------------+-------+----------------------------------------------------------------------------------------------------------------------------------------------------+
; ID             ; 13    ; Signed Integer                                                                                                                                     ;
+----------------+-------+----------------------------------------------------------------------------------------------------------------------------------------------------+
Note: In order to hide this table in the UI and the text report file, please set the "Show Parameter Settings in Synthesis Report" option in "Analysis and Synthesis Settings -> More Settings" to "Off".


+-----------------------------------------------------------------------------------------------------------------------------------------------------------------------------+
; Parameter Settings for User Entity Instance: soc:u_soc|axi_slave_top:crypto_accelerator|axi_slave_core:u_core|ro_puf_core:u_puf|ro_bank:u_ro_bank|ro_cell:RO_ARRAY[14].u_ro ;
+----------------+-------+----------------------------------------------------------------------------------------------------------------------------------------------------+
; Parameter Name ; Value ; Type                                                                                                                                               ;
+----------------+-------+----------------------------------------------------------------------------------------------------------------------------------------------------+
; ID             ; 14    ; Signed Integer                                                                                                                                     ;
+----------------+-------+----------------------------------------------------------------------------------------------------------------------------------------------------+
Note: In order to hide this table in the UI and the text report file, please set the "Show Parameter Settings in Synthesis Report" option in "Analysis and Synthesis Settings -> More Settings" to "Off".


+-----------------------------------------------------------------------------------------------------------------------------------------------------------------------------+
; Parameter Settings for User Entity Instance: soc:u_soc|axi_slave_top:crypto_accelerator|axi_slave_core:u_core|ro_puf_core:u_puf|ro_bank:u_ro_bank|ro_cell:RO_ARRAY[15].u_ro ;
+----------------+-------+----------------------------------------------------------------------------------------------------------------------------------------------------+
; Parameter Name ; Value ; Type                                                                                                                                               ;
+----------------+-------+----------------------------------------------------------------------------------------------------------------------------------------------------+
; ID             ; 15    ; Signed Integer                                                                                                                                     ;
+----------------+-------+----------------------------------------------------------------------------------------------------------------------------------------------------+
Note: In order to hide this table in the UI and the text report file, please set the "Show Parameter Settings in Synthesis Report" option in "Analysis and Synthesis Settings -> More Settings" to "Off".


+-----------------------------------------------------------------------------------------------------------------------------------------------------------------------------+
; Parameter Settings for User Entity Instance: soc:u_soc|axi_slave_top:crypto_accelerator|axi_slave_core:u_core|ro_puf_core:u_puf|ro_bank:u_ro_bank|ro_cell:RO_ARRAY[16].u_ro ;
+----------------+-------+----------------------------------------------------------------------------------------------------------------------------------------------------+
; Parameter Name ; Value ; Type                                                                                                                                               ;
+----------------+-------+----------------------------------------------------------------------------------------------------------------------------------------------------+
; ID             ; 16    ; Signed Integer                                                                                                                                     ;
+----------------+-------+----------------------------------------------------------------------------------------------------------------------------------------------------+
Note: In order to hide this table in the UI and the text report file, please set the "Show Parameter Settings in Synthesis Report" option in "Analysis and Synthesis Settings -> More Settings" to "Off".


+-----------------------------------------------------------------------------------------------------------------------------------------------------------------------------+
; Parameter Settings for User Entity Instance: soc:u_soc|axi_slave_top:crypto_accelerator|axi_slave_core:u_core|ro_puf_core:u_puf|ro_bank:u_ro_bank|ro_cell:RO_ARRAY[17].u_ro ;
+----------------+-------+----------------------------------------------------------------------------------------------------------------------------------------------------+
; Parameter Name ; Value ; Type                                                                                                                                               ;
+----------------+-------+----------------------------------------------------------------------------------------------------------------------------------------------------+
; ID             ; 17    ; Signed Integer                                                                                                                                     ;
+----------------+-------+----------------------------------------------------------------------------------------------------------------------------------------------------+
Note: In order to hide this table in the UI and the text report file, please set the "Show Parameter Settings in Synthesis Report" option in "Analysis and Synthesis Settings -> More Settings" to "Off".


+-----------------------------------------------------------------------------------------------------------------------------------------------------------------------------+
; Parameter Settings for User Entity Instance: soc:u_soc|axi_slave_top:crypto_accelerator|axi_slave_core:u_core|ro_puf_core:u_puf|ro_bank:u_ro_bank|ro_cell:RO_ARRAY[18].u_ro ;
+----------------+-------+----------------------------------------------------------------------------------------------------------------------------------------------------+
; Parameter Name ; Value ; Type                                                                                                                                               ;
+----------------+-------+----------------------------------------------------------------------------------------------------------------------------------------------------+
; ID             ; 18    ; Signed Integer                                                                                                                                     ;
+----------------+-------+----------------------------------------------------------------------------------------------------------------------------------------------------+
Note: In order to hide this table in the UI and the text report file, please set the "Show Parameter Settings in Synthesis Report" option in "Analysis and Synthesis Settings -> More Settings" to "Off".


+-----------------------------------------------------------------------------------------------------------------------------------------------------------------------------+
; Parameter Settings for User Entity Instance: soc:u_soc|axi_slave_top:crypto_accelerator|axi_slave_core:u_core|ro_puf_core:u_puf|ro_bank:u_ro_bank|ro_cell:RO_ARRAY[19].u_ro ;
+----------------+-------+----------------------------------------------------------------------------------------------------------------------------------------------------+
; Parameter Name ; Value ; Type                                                                                                                                               ;
+----------------+-------+----------------------------------------------------------------------------------------------------------------------------------------------------+
; ID             ; 19    ; Signed Integer                                                                                                                                     ;
+----------------+-------+----------------------------------------------------------------------------------------------------------------------------------------------------+
Note: In order to hide this table in the UI and the text report file, please set the "Show Parameter Settings in Synthesis Report" option in "Analysis and Synthesis Settings -> More Settings" to "Off".


+-----------------------------------------------------------------------------------------------------------------------------------------------------------------------------+
; Parameter Settings for User Entity Instance: soc:u_soc|axi_slave_top:crypto_accelerator|axi_slave_core:u_core|ro_puf_core:u_puf|ro_bank:u_ro_bank|ro_cell:RO_ARRAY[20].u_ro ;
+----------------+-------+----------------------------------------------------------------------------------------------------------------------------------------------------+
; Parameter Name ; Value ; Type                                                                                                                                               ;
+----------------+-------+----------------------------------------------------------------------------------------------------------------------------------------------------+
; ID             ; 20    ; Signed Integer                                                                                                                                     ;
+----------------+-------+----------------------------------------------------------------------------------------------------------------------------------------------------+
Note: In order to hide this table in the UI and the text report file, please set the "Show Parameter Settings in Synthesis Report" option in "Analysis and Synthesis Settings -> More Settings" to "Off".


+-----------------------------------------------------------------------------------------------------------------------------------------------------------------------------+
; Parameter Settings for User Entity Instance: soc:u_soc|axi_slave_top:crypto_accelerator|axi_slave_core:u_core|ro_puf_core:u_puf|ro_bank:u_ro_bank|ro_cell:RO_ARRAY[21].u_ro ;
+----------------+-------+----------------------------------------------------------------------------------------------------------------------------------------------------+
; Parameter Name ; Value ; Type                                                                                                                                               ;
+----------------+-------+----------------------------------------------------------------------------------------------------------------------------------------------------+
; ID             ; 21    ; Signed Integer                                                                                                                                     ;
+----------------+-------+----------------------------------------------------------------------------------------------------------------------------------------------------+
Note: In order to hide this table in the UI and the text report file, please set the "Show Parameter Settings in Synthesis Report" option in "Analysis and Synthesis Settings -> More Settings" to "Off".


+-----------------------------------------------------------------------------------------------------------------------------------------------------------------------------+
; Parameter Settings for User Entity Instance: soc:u_soc|axi_slave_top:crypto_accelerator|axi_slave_core:u_core|ro_puf_core:u_puf|ro_bank:u_ro_bank|ro_cell:RO_ARRAY[22].u_ro ;
+----------------+-------+----------------------------------------------------------------------------------------------------------------------------------------------------+
; Parameter Name ; Value ; Type                                                                                                                                               ;
+----------------+-------+----------------------------------------------------------------------------------------------------------------------------------------------------+
; ID             ; 22    ; Signed Integer                                                                                                                                     ;
+----------------+-------+----------------------------------------------------------------------------------------------------------------------------------------------------+
Note: In order to hide this table in the UI and the text report file, please set the "Show Parameter Settings in Synthesis Report" option in "Analysis and Synthesis Settings -> More Settings" to "Off".


+-----------------------------------------------------------------------------------------------------------------------------------------------------------------------------+
; Parameter Settings for User Entity Instance: soc:u_soc|axi_slave_top:crypto_accelerator|axi_slave_core:u_core|ro_puf_core:u_puf|ro_bank:u_ro_bank|ro_cell:RO_ARRAY[23].u_ro ;
+----------------+-------+----------------------------------------------------------------------------------------------------------------------------------------------------+
; Parameter Name ; Value ; Type                                                                                                                                               ;
+----------------+-------+----------------------------------------------------------------------------------------------------------------------------------------------------+
; ID             ; 23    ; Signed Integer                                                                                                                                     ;
+----------------+-------+----------------------------------------------------------------------------------------------------------------------------------------------------+
Note: In order to hide this table in the UI and the text report file, please set the "Show Parameter Settings in Synthesis Report" option in "Analysis and Synthesis Settings -> More Settings" to "Off".


+-----------------------------------------------------------------------------------------------------------------------------------------------------------------------------+
; Parameter Settings for User Entity Instance: soc:u_soc|axi_slave_top:crypto_accelerator|axi_slave_core:u_core|ro_puf_core:u_puf|ro_bank:u_ro_bank|ro_cell:RO_ARRAY[24].u_ro ;
+----------------+-------+----------------------------------------------------------------------------------------------------------------------------------------------------+
; Parameter Name ; Value ; Type                                                                                                                                               ;
+----------------+-------+----------------------------------------------------------------------------------------------------------------------------------------------------+
; ID             ; 24    ; Signed Integer                                                                                                                                     ;
+----------------+-------+----------------------------------------------------------------------------------------------------------------------------------------------------+
Note: In order to hide this table in the UI and the text report file, please set the "Show Parameter Settings in Synthesis Report" option in "Analysis and Synthesis Settings -> More Settings" to "Off".


+-----------------------------------------------------------------------------------------------------------------------------------------------------------------------------+
; Parameter Settings for User Entity Instance: soc:u_soc|axi_slave_top:crypto_accelerator|axi_slave_core:u_core|ro_puf_core:u_puf|ro_bank:u_ro_bank|ro_cell:RO_ARRAY[25].u_ro ;
+----------------+-------+----------------------------------------------------------------------------------------------------------------------------------------------------+
; Parameter Name ; Value ; Type                                                                                                                                               ;
+----------------+-------+----------------------------------------------------------------------------------------------------------------------------------------------------+
; ID             ; 25    ; Signed Integer                                                                                                                                     ;
+----------------+-------+----------------------------------------------------------------------------------------------------------------------------------------------------+
Note: In order to hide this table in the UI and the text report file, please set the "Show Parameter Settings in Synthesis Report" option in "Analysis and Synthesis Settings -> More Settings" to "Off".


+-----------------------------------------------------------------------------------------------------------------------------------------------------------------------------+
; Parameter Settings for User Entity Instance: soc:u_soc|axi_slave_top:crypto_accelerator|axi_slave_core:u_core|ro_puf_core:u_puf|ro_bank:u_ro_bank|ro_cell:RO_ARRAY[26].u_ro ;
+----------------+-------+----------------------------------------------------------------------------------------------------------------------------------------------------+
; Parameter Name ; Value ; Type                                                                                                                                               ;
+----------------+-------+----------------------------------------------------------------------------------------------------------------------------------------------------+
; ID             ; 26    ; Signed Integer                                                                                                                                     ;
+----------------+-------+----------------------------------------------------------------------------------------------------------------------------------------------------+
Note: In order to hide this table in the UI and the text report file, please set the "Show Parameter Settings in Synthesis Report" option in "Analysis and Synthesis Settings -> More Settings" to "Off".


+-----------------------------------------------------------------------------------------------------------------------------------------------------------------------------+
; Parameter Settings for User Entity Instance: soc:u_soc|axi_slave_top:crypto_accelerator|axi_slave_core:u_core|ro_puf_core:u_puf|ro_bank:u_ro_bank|ro_cell:RO_ARRAY[27].u_ro ;
+----------------+-------+----------------------------------------------------------------------------------------------------------------------------------------------------+
; Parameter Name ; Value ; Type                                                                                                                                               ;
+----------------+-------+----------------------------------------------------------------------------------------------------------------------------------------------------+
; ID             ; 27    ; Signed Integer                                                                                                                                     ;
+----------------+-------+----------------------------------------------------------------------------------------------------------------------------------------------------+
Note: In order to hide this table in the UI and the text report file, please set the "Show Parameter Settings in Synthesis Report" option in "Analysis and Synthesis Settings -> More Settings" to "Off".


+-----------------------------------------------------------------------------------------------------------------------------------------------------------------------------+
; Parameter Settings for User Entity Instance: soc:u_soc|axi_slave_top:crypto_accelerator|axi_slave_core:u_core|ro_puf_core:u_puf|ro_bank:u_ro_bank|ro_cell:RO_ARRAY[28].u_ro ;
+----------------+-------+----------------------------------------------------------------------------------------------------------------------------------------------------+
; Parameter Name ; Value ; Type                                                                                                                                               ;
+----------------+-------+----------------------------------------------------------------------------------------------------------------------------------------------------+
; ID             ; 28    ; Signed Integer                                                                                                                                     ;
+----------------+-------+----------------------------------------------------------------------------------------------------------------------------------------------------+
Note: In order to hide this table in the UI and the text report file, please set the "Show Parameter Settings in Synthesis Report" option in "Analysis and Synthesis Settings -> More Settings" to "Off".


+-----------------------------------------------------------------------------------------------------------------------------------------------------------------------------+
; Parameter Settings for User Entity Instance: soc:u_soc|axi_slave_top:crypto_accelerator|axi_slave_core:u_core|ro_puf_core:u_puf|ro_bank:u_ro_bank|ro_cell:RO_ARRAY[29].u_ro ;
+----------------+-------+----------------------------------------------------------------------------------------------------------------------------------------------------+
; Parameter Name ; Value ; Type                                                                                                                                               ;
+----------------+-------+----------------------------------------------------------------------------------------------------------------------------------------------------+
; ID             ; 29    ; Signed Integer                                                                                                                                     ;
+----------------+-------+----------------------------------------------------------------------------------------------------------------------------------------------------+
Note: In order to hide this table in the UI and the text report file, please set the "Show Parameter Settings in Synthesis Report" option in "Analysis and Synthesis Settings -> More Settings" to "Off".


+-----------------------------------------------------------------------------------------------------------------------------------------------------------------------------+
; Parameter Settings for User Entity Instance: soc:u_soc|axi_slave_top:crypto_accelerator|axi_slave_core:u_core|ro_puf_core:u_puf|ro_bank:u_ro_bank|ro_cell:RO_ARRAY[30].u_ro ;
+----------------+-------+----------------------------------------------------------------------------------------------------------------------------------------------------+
; Parameter Name ; Value ; Type                                                                                                                                               ;
+----------------+-------+----------------------------------------------------------------------------------------------------------------------------------------------------+
; ID             ; 30    ; Signed Integer                                                                                                                                     ;
+----------------+-------+----------------------------------------------------------------------------------------------------------------------------------------------------+
Note: In order to hide this table in the UI and the text report file, please set the "Show Parameter Settings in Synthesis Report" option in "Analysis and Synthesis Settings -> More Settings" to "Off".


+-----------------------------------------------------------------------------------------------------------------------------------------------------------------------------+
; Parameter Settings for User Entity Instance: soc:u_soc|axi_slave_top:crypto_accelerator|axi_slave_core:u_core|ro_puf_core:u_puf|ro_bank:u_ro_bank|ro_cell:RO_ARRAY[31].u_ro ;
+----------------+-------+----------------------------------------------------------------------------------------------------------------------------------------------------+
; Parameter Name ; Value ; Type                                                                                                                                               ;
+----------------+-------+----------------------------------------------------------------------------------------------------------------------------------------------------+
; ID             ; 31    ; Signed Integer                                                                                                                                     ;
+----------------+-------+----------------------------------------------------------------------------------------------------------------------------------------------------+
Note: In order to hide this table in the UI and the text report file, please set the "Show Parameter Settings in Synthesis Report" option in "Analysis and Synthesis Settings -> More Settings" to "Off".


+-----------------------------------------------------------------------------------------------------------------------------------------------------------------------------+
; Parameter Settings for User Entity Instance: soc:u_soc|axi_slave_top:crypto_accelerator|axi_slave_core:u_core|ro_puf_core:u_puf|ro_bank:u_ro_bank|ro_cell:RO_ARRAY[32].u_ro ;
+----------------+-------+----------------------------------------------------------------------------------------------------------------------------------------------------+
; Parameter Name ; Value ; Type                                                                                                                                               ;
+----------------+-------+----------------------------------------------------------------------------------------------------------------------------------------------------+
; ID             ; 32    ; Signed Integer                                                                                                                                     ;
+----------------+-------+----------------------------------------------------------------------------------------------------------------------------------------------------+
Note: In order to hide this table in the UI and the text report file, please set the "Show Parameter Settings in Synthesis Report" option in "Analysis and Synthesis Settings -> More Settings" to "Off".


+-----------------------------------------------------------------------------------------------------------------------------------------------------------------------------+
; Parameter Settings for User Entity Instance: soc:u_soc|axi_slave_top:crypto_accelerator|axi_slave_core:u_core|ro_puf_core:u_puf|ro_bank:u_ro_bank|ro_cell:RO_ARRAY[33].u_ro ;
+----------------+-------+----------------------------------------------------------------------------------------------------------------------------------------------------+
; Parameter Name ; Value ; Type                                                                                                                                               ;
+----------------+-------+----------------------------------------------------------------------------------------------------------------------------------------------------+
; ID             ; 33    ; Signed Integer                                                                                                                                     ;
+----------------+-------+----------------------------------------------------------------------------------------------------------------------------------------------------+
Note: In order to hide this table in the UI and the text report file, please set the "Show Parameter Settings in Synthesis Report" option in "Analysis and Synthesis Settings -> More Settings" to "Off".


+-----------------------------------------------------------------------------------------------------------------------------------------------------------------------------+
; Parameter Settings for User Entity Instance: soc:u_soc|axi_slave_top:crypto_accelerator|axi_slave_core:u_core|ro_puf_core:u_puf|ro_bank:u_ro_bank|ro_cell:RO_ARRAY[34].u_ro ;
+----------------+-------+----------------------------------------------------------------------------------------------------------------------------------------------------+
; Parameter Name ; Value ; Type                                                                                                                                               ;
+----------------+-------+----------------------------------------------------------------------------------------------------------------------------------------------------+
; ID             ; 34    ; Signed Integer                                                                                                                                     ;
+----------------+-------+----------------------------------------------------------------------------------------------------------------------------------------------------+
Note: In order to hide this table in the UI and the text report file, please set the "Show Parameter Settings in Synthesis Report" option in "Analysis and Synthesis Settings -> More Settings" to "Off".


+-----------------------------------------------------------------------------------------------------------------------------------------------------------------------------+
; Parameter Settings for User Entity Instance: soc:u_soc|axi_slave_top:crypto_accelerator|axi_slave_core:u_core|ro_puf_core:u_puf|ro_bank:u_ro_bank|ro_cell:RO_ARRAY[35].u_ro ;
+----------------+-------+----------------------------------------------------------------------------------------------------------------------------------------------------+
; Parameter Name ; Value ; Type                                                                                                                                               ;
+----------------+-------+----------------------------------------------------------------------------------------------------------------------------------------------------+
; ID             ; 35    ; Signed Integer                                                                                                                                     ;
+----------------+-------+----------------------------------------------------------------------------------------------------------------------------------------------------+
Note: In order to hide this table in the UI and the text report file, please set the "Show Parameter Settings in Synthesis Report" option in "Analysis and Synthesis Settings -> More Settings" to "Off".


+-----------------------------------------------------------------------------------------------------------------------------------------------------------------------------+
; Parameter Settings for User Entity Instance: soc:u_soc|axi_slave_top:crypto_accelerator|axi_slave_core:u_core|ro_puf_core:u_puf|ro_bank:u_ro_bank|ro_cell:RO_ARRAY[36].u_ro ;
+----------------+-------+----------------------------------------------------------------------------------------------------------------------------------------------------+
; Parameter Name ; Value ; Type                                                                                                                                               ;
+----------------+-------+----------------------------------------------------------------------------------------------------------------------------------------------------+
; ID             ; 36    ; Signed Integer                                                                                                                                     ;
+----------------+-------+----------------------------------------------------------------------------------------------------------------------------------------------------+
Note: In order to hide this table in the UI and the text report file, please set the "Show Parameter Settings in Synthesis Report" option in "Analysis and Synthesis Settings -> More Settings" to "Off".


+-----------------------------------------------------------------------------------------------------------------------------------------------------------------------------+
; Parameter Settings for User Entity Instance: soc:u_soc|axi_slave_top:crypto_accelerator|axi_slave_core:u_core|ro_puf_core:u_puf|ro_bank:u_ro_bank|ro_cell:RO_ARRAY[37].u_ro ;
+----------------+-------+----------------------------------------------------------------------------------------------------------------------------------------------------+
; Parameter Name ; Value ; Type                                                                                                                                               ;
+----------------+-------+----------------------------------------------------------------------------------------------------------------------------------------------------+
; ID             ; 37    ; Signed Integer                                                                                                                                     ;
+----------------+-------+----------------------------------------------------------------------------------------------------------------------------------------------------+
Note: In order to hide this table in the UI and the text report file, please set the "Show Parameter Settings in Synthesis Report" option in "Analysis and Synthesis Settings -> More Settings" to "Off".


+-----------------------------------------------------------------------------------------------------------------------------------------------------------------------------+
; Parameter Settings for User Entity Instance: soc:u_soc|axi_slave_top:crypto_accelerator|axi_slave_core:u_core|ro_puf_core:u_puf|ro_bank:u_ro_bank|ro_cell:RO_ARRAY[38].u_ro ;
+----------------+-------+----------------------------------------------------------------------------------------------------------------------------------------------------+
; Parameter Name ; Value ; Type                                                                                                                                               ;
+----------------+-------+----------------------------------------------------------------------------------------------------------------------------------------------------+
; ID             ; 38    ; Signed Integer                                                                                                                                     ;
+----------------+-------+----------------------------------------------------------------------------------------------------------------------------------------------------+
Note: In order to hide this table in the UI and the text report file, please set the "Show Parameter Settings in Synthesis Report" option in "Analysis and Synthesis Settings -> More Settings" to "Off".


+-----------------------------------------------------------------------------------------------------------------------------------------------------------------------------+
; Parameter Settings for User Entity Instance: soc:u_soc|axi_slave_top:crypto_accelerator|axi_slave_core:u_core|ro_puf_core:u_puf|ro_bank:u_ro_bank|ro_cell:RO_ARRAY[39].u_ro ;
+----------------+-------+----------------------------------------------------------------------------------------------------------------------------------------------------+
; Parameter Name ; Value ; Type                                                                                                                                               ;
+----------------+-------+----------------------------------------------------------------------------------------------------------------------------------------------------+
; ID             ; 39    ; Signed Integer                                                                                                                                     ;
+----------------+-------+----------------------------------------------------------------------------------------------------------------------------------------------------+
Note: In order to hide this table in the UI and the text report file, please set the "Show Parameter Settings in Synthesis Report" option in "Analysis and Synthesis Settings -> More Settings" to "Off".


+-----------------------------------------------------------------------------------------------------------------------------------------------------------------------------+
; Parameter Settings for User Entity Instance: soc:u_soc|axi_slave_top:crypto_accelerator|axi_slave_core:u_core|ro_puf_core:u_puf|ro_bank:u_ro_bank|ro_cell:RO_ARRAY[40].u_ro ;
+----------------+-------+----------------------------------------------------------------------------------------------------------------------------------------------------+
; Parameter Name ; Value ; Type                                                                                                                                               ;
+----------------+-------+----------------------------------------------------------------------------------------------------------------------------------------------------+
; ID             ; 40    ; Signed Integer                                                                                                                                     ;
+----------------+-------+----------------------------------------------------------------------------------------------------------------------------------------------------+
Note: In order to hide this table in the UI and the text report file, please set the "Show Parameter Settings in Synthesis Report" option in "Analysis and Synthesis Settings -> More Settings" to "Off".


+-----------------------------------------------------------------------------------------------------------------------------------------------------------------------------+
; Parameter Settings for User Entity Instance: soc:u_soc|axi_slave_top:crypto_accelerator|axi_slave_core:u_core|ro_puf_core:u_puf|ro_bank:u_ro_bank|ro_cell:RO_ARRAY[41].u_ro ;
+----------------+-------+----------------------------------------------------------------------------------------------------------------------------------------------------+
; Parameter Name ; Value ; Type                                                                                                                                               ;
+----------------+-------+----------------------------------------------------------------------------------------------------------------------------------------------------+
; ID             ; 41    ; Signed Integer                                                                                                                                     ;
+----------------+-------+----------------------------------------------------------------------------------------------------------------------------------------------------+
Note: In order to hide this table in the UI and the text report file, please set the "Show Parameter Settings in Synthesis Report" option in "Analysis and Synthesis Settings -> More Settings" to "Off".


+-----------------------------------------------------------------------------------------------------------------------------------------------------------------------------+
; Parameter Settings for User Entity Instance: soc:u_soc|axi_slave_top:crypto_accelerator|axi_slave_core:u_core|ro_puf_core:u_puf|ro_bank:u_ro_bank|ro_cell:RO_ARRAY[42].u_ro ;
+----------------+-------+----------------------------------------------------------------------------------------------------------------------------------------------------+
; Parameter Name ; Value ; Type                                                                                                                                               ;
+----------------+-------+----------------------------------------------------------------------------------------------------------------------------------------------------+
; ID             ; 42    ; Signed Integer                                                                                                                                     ;
+----------------+-------+----------------------------------------------------------------------------------------------------------------------------------------------------+
Note: In order to hide this table in the UI and the text report file, please set the "Show Parameter Settings in Synthesis Report" option in "Analysis and Synthesis Settings -> More Settings" to "Off".


+-----------------------------------------------------------------------------------------------------------------------------------------------------------------------------+
; Parameter Settings for User Entity Instance: soc:u_soc|axi_slave_top:crypto_accelerator|axi_slave_core:u_core|ro_puf_core:u_puf|ro_bank:u_ro_bank|ro_cell:RO_ARRAY[43].u_ro ;
+----------------+-------+----------------------------------------------------------------------------------------------------------------------------------------------------+
; Parameter Name ; Value ; Type                                                                                                                                               ;
+----------------+-------+----------------------------------------------------------------------------------------------------------------------------------------------------+
; ID             ; 43    ; Signed Integer                                                                                                                                     ;
+----------------+-------+----------------------------------------------------------------------------------------------------------------------------------------------------+
Note: In order to hide this table in the UI and the text report file, please set the "Show Parameter Settings in Synthesis Report" option in "Analysis and Synthesis Settings -> More Settings" to "Off".


+-----------------------------------------------------------------------------------------------------------------------------------------------------------------------------+
; Parameter Settings for User Entity Instance: soc:u_soc|axi_slave_top:crypto_accelerator|axi_slave_core:u_core|ro_puf_core:u_puf|ro_bank:u_ro_bank|ro_cell:RO_ARRAY[44].u_ro ;
+----------------+-------+----------------------------------------------------------------------------------------------------------------------------------------------------+
; Parameter Name ; Value ; Type                                                                                                                                               ;
+----------------+-------+----------------------------------------------------------------------------------------------------------------------------------------------------+
; ID             ; 44    ; Signed Integer                                                                                                                                     ;
+----------------+-------+----------------------------------------------------------------------------------------------------------------------------------------------------+
Note: In order to hide this table in the UI and the text report file, please set the "Show Parameter Settings in Synthesis Report" option in "Analysis and Synthesis Settings -> More Settings" to "Off".


+-----------------------------------------------------------------------------------------------------------------------------------------------------------------------------+
; Parameter Settings for User Entity Instance: soc:u_soc|axi_slave_top:crypto_accelerator|axi_slave_core:u_core|ro_puf_core:u_puf|ro_bank:u_ro_bank|ro_cell:RO_ARRAY[45].u_ro ;
+----------------+-------+----------------------------------------------------------------------------------------------------------------------------------------------------+
; Parameter Name ; Value ; Type                                                                                                                                               ;
+----------------+-------+----------------------------------------------------------------------------------------------------------------------------------------------------+
; ID             ; 45    ; Signed Integer                                                                                                                                     ;
+----------------+-------+----------------------------------------------------------------------------------------------------------------------------------------------------+
Note: In order to hide this table in the UI and the text report file, please set the "Show Parameter Settings in Synthesis Report" option in "Analysis and Synthesis Settings -> More Settings" to "Off".


+-----------------------------------------------------------------------------------------------------------------------------------------------------------------------------+
; Parameter Settings for User Entity Instance: soc:u_soc|axi_slave_top:crypto_accelerator|axi_slave_core:u_core|ro_puf_core:u_puf|ro_bank:u_ro_bank|ro_cell:RO_ARRAY[46].u_ro ;
+----------------+-------+----------------------------------------------------------------------------------------------------------------------------------------------------+
; Parameter Name ; Value ; Type                                                                                                                                               ;
+----------------+-------+----------------------------------------------------------------------------------------------------------------------------------------------------+
; ID             ; 46    ; Signed Integer                                                                                                                                     ;
+----------------+-------+----------------------------------------------------------------------------------------------------------------------------------------------------+
Note: In order to hide this table in the UI and the text report file, please set the "Show Parameter Settings in Synthesis Report" option in "Analysis and Synthesis Settings -> More Settings" to "Off".


+-----------------------------------------------------------------------------------------------------------------------------------------------------------------------------+
; Parameter Settings for User Entity Instance: soc:u_soc|axi_slave_top:crypto_accelerator|axi_slave_core:u_core|ro_puf_core:u_puf|ro_bank:u_ro_bank|ro_cell:RO_ARRAY[47].u_ro ;
+----------------+-------+----------------------------------------------------------------------------------------------------------------------------------------------------+
; Parameter Name ; Value ; Type                                                                                                                                               ;
+----------------+-------+----------------------------------------------------------------------------------------------------------------------------------------------------+
; ID             ; 47    ; Signed Integer                                                                                                                                     ;
+----------------+-------+----------------------------------------------------------------------------------------------------------------------------------------------------+
Note: In order to hide this table in the UI and the text report file, please set the "Show Parameter Settings in Synthesis Report" option in "Analysis and Synthesis Settings -> More Settings" to "Off".


+-----------------------------------------------------------------------------------------------------------------------------------------------------------------------------+
; Parameter Settings for User Entity Instance: soc:u_soc|axi_slave_top:crypto_accelerator|axi_slave_core:u_core|ro_puf_core:u_puf|ro_bank:u_ro_bank|ro_cell:RO_ARRAY[48].u_ro ;
+----------------+-------+----------------------------------------------------------------------------------------------------------------------------------------------------+
; Parameter Name ; Value ; Type                                                                                                                                               ;
+----------------+-------+----------------------------------------------------------------------------------------------------------------------------------------------------+
; ID             ; 48    ; Signed Integer                                                                                                                                     ;
+----------------+-------+----------------------------------------------------------------------------------------------------------------------------------------------------+
Note: In order to hide this table in the UI and the text report file, please set the "Show Parameter Settings in Synthesis Report" option in "Analysis and Synthesis Settings -> More Settings" to "Off".


+-----------------------------------------------------------------------------------------------------------------------------------------------------------------------------+
; Parameter Settings for User Entity Instance: soc:u_soc|axi_slave_top:crypto_accelerator|axi_slave_core:u_core|ro_puf_core:u_puf|ro_bank:u_ro_bank|ro_cell:RO_ARRAY[49].u_ro ;
+----------------+-------+----------------------------------------------------------------------------------------------------------------------------------------------------+
; Parameter Name ; Value ; Type                                                                                                                                               ;
+----------------+-------+----------------------------------------------------------------------------------------------------------------------------------------------------+
; ID             ; 49    ; Signed Integer                                                                                                                                     ;
+----------------+-------+----------------------------------------------------------------------------------------------------------------------------------------------------+
Note: In order to hide this table in the UI and the text report file, please set the "Show Parameter Settings in Synthesis Report" option in "Analysis and Synthesis Settings -> More Settings" to "Off".


+-----------------------------------------------------------------------------------------------------------------------------------------------------------------------------+
; Parameter Settings for User Entity Instance: soc:u_soc|axi_slave_top:crypto_accelerator|axi_slave_core:u_core|ro_puf_core:u_puf|ro_bank:u_ro_bank|ro_cell:RO_ARRAY[50].u_ro ;
+----------------+-------+----------------------------------------------------------------------------------------------------------------------------------------------------+
; Parameter Name ; Value ; Type                                                                                                                                               ;
+----------------+-------+----------------------------------------------------------------------------------------------------------------------------------------------------+
; ID             ; 50    ; Signed Integer                                                                                                                                     ;
+----------------+-------+----------------------------------------------------------------------------------------------------------------------------------------------------+
Note: In order to hide this table in the UI and the text report file, please set the "Show Parameter Settings in Synthesis Report" option in "Analysis and Synthesis Settings -> More Settings" to "Off".


+-----------------------------------------------------------------------------------------------------------------------------------------------------------------------------+
; Parameter Settings for User Entity Instance: soc:u_soc|axi_slave_top:crypto_accelerator|axi_slave_core:u_core|ro_puf_core:u_puf|ro_bank:u_ro_bank|ro_cell:RO_ARRAY[51].u_ro ;
+----------------+-------+----------------------------------------------------------------------------------------------------------------------------------------------------+
; Parameter Name ; Value ; Type                                                                                                                                               ;
+----------------+-------+----------------------------------------------------------------------------------------------------------------------------------------------------+
; ID             ; 51    ; Signed Integer                                                                                                                                     ;
+----------------+-------+----------------------------------------------------------------------------------------------------------------------------------------------------+
Note: In order to hide this table in the UI and the text report file, please set the "Show Parameter Settings in Synthesis Report" option in "Analysis and Synthesis Settings -> More Settings" to "Off".


+-----------------------------------------------------------------------------------------------------------------------------------------------------------------------------+
; Parameter Settings for User Entity Instance: soc:u_soc|axi_slave_top:crypto_accelerator|axi_slave_core:u_core|ro_puf_core:u_puf|ro_bank:u_ro_bank|ro_cell:RO_ARRAY[52].u_ro ;
+----------------+-------+----------------------------------------------------------------------------------------------------------------------------------------------------+
; Parameter Name ; Value ; Type                                                                                                                                               ;
+----------------+-------+----------------------------------------------------------------------------------------------------------------------------------------------------+
; ID             ; 52    ; Signed Integer                                                                                                                                     ;
+----------------+-------+----------------------------------------------------------------------------------------------------------------------------------------------------+
Note: In order to hide this table in the UI and the text report file, please set the "Show Parameter Settings in Synthesis Report" option in "Analysis and Synthesis Settings -> More Settings" to "Off".


+-----------------------------------------------------------------------------------------------------------------------------------------------------------------------------+
; Parameter Settings for User Entity Instance: soc:u_soc|axi_slave_top:crypto_accelerator|axi_slave_core:u_core|ro_puf_core:u_puf|ro_bank:u_ro_bank|ro_cell:RO_ARRAY[53].u_ro ;
+----------------+-------+----------------------------------------------------------------------------------------------------------------------------------------------------+
; Parameter Name ; Value ; Type                                                                                                                                               ;
+----------------+-------+----------------------------------------------------------------------------------------------------------------------------------------------------+
; ID             ; 53    ; Signed Integer                                                                                                                                     ;
+----------------+-------+----------------------------------------------------------------------------------------------------------------------------------------------------+
Note: In order to hide this table in the UI and the text report file, please set the "Show Parameter Settings in Synthesis Report" option in "Analysis and Synthesis Settings -> More Settings" to "Off".


+-----------------------------------------------------------------------------------------------------------------------------------------------------------------------------+
; Parameter Settings for User Entity Instance: soc:u_soc|axi_slave_top:crypto_accelerator|axi_slave_core:u_core|ro_puf_core:u_puf|ro_bank:u_ro_bank|ro_cell:RO_ARRAY[54].u_ro ;
+----------------+-------+----------------------------------------------------------------------------------------------------------------------------------------------------+
; Parameter Name ; Value ; Type                                                                                                                                               ;
+----------------+-------+----------------------------------------------------------------------------------------------------------------------------------------------------+
; ID             ; 54    ; Signed Integer                                                                                                                                     ;
+----------------+-------+----------------------------------------------------------------------------------------------------------------------------------------------------+
Note: In order to hide this table in the UI and the text report file, please set the "Show Parameter Settings in Synthesis Report" option in "Analysis and Synthesis Settings -> More Settings" to "Off".


+-----------------------------------------------------------------------------------------------------------------------------------------------------------------------------+
; Parameter Settings for User Entity Instance: soc:u_soc|axi_slave_top:crypto_accelerator|axi_slave_core:u_core|ro_puf_core:u_puf|ro_bank:u_ro_bank|ro_cell:RO_ARRAY[55].u_ro ;
+----------------+-------+----------------------------------------------------------------------------------------------------------------------------------------------------+
; Parameter Name ; Value ; Type                                                                                                                                               ;
+----------------+-------+----------------------------------------------------------------------------------------------------------------------------------------------------+
; ID             ; 55    ; Signed Integer                                                                                                                                     ;
+----------------+-------+----------------------------------------------------------------------------------------------------------------------------------------------------+
Note: In order to hide this table in the UI and the text report file, please set the "Show Parameter Settings in Synthesis Report" option in "Analysis and Synthesis Settings -> More Settings" to "Off".


+-----------------------------------------------------------------------------------------------------------------------------------------------------------------------------+
; Parameter Settings for User Entity Instance: soc:u_soc|axi_slave_top:crypto_accelerator|axi_slave_core:u_core|ro_puf_core:u_puf|ro_bank:u_ro_bank|ro_cell:RO_ARRAY[56].u_ro ;
+----------------+-------+----------------------------------------------------------------------------------------------------------------------------------------------------+
; Parameter Name ; Value ; Type                                                                                                                                               ;
+----------------+-------+----------------------------------------------------------------------------------------------------------------------------------------------------+
; ID             ; 56    ; Signed Integer                                                                                                                                     ;
+----------------+-------+----------------------------------------------------------------------------------------------------------------------------------------------------+
Note: In order to hide this table in the UI and the text report file, please set the "Show Parameter Settings in Synthesis Report" option in "Analysis and Synthesis Settings -> More Settings" to "Off".


+-----------------------------------------------------------------------------------------------------------------------------------------------------------------------------+
; Parameter Settings for User Entity Instance: soc:u_soc|axi_slave_top:crypto_accelerator|axi_slave_core:u_core|ro_puf_core:u_puf|ro_bank:u_ro_bank|ro_cell:RO_ARRAY[57].u_ro ;
+----------------+-------+----------------------------------------------------------------------------------------------------------------------------------------------------+
; Parameter Name ; Value ; Type                                                                                                                                               ;
+----------------+-------+----------------------------------------------------------------------------------------------------------------------------------------------------+
; ID             ; 57    ; Signed Integer                                                                                                                                     ;
+----------------+-------+----------------------------------------------------------------------------------------------------------------------------------------------------+
Note: In order to hide this table in the UI and the text report file, please set the "Show Parameter Settings in Synthesis Report" option in "Analysis and Synthesis Settings -> More Settings" to "Off".


+-----------------------------------------------------------------------------------------------------------------------------------------------------------------------------+
; Parameter Settings for User Entity Instance: soc:u_soc|axi_slave_top:crypto_accelerator|axi_slave_core:u_core|ro_puf_core:u_puf|ro_bank:u_ro_bank|ro_cell:RO_ARRAY[58].u_ro ;
+----------------+-------+----------------------------------------------------------------------------------------------------------------------------------------------------+
; Parameter Name ; Value ; Type                                                                                                                                               ;
+----------------+-------+----------------------------------------------------------------------------------------------------------------------------------------------------+
; ID             ; 58    ; Signed Integer                                                                                                                                     ;
+----------------+-------+----------------------------------------------------------------------------------------------------------------------------------------------------+
Note: In order to hide this table in the UI and the text report file, please set the "Show Parameter Settings in Synthesis Report" option in "Analysis and Synthesis Settings -> More Settings" to "Off".


+-----------------------------------------------------------------------------------------------------------------------------------------------------------------------------+
; Parameter Settings for User Entity Instance: soc:u_soc|axi_slave_top:crypto_accelerator|axi_slave_core:u_core|ro_puf_core:u_puf|ro_bank:u_ro_bank|ro_cell:RO_ARRAY[59].u_ro ;
+----------------+-------+----------------------------------------------------------------------------------------------------------------------------------------------------+
; Parameter Name ; Value ; Type                                                                                                                                               ;
+----------------+-------+----------------------------------------------------------------------------------------------------------------------------------------------------+
; ID             ; 59    ; Signed Integer                                                                                                                                     ;
+----------------+-------+----------------------------------------------------------------------------------------------------------------------------------------------------+
Note: In order to hide this table in the UI and the text report file, please set the "Show Parameter Settings in Synthesis Report" option in "Analysis and Synthesis Settings -> More Settings" to "Off".


+-----------------------------------------------------------------------------------------------------------------------------------------------------------------------------+
; Parameter Settings for User Entity Instance: soc:u_soc|axi_slave_top:crypto_accelerator|axi_slave_core:u_core|ro_puf_core:u_puf|ro_bank:u_ro_bank|ro_cell:RO_ARRAY[60].u_ro ;
+----------------+-------+----------------------------------------------------------------------------------------------------------------------------------------------------+
; Parameter Name ; Value ; Type                                                                                                                                               ;
+----------------+-------+----------------------------------------------------------------------------------------------------------------------------------------------------+
; ID             ; 60    ; Signed Integer                                                                                                                                     ;
+----------------+-------+----------------------------------------------------------------------------------------------------------------------------------------------------+
Note: In order to hide this table in the UI and the text report file, please set the "Show Parameter Settings in Synthesis Report" option in "Analysis and Synthesis Settings -> More Settings" to "Off".


+-----------------------------------------------------------------------------------------------------------------------------------------------------------------------------+
; Parameter Settings for User Entity Instance: soc:u_soc|axi_slave_top:crypto_accelerator|axi_slave_core:u_core|ro_puf_core:u_puf|ro_bank:u_ro_bank|ro_cell:RO_ARRAY[61].u_ro ;
+----------------+-------+----------------------------------------------------------------------------------------------------------------------------------------------------+
; Parameter Name ; Value ; Type                                                                                                                                               ;
+----------------+-------+----------------------------------------------------------------------------------------------------------------------------------------------------+
; ID             ; 61    ; Signed Integer                                                                                                                                     ;
+----------------+-------+----------------------------------------------------------------------------------------------------------------------------------------------------+
Note: In order to hide this table in the UI and the text report file, please set the "Show Parameter Settings in Synthesis Report" option in "Analysis and Synthesis Settings -> More Settings" to "Off".


+-----------------------------------------------------------------------------------------------------------------------------------------------------------------------------+
; Parameter Settings for User Entity Instance: soc:u_soc|axi_slave_top:crypto_accelerator|axi_slave_core:u_core|ro_puf_core:u_puf|ro_bank:u_ro_bank|ro_cell:RO_ARRAY[62].u_ro ;
+----------------+-------+----------------------------------------------------------------------------------------------------------------------------------------------------+
; Parameter Name ; Value ; Type                                                                                                                                               ;
+----------------+-------+----------------------------------------------------------------------------------------------------------------------------------------------------+
; ID             ; 62    ; Signed Integer                                                                                                                                     ;
+----------------+-------+----------------------------------------------------------------------------------------------------------------------------------------------------+
Note: In order to hide this table in the UI and the text report file, please set the "Show Parameter Settings in Synthesis Report" option in "Analysis and Synthesis Settings -> More Settings" to "Off".


+-----------------------------------------------------------------------------------------------------------------------------------------------------------------------------+
; Parameter Settings for User Entity Instance: soc:u_soc|axi_slave_top:crypto_accelerator|axi_slave_core:u_core|ro_puf_core:u_puf|ro_bank:u_ro_bank|ro_cell:RO_ARRAY[63].u_ro ;
+----------------+-------+----------------------------------------------------------------------------------------------------------------------------------------------------+
; Parameter Name ; Value ; Type                                                                                                                                               ;
+----------------+-------+----------------------------------------------------------------------------------------------------------------------------------------------------+
; ID             ; 63    ; Signed Integer                                                                                                                                     ;
+----------------+-------+----------------------------------------------------------------------------------------------------------------------------------------------------+
Note: In order to hide this table in the UI and the text report file, please set the "Show Parameter Settings in Synthesis Report" option in "Analysis and Synthesis Settings -> More Settings" to "Off".


+-------------------------------------------------------------------------------------------------------------------------------------------------------------------------+
; Parameter Settings for User Entity Instance: soc:u_soc|axi_slave_top:crypto_accelerator|axi_slave_core:u_core|ro_puf_core:u_puf|measurement_engine:u_measurement_engine ;
+----------------+-------+------------------------------------------------------------------------------------------------------------------------------------------------+
; Parameter Name ; Value ; Type                                                                                                                                           ;
+----------------+-------+------------------------------------------------------------------------------------------------------------------------------------------------+
; NUM_RO         ; 64    ; Signed Integer                                                                                                                                 ;
; COUNTER_WIDTH  ; 24    ; Signed Integer                                                                                                                                 ;
; WINDOW_WIDTH   ; 32    ; Signed Integer                                                                                                                                 ;
+----------------+-------+------------------------------------------------------------------------------------------------------------------------------------------------+
Note: In order to hide this table in the UI and the text report file, please set the "Show Parameter Settings in Synthesis Report" option in "Analysis and Synthesis Settings -> More Settings" to "Off".


+-------------------------------------------------------------------------------------------------------------------------------------------------------------------------------------------------------------+
; Parameter Settings for User Entity Instance: soc:u_soc|axi_slave_top:crypto_accelerator|axi_slave_core:u_core|ro_puf_core:u_puf|measurement_engine:u_measurement_engine|measurement_controller:u_controller ;
+----------------+-------+------------------------------------------------------------------------------------------------------------------------------------------------------------------------------------+
; Parameter Name ; Value ; Type                                                                                                                                                                               ;
+----------------+-------+------------------------------------------------------------------------------------------------------------------------------------------------------------------------------------+
; WINDOW_WIDTH   ; 32    ; Signed Integer                                                                                                                                                                     ;
+----------------+-------+------------------------------------------------------------------------------------------------------------------------------------------------------------------------------------+
Note: In order to hide this table in the UI and the text report file, please set the "Show Parameter Settings in Synthesis Report" option in "Analysis and Synthesis Settings -> More Settings" to "Off".


+-----------------------------------------------------------------------------------------------------------------------------------------------------------------------------------------------------+
; Parameter Settings for User Entity Instance: soc:u_soc|axi_slave_top:crypto_accelerator|axi_slave_core:u_core|ro_puf_core:u_puf|measurement_engine:u_measurement_engine|counter_bank:u_counter_bank ;
+----------------+-------+----------------------------------------------------------------------------------------------------------------------------------------------------------------------------+
; Parameter Name ; Value ; Type                                                                                                                                                                       ;
+----------------+-------+----------------------------------------------------------------------------------------------------------------------------------------------------------------------------+
; NUM_RO         ; 64    ; Signed Integer                                                                                                                                                             ;
; COUNTER_WIDTH  ; 24    ; Signed Integer                                                                                                                                                             ;
+----------------+-------+----------------------------------------------------------------------------------------------------------------------------------------------------------------------------+
Note: In order to hide this table in the UI and the text report file, please set the "Show Parameter Settings in Synthesis Report" option in "Analysis and Synthesis Settings -> More Settings" to "Off".


+------------------------------------------------------------------------------------------------------------------------------------------------------------------------------------------------------+
; Parameter Settings for User Entity Instance: soc:u_soc|axi_slave_top:crypto_accelerator|axi_slave_core:u_core|ro_puf_core:u_puf|measurement_engine:u_measurement_engine|snapshot_register:u_snapshot ;
+----------------+-------+-----------------------------------------------------------------------------------------------------------------------------------------------------------------------------+
; Parameter Name ; Value ; Type                                                                                                                                                                        ;
+----------------+-------+-----------------------------------------------------------------------------------------------------------------------------------------------------------------------------+
; NUM_RO         ; 64    ; Signed Integer                                                                                                                                                              ;
; COUNTER_WIDTH  ; 24    ; Signed Integer                                                                                                                                                              ;
+----------------+-------+-----------------------------------------------------------------------------------------------------------------------------------------------------------------------------+
Note: In order to hide this table in the UI and the text report file, please set the "Show Parameter Settings in Synthesis Report" option in "Analysis and Synthesis Settings -> More Settings" to "Off".


+-------------------------------------------------------------------------------------------------------------------------------------------------------------------+
; Parameter Settings for User Entity Instance: soc:u_soc|axi_slave_top:crypto_accelerator|axi_slave_core:u_core|ro_puf_core:u_puf|response_engine:u_response_engine ;
+----------------+-------+------------------------------------------------------------------------------------------------------------------------------------------+
; Parameter Name ; Value ; Type                                                                                                                                     ;
+----------------+-------+------------------------------------------------------------------------------------------------------------------------------------------+
; NUM_RO         ; 64    ; Signed Integer                                                                                                                           ;
; COUNTER_WIDTH  ; 24    ; Signed Integer                                                                                                                           ;
; RESPONSE_BITS  ; 512   ; Signed Integer                                                                                                                           ;
; CHALLENGE_W    ; 16    ; Signed Integer                                                                                                                           ;
+----------------+-------+------------------------------------------------------------------------------------------------------------------------------------------+
Note: In order to hide this table in the UI and the text report file, please set the "Show Parameter Settings in Synthesis Report" option in "Analysis and Synthesis Settings -> More Settings" to "Off".


+----------------------------------------------------------------------------------------------------------------------------------------------------------------------------------------------+
; Parameter Settings for User Entity Instance: soc:u_soc|axi_slave_top:crypto_accelerator|axi_slave_core:u_core|ro_puf_core:u_puf|response_engine:u_response_engine|pair_scheduler:u_scheduler ;
+----------------+-------+---------------------------------------------------------------------------------------------------------------------------------------------------------------------+
; Parameter Name ; Value ; Type                                                                                                                                                                ;
+----------------+-------+---------------------------------------------------------------------------------------------------------------------------------------------------------------------+
; NUM_RO         ; 64    ; Signed Integer                                                                                                                                                      ;
; COUNTER_WIDTH  ; 24    ; Signed Integer                                                                                                                                                      ;
; RESPONSE_BITS  ; 512   ; Signed Integer                                                                                                                                                      ;
; CHALLENGE_W    ; 16    ; Signed Integer                                                                                                                                                      ;
+----------------+-------+---------------------------------------------------------------------------------------------------------------------------------------------------------------------+
Note: In order to hide this table in the UI and the text report file, please set the "Show Parameter Settings in Synthesis Report" option in "Analysis and Synthesis Settings -> More Settings" to "Off".


+------------------------------------------------------------------------------------------------------------------------------------------------------------------------------------------------------------------------+
; Parameter Settings for User Entity Instance: soc:u_soc|axi_slave_top:crypto_accelerator|axi_slave_core:u_core|ro_puf_core:u_puf|response_engine:u_response_engine|pair_scheduler:u_scheduler|challenge_mapper:u_mapper ;
+----------------+-------+-----------------------------------------------------------------------------------------------------------------------------------------------------------------------------------------------+
; Parameter Name ; Value ; Type                                                                                                                                                                                          ;
+----------------+-------+-----------------------------------------------------------------------------------------------------------------------------------------------------------------------------------------------+
; CHALLENGE_W    ; 16    ; Signed Integer                                                                                                                                                                                ;
; NUM_RO_BITS    ; 6     ; Signed Integer                                                                                                                                                                                ;
+----------------+-------+-----------------------------------------------------------------------------------------------------------------------------------------------------------------------------------------------+
Note: In order to hide this table in the UI and the text report file, please set the "Show Parameter Settings in Synthesis Report" option in "Analysis and Synthesis Settings -> More Settings" to "Off".


+-------------------------------------------------------------------------------------------------------------------------------------------------------------------------------------------+
; Parameter Settings for User Entity Instance: soc:u_soc|axi_slave_top:crypto_accelerator|axi_slave_core:u_core|ro_puf_core:u_puf|response_engine:u_response_engine|comparator:u_comparator ;
+----------------+-------+------------------------------------------------------------------------------------------------------------------------------------------------------------------+
; Parameter Name ; Value ; Type                                                                                                                                                             ;
+----------------+-------+------------------------------------------------------------------------------------------------------------------------------------------------------------------+
; COUNTER_WIDTH  ; 24    ; Signed Integer                                                                                                                                                   ;
+----------------+-------+------------------------------------------------------------------------------------------------------------------------------------------------------------------+
Note: In order to hide this table in the UI and the text report file, please set the "Show Parameter Settings in Synthesis Report" option in "Analysis and Synthesis Settings -> More Settings" to "Off".


+----------------------------------------------------------------------------------------------------------------------------------------------------------------------------------------------+
; Parameter Settings for User Entity Instance: soc:u_soc|axi_slave_top:crypto_accelerator|axi_slave_core:u_core|ro_puf_core:u_puf|response_engine:u_response_engine|response_builder:u_builder ;
+----------------+-------+---------------------------------------------------------------------------------------------------------------------------------------------------------------------+
; Parameter Name ; Value ; Type                                                                                                                                                                ;
+----------------+-------+---------------------------------------------------------------------------------------------------------------------------------------------------------------------+
; RESPONSE_BITS  ; 512   ; Signed Integer                                                                                                                                                      ;
+----------------+-------+---------------------------------------------------------------------------------------------------------------------------------------------------------------------+
Note: In order to hide this table in the UI and the text report file, please set the "Show Parameter Settings in Synthesis Report" option in "Analysis and Synthesis Settings -> More Settings" to "Off".


+-----------------------------------------------------------------------------------------------------------------------------------+
; Parameter Settings for User Entity Instance: soc:u_soc|axi_slave_top:crypto_accelerator|axi_slave_core:u_core|sha256_top:u_sha256 ;
+----------------+----------+-------------------------------------------------------------------------------------------------------+
; Parameter Name ; Value    ; Type                                                                                                  ;
+----------------+----------+-------------------------------------------------------------------------------------------------------+
; ADDR_CTRL      ; 00000000 ; Unsigned Binary                                                                                       ;
; ADDR_STATUS    ; 00000100 ; Unsigned Binary                                                                                       ;
; ADDR_HASH0     ; 00100000 ; Unsigned Binary                                                                                       ;
; ADDR_HASH7     ; 00100111 ; Unsigned Binary                                                                                       ;
+----------------+----------+-------------------------------------------------------------------------------------------------------+
Note: In order to hide this table in the UI and the text report file, please set the "Show Parameter Settings in Synthesis Report" option in "Analysis and Synthesis Settings -> More Settings" to "Off".


+------------------------------------------------------------------------------------------------------------------------------------------------------+
; Parameter Settings for User Entity Instance: soc:u_soc|axi_slave_top:crypto_accelerator|axi_slave_core:u_core|sha256_top:u_sha256|sha256:sha256_core ;
+----------------+----------------------------------+--------------------------------------------------------------------------------------------------+
; Parameter Name ; Value                            ; Type                                                                                             ;
+----------------+----------------------------------+--------------------------------------------------------------------------------------------------+
; IDLE           ; 00                               ; Unsigned Binary                                                                                  ;
; ROUNDS         ; 01                               ; Unsigned Binary                                                                                  ;
; DONE           ; 10                               ; Unsigned Binary                                                                                  ;
; SHA_ROUNDS     ; 111111                           ; Unsigned Binary                                                                                  ;
; SHA_H0_0       ; 01101010000010011110011001100111 ; Unsigned Binary                                                                                  ;
; SHA_H0_1       ; 10111011011001111010111010000101 ; Unsigned Binary                                                                                  ;
; SHA_H0_2       ; 00111100011011101111001101110010 ; Unsigned Binary                                                                                  ;
; SHA_H0_3       ; 10100101010011111111010100111010 ; Unsigned Binary                                                                                  ;
; SHA_H0_4       ; 01010001000011100101001001111111 ; Unsigned Binary                                                                                  ;
; SHA_H0_5       ; 10011011000001010110100010001100 ; Unsigned Binary                                                                                  ;
; SHA_H0_6       ; 00011111100000111101100110101011 ; Unsigned Binary                                                                                  ;
; SHA_H0_7       ; 01011011111000001100110100011001 ; Unsigned Binary                                                                                  ;
+----------------+----------------------------------+--------------------------------------------------------------------------------------------------+
Note: In order to hide this table in the UI and the text report file, please set the "Show Parameter Settings in Synthesis Report" option in "Analysis and Synthesis Settings -> More Settings" to "Off".


+------------------------------------------------------------------------------------------------------------------+
; Port Connectivity Checks: "soc:u_soc|axi_slave_top:crypto_accelerator|axi_slave_core:u_core|sha256_top:u_sha256" ;
+--------------+--------+----------+-------------------------------------------------------------------------------+
; Port         ; Type   ; Severity ; Details                                                                       ;
+--------------+--------+----------+-------------------------------------------------------------------------------+
; sel          ; Input  ; Info     ; Stuck at VCC                                                                  ;
; we           ; Input  ; Info     ; Stuck at VCC                                                                  ;
; addr         ; Input  ; Info     ; Stuck at GND                                                                  ;
; wdata[31..1] ; Input  ; Info     ; Stuck at GND                                                                  ;
; rdata        ; Output ; Info     ; Explicitly unconnected                                                        ;
+--------------+--------+----------+-------------------------------------------------------------------------------+


+------------------------------------------------------------------------------------------------------------+
; Port Connectivity Checks: "soc:u_soc|axi_slave_top:crypto_accelerator|axi_slave_core:u_core|ecc_top:u_ecc" ;
+--------------+--------+----------+-------------------------------------------------------------------------+
; Port         ; Type   ; Severity ; Details                                                                 ;
+--------------+--------+----------+-------------------------------------------------------------------------+
; helper_val_i ; Input  ; Info     ; Stuck at VCC                                                            ;
; helper_out_o ; Output ; Info     ; Explicitly unconnected                                                  ;
+--------------+--------+----------+-------------------------------------------------------------------------+


+--------------------------------------------------------------------------------------------------------------------------------------------------+
; Port Connectivity Checks: "soc:u_soc|axi_slave_top:crypto_accelerator|axi_slave_core:u_core|ro_puf_core:u_puf|response_engine:u_response_engine" ;
+------+--------+----------+-----------------------------------------------------------------------------------------------------------------------+
; Port ; Type   ; Severity ; Details                                                                                                               ;
+------+--------+----------+-----------------------------------------------------------------------------------------------------------------------+
; busy ; Output ; Info     ; Connected to dangling logic. Logic that only feeds a dangling port will be removed.                                   ;
+------+--------+----------+-----------------------------------------------------------------------------------------------------------------------+


+----------------------------------------------------------------------------------------------------------------+
; Port Connectivity Checks: "soc:u_soc|axi_slave_top:crypto_accelerator|axi_slave_core:u_core|ro_puf_core:u_puf" ;
+-----------+--------+----------+--------------------------------------------------------------------------------+
; Port      ; Type   ; Severity ; Details                                                                        ;
+-----------+--------+----------+--------------------------------------------------------------------------------+
; core_busy ; Output ; Info     ; Explicitly unconnected                                                         ;
+-----------+--------+----------+--------------------------------------------------------------------------------+


+-------------------------------------------------------------------------------------------------------------------------------------------------------------------------+
; Port Connectivity Checks: "soc:u_soc|RV32I:rv32|PC:PC0"                                                                                                                 ;
+-------+-------+----------+----------------------------------------------------------------------------------------------------------------------------------------------+
; Port  ; Type  ; Severity ; Details                                                                                                                                      ;
+-------+-------+----------+----------------------------------------------------------------------------------------------------------------------------------------------+
; Pcsrc ; Input ; Warning  ; Declared by entity but not connected by instance. If a default value exists, it will be used.  Otherwise, the port will be connected to GND. ;
+-------+-------+----------+----------------------------------------------------------------------------------------------------------------------------------------------+


+--------------------------------------------------------------------------------------------------------------------------------------+
; Port Connectivity Checks: "soc:u_soc|RV32I:rv32|Control_unit:CU0"                                                                    ;
+-------+--------+----------+----------------------------------------------------------------------------------------------------------+
; Port  ; Type   ; Severity ; Details                                                                                                  ;
+-------+--------+----------+----------------------------------------------------------------------------------------------------------+
; Pcsrc ; Output ; Warning  ; Declared by entity but not connected by instance. Logic that only feeds a dangling port will be removed. ;
+-------+--------+----------+----------------------------------------------------------------------------------------------------------+


+----------------------------------------------------------------------------------------------------------------------------+
; Port Connectivity Checks: "soc:u_soc"                                                                                      ;
+------------------+--------+----------+-------------------------------------------------------------------------------------+
; Port             ; Type   ; Severity ; Details                                                                             ;
+------------------+--------+----------+-------------------------------------------------------------------------------------+
; data_out[127..9] ; Output ; Info     ; Connected to dangling logic. Logic that only feeds a dangling port will be removed. ;
+------------------+--------+----------+-------------------------------------------------------------------------------------+


+-----------------------------------------------------+
; Post-Synthesis Netlist Statistics for Top Partition ;
+-----------------------+-----------------------------+
; Type                  ; Count                       ;
+-----------------------+-----------------------------+
; arriav_ff             ; 13804                       ;
;     CLR               ; 1577                        ;
;     CLR SCLR          ; 10                          ;
;     CLR SLD           ; 32                          ;
;     ENA               ; 1125                        ;
;     ENA CLR           ; 5523                        ;
;     ENA CLR SCLR      ; 927                         ;
;     ENA CLR SCLR SLD  ; 32                          ;
;     ENA CLR SLD       ; 286                         ;
;     ENA SCLR          ; 678                         ;
;     ENA SLD           ; 336                         ;
;     SCLR              ; 26                          ;
;     SLD               ; 1                           ;
;     plain             ; 3251                        ;
; arriav_lcell_comb     ; 17687                       ;
;     arith             ; 2023                        ;
;         1 data inputs ; 1572                        ;
;         2 data inputs ; 409                         ;
;         3 data inputs ; 10                          ;
;         5 data inputs ; 32                          ;
;     extend            ; 75                          ;
;         7 data inputs ; 75                          ;
;     normal            ; 15461                       ;
;         1 data inputs ; 361                         ;
;         2 data inputs ; 617                         ;
;         3 data inputs ; 541                         ;
;         4 data inputs ; 5085                        ;
;         5 data inputs ; 1651                        ;
;         6 data inputs ; 7206                        ;
;     shared            ; 128                         ;
;         3 data inputs ; 128                         ;
; boundary_port         ; 15                          ;
;                       ;                             ;
; Max LUT depth         ; 37.00                       ;
; Average LUT depth     ; 9.98                        ;
+-----------------------+-----------------------------+


+-------------------------------+
; Elapsed Time Per Partition    ;
+----------------+--------------+
; Partition Name ; Elapsed Time ;
+----------------+--------------+
; Top            ; 00:00:56     ;
+----------------+--------------+


+-------------------------------+
; Analysis & Synthesis Messages ;
+-------------------------------+
Info: *******************************************************************
Info: Running Quartus Prime Analysis & Synthesis
    Info: Version 25.1std.0 Build 1129 10/21/2025 SC Lite Edition
    Info: Processing started: Thu Aug 27 19:55:20 2026
Info: Command: quartus_map --read_settings_files=on --write_settings_files=off de10_standard -c de10_standard
Info (16303): Aggressive Area optimization mode selected -- logic area will be prioritized at the potential cost of reduced timing performance
Warning (18236): Number of processors has not been specified which may cause overloading on shared machines.  Set the global assignment NUM_PARALLEL_PROCESSORS in your QSF to an appropriate value for best performance.
Info (20030): Parallel compilation is enabled and will use 4 of the 4 processors detected
Warning (12019): Can't analyze file -- file ../../rtl/aes_dual_rail/aes_core/add_round_key.v is missing
Warning (12019): Can't analyze file -- file ../../rtl/aes_dual_rail/aes_core/aes_decrypt.v is missing
Warning (12019): Can't analyze file -- file ../../rtl/aes_dual_rail/aes_core/aes_encrypt.v is missing
Warning (12019): Can't analyze file -- file ../../rtl/aes_dual_rail/aes_core/aes_key_expansion_serial.v is missing
Warning (12019): Can't analyze file -- file ../../rtl/aes_dual_rail/aes_core/aes_mix_column_serial.v is missing
Warning (12019): Can't analyze file -- file ../../rtl/aes_dual_rail/aes_core/aes_sbox_byte.v is missing
Warning (12019): Can't analyze file -- file ../../rtl/aes_dual_rail/aes_core/inv_mix_columns.v is missing
Warning (12019): Can't analyze file -- file ../../rtl/aes_dual_rail/aes_core/inv_shift_rows.v is missing
Warning (12019): Can't analyze file -- file ../../rtl/aes_dual_rail/aes_core/key_expansion.v is missing
Warning (12019): Can't analyze file -- file ../../rtl/aes_dual_rail/aes_core/mix_columns.v is missing
Warning (12019): Can't analyze file -- file ../../rtl/aes_dual_rail/aes_core/shift_rows.v is missing
Warning (12019): Can't analyze file -- file ../../rtl/aes_dual_rail/aes_core/sub_bytes.v is missing
Info (12021): Found 1 design units, including 1 entities, in source file /users/admin/desktop/vi mach bao mat/rtl/puf/challenge_mapper.sv
    Info (12023): Found entity 1: challenge_mapper File: C:/Users/ADMIN/Desktop/VI MACH BAO MAT/rtl/puf/challenge_mapper.sv Line: 1
Info (12021): Found 1 design units, including 1 entities, in source file /users/admin/desktop/vi mach bao mat/rtl/puf/comparator.sv
    Info (12023): Found entity 1: comparator File: C:/Users/ADMIN/Desktop/VI MACH BAO MAT/rtl/puf/comparator.sv Line: 1
Info (12021): Found 1 design units, including 1 entities, in source file /users/admin/desktop/vi mach bao mat/rtl/puf/counter_bank.sv
    Info (12023): Found entity 1: counter_bank File: C:/Users/ADMIN/Desktop/VI MACH BAO MAT/rtl/puf/counter_bank.sv Line: 1
Info (12021): Found 1 design units, including 1 entities, in source file /users/admin/desktop/vi mach bao mat/rtl/puf/measurement_controller.sv
    Info (12023): Found entity 1: measurement_controller File: C:/Users/ADMIN/Desktop/VI MACH BAO MAT/rtl/puf/measurement_controller.sv Line: 1
Info (12021): Found 1 design units, including 1 entities, in source file /users/admin/desktop/vi mach bao mat/rtl/puf/measurement_engine.sv
    Info (12023): Found entity 1: measurement_engine File: C:/Users/ADMIN/Desktop/VI MACH BAO MAT/rtl/puf/measurement_engine.sv Line: 1
Info (12021): Found 1 design units, including 1 entities, in source file /users/admin/desktop/vi mach bao mat/rtl/puf/pair_scheduler.sv
    Info (12023): Found entity 1: pair_scheduler File: C:/Users/ADMIN/Desktop/VI MACH BAO MAT/rtl/puf/pair_scheduler.sv Line: 1
Info (12021): Found 1 design units, including 1 entities, in source file /users/admin/desktop/vi mach bao mat/rtl/puf/response_builder.sv
    Info (12023): Found entity 1: response_builder File: C:/Users/ADMIN/Desktop/VI MACH BAO MAT/rtl/puf/response_builder.sv Line: 1
Info (12021): Found 1 design units, including 1 entities, in source file /users/admin/desktop/vi mach bao mat/rtl/puf/response_engine.sv
    Info (12023): Found entity 1: response_engine File: C:/Users/ADMIN/Desktop/VI MACH BAO MAT/rtl/puf/response_engine.sv Line: 1
Info (12021): Found 1 design units, including 1 entities, in source file /users/admin/desktop/vi mach bao mat/rtl/puf/ro_bank.sv
    Info (12023): Found entity 1: ro_bank File: C:/Users/ADMIN/Desktop/VI MACH BAO MAT/rtl/puf/ro_bank.sv Line: 1
Warning (10335): Unrecognized synthesis attribute "dont_touch" at ../../rtl/puf/ro_cell.sv(32) File: C:/Users/ADMIN/Desktop/VI MACH BAO MAT/rtl/puf/ro_cell.sv Line: 32
Info (12021): Found 1 design units, including 1 entities, in source file /users/admin/desktop/vi mach bao mat/rtl/puf/ro_cell.sv
    Info (12023): Found entity 1: ro_cell File: C:/Users/ADMIN/Desktop/VI MACH BAO MAT/rtl/puf/ro_cell.sv Line: 1
Info (12021): Found 1 design units, including 1 entities, in source file /users/admin/desktop/vi mach bao mat/rtl/puf/ro_puf_core.sv
    Info (12023): Found entity 1: ro_puf_core File: C:/Users/ADMIN/Desktop/VI MACH BAO MAT/rtl/puf/ro_puf_core.sv Line: 1
Info (12021): Found 1 design units, including 1 entities, in source file /users/admin/desktop/vi mach bao mat/rtl/puf/snapshot_register.sv
    Info (12023): Found entity 1: snapshot_register File: C:/Users/ADMIN/Desktop/VI MACH BAO MAT/rtl/puf/snapshot_register.sv Line: 1
Info (12021): Found 1 design units, including 1 entities, in source file /users/admin/desktop/vi mach bao mat/rtl/aes_dual_rail/aes_core/add_round_key_core.v
    Info (12023): Found entity 1: add_round_key_core File: C:/Users/ADMIN/Desktop/VI MACH BAO MAT/rtl/aes_dual_rail/aes_core/add_round_key_core.v Line: 1
Info (12021): Found 1 design units, including 1 entities, in source file /users/admin/desktop/vi mach bao mat/rtl/aes_dual_rail/aes_core/aes.v
    Info (12023): Found entity 1: aes File: C:/Users/ADMIN/Desktop/VI MACH BAO MAT/rtl/aes_dual_rail/aes_core/aes.v Line: 1
Info (12021): Found 1 design units, including 1 entities, in source file /users/admin/desktop/vi mach bao mat/rtl/aes_dual_rail/aes_core/aff_trans.v
    Info (12023): Found entity 1: aff_trans File: C:/Users/ADMIN/Desktop/VI MACH BAO MAT/rtl/aes_dual_rail/aes_core/aff_trans.v Line: 1
Info (12021): Found 1 design units, including 1 entities, in source file /users/admin/desktop/vi mach bao mat/rtl/aes_dual_rail/aes_core/gf.v
    Info (12023): Found entity 1: GF File: C:/Users/ADMIN/Desktop/VI MACH BAO MAT/rtl/aes_dual_rail/aes_core/GF.v Line: 1
Info (12021): Found 1 design units, including 1 entities, in source file /users/admin/desktop/vi mach bao mat/rtl/aes_dual_rail/aes_core/inv_aff.v
    Info (12023): Found entity 1: inv_aff File: C:/Users/ADMIN/Desktop/VI MACH BAO MAT/rtl/aes_dual_rail/aes_core/inv_aff.v Line: 1
Info (12021): Found 1 design units, including 1 entities, in source file /users/admin/desktop/vi mach bao mat/rtl/aes_dual_rail/aes_core/inv_mix_col_core.v
    Info (12023): Found entity 1: inv_mix_col_core File: C:/Users/ADMIN/Desktop/VI MACH BAO MAT/rtl/aes_dual_rail/aes_core/inv_mix_col_core.v Line: 1
Info (12021): Found 1 design units, including 1 entities, in source file /users/admin/desktop/vi mach bao mat/rtl/aes_dual_rail/aes_core/mix_col_core.v
    Info (12023): Found entity 1: mix_col_core File: C:/Users/ADMIN/Desktop/VI MACH BAO MAT/rtl/aes_dual_rail/aes_core/mix_col_core.v Line: 1
Info (12021): Found 1 design units, including 1 entities, in source file /users/admin/desktop/vi mach bao mat/rtl/aes_dual_rail/aes_core/sub_byte_core.v
    Info (12023): Found entity 1: sub_byte_core File: C:/Users/ADMIN/Desktop/VI MACH BAO MAT/rtl/aes_dual_rail/aes_core/sub_byte_core.v Line: 1
Info (12021): Found 1 design units, including 1 entities, in source file /users/admin/desktop/vi mach bao mat/rtl/ecc/ecc_top.v
    Info (12023): Found entity 1: ecc_top File: C:/Users/ADMIN/Desktop/VI MACH BAO MAT/rtl/ecc/ecc_top.v Line: 1
Info (12021): Found 1 design units, including 1 entities, in source file /users/admin/desktop/vi mach bao mat/rtl/ecc/hamming_decoder_32.v
    Info (12023): Found entity 1: hamming_decoder_32 File: C:/Users/ADMIN/Desktop/VI MACH BAO MAT/rtl/ecc/hamming_decoder_32.v Line: 1
Info (12021): Found 1 design units, including 1 entities, in source file /users/admin/desktop/vi mach bao mat/rtl/ecc/hamming_encoder_32.v
    Info (12023): Found entity 1: hamming_encoder_32 File: C:/Users/ADMIN/Desktop/VI MACH BAO MAT/rtl/ecc/hamming_encoder_32.v Line: 1
Info (12021): Found 1 design units, including 1 entities, in source file /users/admin/desktop/vi mach bao mat/rtl/riscv_core/alu.v
    Info (12023): Found entity 1: ALU File: C:/Users/ADMIN/Desktop/VI MACH BAO MAT/rtl/riscv_core/ALU.v Line: 1
Info (12021): Found 1 design units, including 1 entities, in source file /users/admin/desktop/vi mach bao mat/rtl/riscv_core/alu_control.v
    Info (12023): Found entity 1: ALU_control File: C:/Users/ADMIN/Desktop/VI MACH BAO MAT/rtl/riscv_core/ALU_control.v Line: 1
Info (12021): Found 1 design units, including 1 entities, in source file /users/admin/desktop/vi mach bao mat/rtl/riscv_core/branch_prediction.v
    Info (12023): Found entity 1: Branch_prediction File: C:/Users/ADMIN/Desktop/VI MACH BAO MAT/rtl/riscv_core/Branch_prediction.v Line: 1
Info (12021): Found 1 design units, including 1 entities, in source file /users/admin/desktop/vi mach bao mat/rtl/riscv_core/control_unit.v
    Info (12023): Found entity 1: Control_unit File: C:/Users/ADMIN/Desktop/VI MACH BAO MAT/rtl/riscv_core/Control_unit.v Line: 1
Info (12021): Found 1 design units, including 1 entities, in source file /users/admin/desktop/vi mach bao mat/rtl/riscv_core/data_memory.v
    Info (12023): Found entity 1: Data_memory File: C:/Users/ADMIN/Desktop/VI MACH BAO MAT/rtl/riscv_core/Data_memory.v Line: 1
Info (12021): Found 1 design units, including 1 entities, in source file /users/admin/desktop/vi mach bao mat/rtl/riscv_core/forwarding_unit.v
    Info (12023): Found entity 1: Forwarding_unit File: C:/Users/ADMIN/Desktop/VI MACH BAO MAT/rtl/riscv_core/Forwarding_unit.v Line: 1
Info (12021): Found 1 design units, including 1 entities, in source file /users/admin/desktop/vi mach bao mat/rtl/riscv_core/hazard_detection.v
    Info (12023): Found entity 1: Hazard_detection File: C:/Users/ADMIN/Desktop/VI MACH BAO MAT/rtl/riscv_core/Hazard_detection.v Line: 1
Info (12021): Found 1 design units, including 1 entities, in source file /users/admin/desktop/vi mach bao mat/rtl/riscv_core/immediate_generator.v
    Info (12023): Found entity 1: Immediate_generator File: C:/Users/ADMIN/Desktop/VI MACH BAO MAT/rtl/riscv_core/Immediate_generator.v Line: 1
Info (12021): Found 1 design units, including 1 entities, in source file /users/admin/desktop/vi mach bao mat/rtl/riscv_core/instruction_memory.v
    Info (12023): Found entity 1: Instruction_memory File: C:/Users/ADMIN/Desktop/VI MACH BAO MAT/rtl/riscv_core/Instruction_memory.v Line: 1
Info (12021): Found 0 design units, including 0 entities, in source file /users/admin/desktop/vi mach bao mat/rtl/riscv_core/mux.v
Info (12021): Found 1 design units, including 1 entities, in source file /users/admin/desktop/vi mach bao mat/rtl/riscv_core/pc.v
    Info (12023): Found entity 1: PC File: C:/Users/ADMIN/Desktop/VI MACH BAO MAT/rtl/riscv_core/PC.v Line: 1
Info (12021): Found 1 design units, including 1 entities, in source file /users/admin/desktop/vi mach bao mat/rtl/riscv_core/register_file.v
    Info (12023): Found entity 1: Register_file File: C:/Users/ADMIN/Desktop/VI MACH BAO MAT/rtl/riscv_core/Register_file.v Line: 1
Info (12021): Found 1 design units, including 1 entities, in source file /users/admin/desktop/vi mach bao mat/rtl/riscv_core/rv32i.v
    Info (12023): Found entity 1: RV32I File: C:/Users/ADMIN/Desktop/VI MACH BAO MAT/rtl/riscv_core/RV32I.v Line: 1
Info (12021): Found 1 design units, including 1 entities, in source file /users/admin/desktop/vi mach bao mat/rtl/riscv_core/sign_extend.v
    Info (12023): Found entity 1: Sign_extend File: C:/Users/ADMIN/Desktop/VI MACH BAO MAT/rtl/riscv_core/Sign_extend.v Line: 1
Info (12021): Found 1 design units, including 1 entities, in source file /users/admin/desktop/vi mach bao mat/rtl/sha/sha256.v
    Info (12023): Found entity 1: sha256 File: C:/Users/ADMIN/Desktop/VI MACH BAO MAT/rtl/sha/sha256.v Line: 1
Info (12021): Found 1 design units, including 1 entities, in source file /users/admin/desktop/vi mach bao mat/rtl/sha/sha256_k_constant.v
    Info (12023): Found entity 1: sha256_k_constant File: C:/Users/ADMIN/Desktop/VI MACH BAO MAT/rtl/sha/sha256_k_constant.v Line: 1
Info (12021): Found 1 design units, including 1 entities, in source file /users/admin/desktop/vi mach bao mat/rtl/sha/sha256_m_schedule.v
    Info (12023): Found entity 1: sha256_m_schedule File: C:/Users/ADMIN/Desktop/VI MACH BAO MAT/rtl/sha/sha256_m_schedule.v Line: 1
Info (12021): Found 1 design units, including 1 entities, in source file /users/admin/desktop/vi mach bao mat/rtl/sha/sha256_top.v
    Info (12023): Found entity 1: sha256_top File: C:/Users/ADMIN/Desktop/VI MACH BAO MAT/rtl/sha/sha256_top.v Line: 1
Info (12021): Found 1 design units, including 1 entities, in source file /users/admin/desktop/vi mach bao mat/rtl/soc/axi_reg_bank.v
    Info (12023): Found entity 1: axi_reg_bank File: C:/Users/ADMIN/Desktop/VI MACH BAO MAT/rtl/soc/axi_reg_bank.v Line: 1
Info (12021): Found 1 design units, including 1 entities, in source file /users/admin/desktop/vi mach bao mat/rtl/soc/axi_slave_core.v
    Info (12023): Found entity 1: axi_slave_core File: C:/Users/ADMIN/Desktop/VI MACH BAO MAT/rtl/soc/axi_slave_core.v Line: 1
Info (12021): Found 1 design units, including 1 entities, in source file /users/admin/desktop/vi mach bao mat/rtl/soc/axi_slave_top.v
    Info (12023): Found entity 1: axi_slave_top File: C:/Users/ADMIN/Desktop/VI MACH BAO MAT/rtl/soc/axi_slave_top.v Line: 1
Info (12021): Found 1 design units, including 1 entities, in source file /users/admin/desktop/vi mach bao mat/rtl/soc/control_fsm.v
    Info (12023): Found entity 1: control_fsm File: C:/Users/ADMIN/Desktop/VI MACH BAO MAT/rtl/soc/control_fsm.v Line: 1
Info (12021): Found 1 design units, including 1 entities, in source file /users/admin/desktop/vi mach bao mat/rtl/soc/rv32_axi_master.v
    Info (12023): Found entity 1: rv32_axi_master File: C:/Users/ADMIN/Desktop/VI MACH BAO MAT/rtl/soc/rv32_axi_master.v Line: 1
Info (12021): Found 1 design units, including 1 entities, in source file /users/admin/desktop/vi mach bao mat/rtl/soc/soc.v
    Info (12023): Found entity 1: soc File: C:/Users/ADMIN/Desktop/VI MACH BAO MAT/rtl/soc/soc.v Line: 1
Warning (12125): Using design file de10_standard.v, which is not specified as a design file for the current project, but contains definitions for 1 design units and 1 entities in project
    Info (12023): Found entity 1: de10_standard File: C:/Users/ADMIN/Desktop/VI MACH BAO MAT/fpga/de10_standard/de10_standard.v Line: 1
Info (12127): Elaborating entity "de10_standard" for the top level hierarchy
Info (12128): Elaborating entity "soc" for hierarchy "soc:u_soc" File: C:/Users/ADMIN/Desktop/VI MACH BAO MAT/fpga/de10_standard/de10_standard.v Line: 15
Info (12128): Elaborating entity "RV32I" for hierarchy "soc:u_soc|RV32I:rv32" File: C:/Users/ADMIN/Desktop/VI MACH BAO MAT/rtl/soc/soc.v Line: 68
Info (12128): Elaborating entity "Register_file" for hierarchy "soc:u_soc|RV32I:rv32|Register_file:RF0" File: C:/Users/ADMIN/Desktop/VI MACH BAO MAT/rtl/riscv_core/RV32I.v Line: 253
Warning (10240): Verilog HDL Always Construct warning at Register_file.v(18): inferring latch(es) for variable "i", which holds its previous value in one or more paths through the always construct File: C:/Users/ADMIN/Desktop/VI MACH BAO MAT/rtl/riscv_core/Register_file.v Line: 18
Info (12128): Elaborating entity "ALU" for hierarchy "soc:u_soc|RV32I:rv32|ALU:A0" File: C:/Users/ADMIN/Desktop/VI MACH BAO MAT/rtl/riscv_core/RV32I.v Line: 258
Info (12128): Elaborating entity "Immediate_generator" for hierarchy "soc:u_soc|RV32I:rv32|Immediate_generator:IG0" File: C:/Users/ADMIN/Desktop/VI MACH BAO MAT/rtl/riscv_core/RV32I.v Line: 262
Info (12128): Elaborating entity "Sign_extend" for hierarchy "soc:u_soc|RV32I:rv32|Sign_extend:SE0" File: C:/Users/ADMIN/Desktop/VI MACH BAO MAT/rtl/riscv_core/RV32I.v Line: 266
Info (12128): Elaborating entity "Control_unit" for hierarchy "soc:u_soc|RV32I:rv32|Control_unit:CU0" File: C:/Users/ADMIN/Desktop/VI MACH BAO MAT/rtl/riscv_core/RV32I.v Line: 272
Warning (10270): Verilog HDL Case Statement warning at Control_unit.v(33): incomplete case statement has no default case item File: C:/Users/ADMIN/Desktop/VI MACH BAO MAT/rtl/riscv_core/Control_unit.v Line: 33
Info (12128): Elaborating entity "ALU_control" for hierarchy "soc:u_soc|RV32I:rv32|ALU_control:AC0" File: C:/Users/ADMIN/Desktop/VI MACH BAO MAT/rtl/riscv_core/RV32I.v Line: 277
Info (12128): Elaborating entity "PC" for hierarchy "soc:u_soc|RV32I:rv32|PC:PC0" File: C:/Users/ADMIN/Desktop/VI MACH BAO MAT/rtl/riscv_core/RV32I.v Line: 284
Info (12128): Elaborating entity "Branch_prediction" for hierarchy "soc:u_soc|RV32I:rv32|Branch_prediction:BE0" File: C:/Users/ADMIN/Desktop/VI MACH BAO MAT/rtl/riscv_core/RV32I.v Line: 288
Info (12128): Elaborating entity "Instruction_memory" for hierarchy "soc:u_soc|RV32I:rv32|Instruction_memory:IM0" File: C:/Users/ADMIN/Desktop/VI MACH BAO MAT/rtl/riscv_core/RV32I.v Line: 292
Warning (10030): Net "mem.data_a" at Instruction_memory.v(7) has no driver or initial value, using a default initial value '0' File: C:/Users/ADMIN/Desktop/VI MACH BAO MAT/rtl/riscv_core/Instruction_memory.v Line: 7
Warning (10030): Net "mem.waddr_a" at Instruction_memory.v(7) has no driver or initial value, using a default initial value '0' File: C:/Users/ADMIN/Desktop/VI MACH BAO MAT/rtl/riscv_core/Instruction_memory.v Line: 7
Warning (10030): Net "mem.we_a" at Instruction_memory.v(7) has no driver or initial value, using a default initial value '0' File: C:/Users/ADMIN/Desktop/VI MACH BAO MAT/rtl/riscv_core/Instruction_memory.v Line: 7
Info (12128): Elaborating entity "Forwarding_unit" for hierarchy "soc:u_soc|RV32I:rv32|Forwarding_unit:FU0" File: C:/Users/ADMIN/Desktop/VI MACH BAO MAT/rtl/riscv_core/RV32I.v Line: 300
Info (12128): Elaborating entity "Hazard_detection" for hierarchy "soc:u_soc|RV32I:rv32|Hazard_detection:HD0" File: C:/Users/ADMIN/Desktop/VI MACH BAO MAT/rtl/riscv_core/RV32I.v Line: 306
Info (12128): Elaborating entity "rv32_axi_master" for hierarchy "soc:u_soc|rv32_axi_master:axi_master_inst" File: C:/Users/ADMIN/Desktop/VI MACH BAO MAT/rtl/soc/soc.v Line: 103
Info (12128): Elaborating entity "axi_slave_top" for hierarchy "soc:u_soc|axi_slave_top:crypto_accelerator" File: C:/Users/ADMIN/Desktop/VI MACH BAO MAT/rtl/soc/soc.v Line: 133
Info (12128): Elaborating entity "axi_reg_bank" for hierarchy "soc:u_soc|axi_slave_top:crypto_accelerator|axi_reg_bank:u_reg_bank" File: C:/Users/ADMIN/Desktop/VI MACH BAO MAT/rtl/soc/axi_slave_top.v Line: 80
Info (12128): Elaborating entity "control_fsm" for hierarchy "soc:u_soc|axi_slave_top:crypto_accelerator|control_fsm:u_fsm" File: C:/Users/ADMIN/Desktop/VI MACH BAO MAT/rtl/soc/axi_slave_top.v Line: 99
Info (10264): Verilog HDL Case Statement information at control_fsm.v(108): all case item expressions in this case statement are onehot File: C:/Users/ADMIN/Desktop/VI MACH BAO MAT/rtl/soc/control_fsm.v Line: 108
Info (12128): Elaborating entity "axi_slave_core" for hierarchy "soc:u_soc|axi_slave_top:crypto_accelerator|axi_slave_core:u_core" File: C:/Users/ADMIN/Desktop/VI MACH BAO MAT/rtl/soc/axi_slave_top.v Line: 124
Info (12128): Elaborating entity "ro_puf_core" for hierarchy "soc:u_soc|axi_slave_top:crypto_accelerator|axi_slave_core:u_core|ro_puf_core:u_puf" File: C:/Users/ADMIN/Desktop/VI MACH BAO MAT/rtl/soc/axi_slave_core.v Line: 59
Info (12128): Elaborating entity "ro_bank" for hierarchy "soc:u_soc|axi_slave_top:crypto_accelerator|axi_slave_core:u_core|ro_puf_core:u_puf|ro_bank:u_ro_bank" File: C:/Users/ADMIN/Desktop/VI MACH BAO MAT/rtl/puf/ro_puf_core.sv Line: 95
Info (12128): Elaborating entity "ro_cell" for hierarchy "soc:u_soc|axi_slave_top:crypto_accelerator|axi_slave_core:u_core|ro_puf_core:u_puf|ro_bank:u_ro_bank|ro_cell:RO_ARRAY[0].u_ro" File: C:/Users/ADMIN/Desktop/VI MACH BAO MAT/rtl/puf/ro_bank.sv Line: 16
Info (12128): Elaborating entity "ro_cell" for hierarchy "soc:u_soc|axi_slave_top:crypto_accelerator|axi_slave_core:u_core|ro_puf_core:u_puf|ro_bank:u_ro_bank|ro_cell:RO_ARRAY[1].u_ro" File: C:/Users/ADMIN/Desktop/VI MACH BAO MAT/rtl/puf/ro_bank.sv Line: 16
Info (12128): Elaborating entity "ro_cell" for hierarchy "soc:u_soc|axi_slave_top:crypto_accelerator|axi_slave_core:u_core|ro_puf_core:u_puf|ro_bank:u_ro_bank|ro_cell:RO_ARRAY[2].u_ro" File: C:/Users/ADMIN/Desktop/VI MACH BAO MAT/rtl/puf/ro_bank.sv Line: 16
Info (12128): Elaborating entity "ro_cell" for hierarchy "soc:u_soc|axi_slave_top:crypto_accelerator|axi_slave_core:u_core|ro_puf_core:u_puf|ro_bank:u_ro_bank|ro_cell:RO_ARRAY[3].u_ro" File: C:/Users/ADMIN/Desktop/VI MACH BAO MAT/rtl/puf/ro_bank.sv Line: 16
Info (12128): Elaborating entity "ro_cell" for hierarchy "soc:u_soc|axi_slave_top:crypto_accelerator|axi_slave_core:u_core|ro_puf_core:u_puf|ro_bank:u_ro_bank|ro_cell:RO_ARRAY[4].u_ro" File: C:/Users/ADMIN/Desktop/VI MACH BAO MAT/rtl/puf/ro_bank.sv Line: 16
Info (12128): Elaborating entity "ro_cell" for hierarchy "soc:u_soc|axi_slave_top:crypto_accelerator|axi_slave_core:u_core|ro_puf_core:u_puf|ro_bank:u_ro_bank|ro_cell:RO_ARRAY[5].u_ro" File: C:/Users/ADMIN/Desktop/VI MACH BAO MAT/rtl/puf/ro_bank.sv Line: 16
Info (12128): Elaborating entity "ro_cell" for hierarchy "soc:u_soc|axi_slave_top:crypto_accelerator|axi_slave_core:u_core|ro_puf_core:u_puf|ro_bank:u_ro_bank|ro_cell:RO_ARRAY[6].u_ro" File: C:/Users/ADMIN/Desktop/VI MACH BAO MAT/rtl/puf/ro_bank.sv Line: 16
Info (12128): Elaborating entity "ro_cell" for hierarchy "soc:u_soc|axi_slave_top:crypto_accelerator|axi_slave_core:u_core|ro_puf_core:u_puf|ro_bank:u_ro_bank|ro_cell:RO_ARRAY[7].u_ro" File: C:/Users/ADMIN/Desktop/VI MACH BAO MAT/rtl/puf/ro_bank.sv Line: 16
Info (12128): Elaborating entity "ro_cell" for hierarchy "soc:u_soc|axi_slave_top:crypto_accelerator|axi_slave_core:u_core|ro_puf_core:u_puf|ro_bank:u_ro_bank|ro_cell:RO_ARRAY[8].u_ro" File: C:/Users/ADMIN/Desktop/VI MACH BAO MAT/rtl/puf/ro_bank.sv Line: 16
Info (12128): Elaborating entity "ro_cell" for hierarchy "soc:u_soc|axi_slave_top:crypto_accelerator|axi_slave_core:u_core|ro_puf_core:u_puf|ro_bank:u_ro_bank|ro_cell:RO_ARRAY[9].u_ro" File: C:/Users/ADMIN/Desktop/VI MACH BAO MAT/rtl/puf/ro_bank.sv Line: 16
Info (12128): Elaborating entity "ro_cell" for hierarchy "soc:u_soc|axi_slave_top:crypto_accelerator|axi_slave_core:u_core|ro_puf_core:u_puf|ro_bank:u_ro_bank|ro_cell:RO_ARRAY[10].u_ro" File: C:/Users/ADMIN/Desktop/VI MACH BAO MAT/rtl/puf/ro_bank.sv Line: 16
Info (12128): Elaborating entity "ro_cell" for hierarchy "soc:u_soc|axi_slave_top:crypto_accelerator|axi_slave_core:u_core|ro_puf_core:u_puf|ro_bank:u_ro_bank|ro_cell:RO_ARRAY[11].u_ro" File: C:/Users/ADMIN/Desktop/VI MACH BAO MAT/rtl/puf/ro_bank.sv Line: 16
Info (12128): Elaborating entity "ro_cell" for hierarchy "soc:u_soc|axi_slave_top:crypto_accelerator|axi_slave_core:u_core|ro_puf_core:u_puf|ro_bank:u_ro_bank|ro_cell:RO_ARRAY[12].u_ro" File: C:/Users/ADMIN/Desktop/VI MACH BAO MAT/rtl/puf/ro_bank.sv Line: 16
Info (12128): Elaborating entity "ro_cell" for hierarchy "soc:u_soc|axi_slave_top:crypto_accelerator|axi_slave_core:u_core|ro_puf_core:u_puf|ro_bank:u_ro_bank|ro_cell:RO_ARRAY[13].u_ro" File: C:/Users/ADMIN/Desktop/VI MACH BAO MAT/rtl/puf/ro_bank.sv Line: 16
Info (12128): Elaborating entity "ro_cell" for hierarchy "soc:u_soc|axi_slave_top:crypto_accelerator|axi_slave_core:u_core|ro_puf_core:u_puf|ro_bank:u_ro_bank|ro_cell:RO_ARRAY[14].u_ro" File: C:/Users/ADMIN/Desktop/VI MACH BAO MAT/rtl/puf/ro_bank.sv Line: 16
Info (12128): Elaborating entity "ro_cell" for hierarchy "soc:u_soc|axi_slave_top:crypto_accelerator|axi_slave_core:u_core|ro_puf_core:u_puf|ro_bank:u_ro_bank|ro_cell:RO_ARRAY[15].u_ro" File: C:/Users/ADMIN/Desktop/VI MACH BAO MAT/rtl/puf/ro_bank.sv Line: 16
Info (12128): Elaborating entity "ro_cell" for hierarchy "soc:u_soc|axi_slave_top:crypto_accelerator|axi_slave_core:u_core|ro_puf_core:u_puf|ro_bank:u_ro_bank|ro_cell:RO_ARRAY[16].u_ro" File: C:/Users/ADMIN/Desktop/VI MACH BAO MAT/rtl/puf/ro_bank.sv Line: 16
Info (12128): Elaborating entity "ro_cell" for hierarchy "soc:u_soc|axi_slave_top:crypto_accelerator|axi_slave_core:u_core|ro_puf_core:u_puf|ro_bank:u_ro_bank|ro_cell:RO_ARRAY[17].u_ro" File: C:/Users/ADMIN/Desktop/VI MACH BAO MAT/rtl/puf/ro_bank.sv Line: 16
Info (12128): Elaborating entity "ro_cell" for hierarchy "soc:u_soc|axi_slave_top:crypto_accelerator|axi_slave_core:u_core|ro_puf_core:u_puf|ro_bank:u_ro_bank|ro_cell:RO_ARRAY[18].u_ro" File: C:/Users/ADMIN/Desktop/VI MACH BAO MAT/rtl/puf/ro_bank.sv Line: 16
Info (12128): Elaborating entity "ro_cell" for hierarchy "soc:u_soc|axi_slave_top:crypto_accelerator|axi_slave_core:u_core|ro_puf_core:u_puf|ro_bank:u_ro_bank|ro_cell:RO_ARRAY[19].u_ro" File: C:/Users/ADMIN/Desktop/VI MACH BAO MAT/rtl/puf/ro_bank.sv Line: 16
Info (12128): Elaborating entity "ro_cell" for hierarchy "soc:u_soc|axi_slave_top:crypto_accelerator|axi_slave_core:u_core|ro_puf_core:u_puf|ro_bank:u_ro_bank|ro_cell:RO_ARRAY[20].u_ro" File: C:/Users/ADMIN/Desktop/VI MACH BAO MAT/rtl/puf/ro_bank.sv Line: 16
Info (12128): Elaborating entity "ro_cell" for hierarchy "soc:u_soc|axi_slave_top:crypto_accelerator|axi_slave_core:u_core|ro_puf_core:u_puf|ro_bank:u_ro_bank|ro_cell:RO_ARRAY[21].u_ro" File: C:/Users/ADMIN/Desktop/VI MACH BAO MAT/rtl/puf/ro_bank.sv Line: 16
Info (12128): Elaborating entity "ro_cell" for hierarchy "soc:u_soc|axi_slave_top:crypto_accelerator|axi_slave_core:u_core|ro_puf_core:u_puf|ro_bank:u_ro_bank|ro_cell:RO_ARRAY[22].u_ro" File: C:/Users/ADMIN/Desktop/VI MACH BAO MAT/rtl/puf/ro_bank.sv Line: 16
Info (12128): Elaborating entity "ro_cell" for hierarchy "soc:u_soc|axi_slave_top:crypto_accelerator|axi_slave_core:u_core|ro_puf_core:u_puf|ro_bank:u_ro_bank|ro_cell:RO_ARRAY[23].u_ro" File: C:/Users/ADMIN/Desktop/VI MACH BAO MAT/rtl/puf/ro_bank.sv Line: 16
Info (12128): Elaborating entity "ro_cell" for hierarchy "soc:u_soc|axi_slave_top:crypto_accelerator|axi_slave_core:u_core|ro_puf_core:u_puf|ro_bank:u_ro_bank|ro_cell:RO_ARRAY[24].u_ro" File: C:/Users/ADMIN/Desktop/VI MACH BAO MAT/rtl/puf/ro_bank.sv Line: 16
Info (12128): Elaborating entity "ro_cell" for hierarchy "soc:u_soc|axi_slave_top:crypto_accelerator|axi_slave_core:u_core|ro_puf_core:u_puf|ro_bank:u_ro_bank|ro_cell:RO_ARRAY[25].u_ro" File: C:/Users/ADMIN/Desktop/VI MACH BAO MAT/rtl/puf/ro_bank.sv Line: 16
Info (12128): Elaborating entity "ro_cell" for hierarchy "soc:u_soc|axi_slave_top:crypto_accelerator|axi_slave_core:u_core|ro_puf_core:u_puf|ro_bank:u_ro_bank|ro_cell:RO_ARRAY[26].u_ro" File: C:/Users/ADMIN/Desktop/VI MACH BAO MAT/rtl/puf/ro_bank.sv Line: 16
Info (12128): Elaborating entity "ro_cell" for hierarchy "soc:u_soc|axi_slave_top:crypto_accelerator|axi_slave_core:u_core|ro_puf_core:u_puf|ro_bank:u_ro_bank|ro_cell:RO_ARRAY[27].u_ro" File: C:/Users/ADMIN/Desktop/VI MACH BAO MAT/rtl/puf/ro_bank.sv Line: 16
Info (12128): Elaborating entity "ro_cell" for hierarchy "soc:u_soc|axi_slave_top:crypto_accelerator|axi_slave_core:u_core|ro_puf_core:u_puf|ro_bank:u_ro_bank|ro_cell:RO_ARRAY[28].u_ro" File: C:/Users/ADMIN/Desktop/VI MACH BAO MAT/rtl/puf/ro_bank.sv Line: 16
Info (12128): Elaborating entity "ro_cell" for hierarchy "soc:u_soc|axi_slave_top:crypto_accelerator|axi_slave_core:u_core|ro_puf_core:u_puf|ro_bank:u_ro_bank|ro_cell:RO_ARRAY[29].u_ro" File: C:/Users/ADMIN/Desktop/VI MACH BAO MAT/rtl/puf/ro_bank.sv Line: 16
Info (12128): Elaborating entity "ro_cell" for hierarchy "soc:u_soc|axi_slave_top:crypto_accelerator|axi_slave_core:u_core|ro_puf_core:u_puf|ro_bank:u_ro_bank|ro_cell:RO_ARRAY[30].u_ro" File: C:/Users/ADMIN/Desktop/VI MACH BAO MAT/rtl/puf/ro_bank.sv Line: 16
Info (12128): Elaborating entity "ro_cell" for hierarchy "soc:u_soc|axi_slave_top:crypto_accelerator|axi_slave_core:u_core|ro_puf_core:u_puf|ro_bank:u_ro_bank|ro_cell:RO_ARRAY[31].u_ro" File: C:/Users/ADMIN/Desktop/VI MACH BAO MAT/rtl/puf/ro_bank.sv Line: 16
Info (12128): Elaborating entity "ro_cell" for hierarchy "soc:u_soc|axi_slave_top:crypto_accelerator|axi_slave_core:u_core|ro_puf_core:u_puf|ro_bank:u_ro_bank|ro_cell:RO_ARRAY[32].u_ro" File: C:/Users/ADMIN/Desktop/VI MACH BAO MAT/rtl/puf/ro_bank.sv Line: 16
Info (12128): Elaborating entity "ro_cell" for hierarchy "soc:u_soc|axi_slave_top:crypto_accelerator|axi_slave_core:u_core|ro_puf_core:u_puf|ro_bank:u_ro_bank|ro_cell:RO_ARRAY[33].u_ro" File: C:/Users/ADMIN/Desktop/VI MACH BAO MAT/rtl/puf/ro_bank.sv Line: 16
Info (12128): Elaborating entity "ro_cell" for hierarchy "soc:u_soc|axi_slave_top:crypto_accelerator|axi_slave_core:u_core|ro_puf_core:u_puf|ro_bank:u_ro_bank|ro_cell:RO_ARRAY[34].u_ro" File: C:/Users/ADMIN/Desktop/VI MACH BAO MAT/rtl/puf/ro_bank.sv Line: 16
Info (12128): Elaborating entity "ro_cell" for hierarchy "soc:u_soc|axi_slave_top:crypto_accelerator|axi_slave_core:u_core|ro_puf_core:u_puf|ro_bank:u_ro_bank|ro_cell:RO_ARRAY[35].u_ro" File: C:/Users/ADMIN/Desktop/VI MACH BAO MAT/rtl/puf/ro_bank.sv Line: 16
Info (12128): Elaborating entity "ro_cell" for hierarchy "soc:u_soc|axi_slave_top:crypto_accelerator|axi_slave_core:u_core|ro_puf_core:u_puf|ro_bank:u_ro_bank|ro_cell:RO_ARRAY[36].u_ro" File: C:/Users/ADMIN/Desktop/VI MACH BAO MAT/rtl/puf/ro_bank.sv Line: 16
Info (12128): Elaborating entity "ro_cell" for hierarchy "soc:u_soc|axi_slave_top:crypto_accelerator|axi_slave_core:u_core|ro_puf_core:u_puf|ro_bank:u_ro_bank|ro_cell:RO_ARRAY[37].u_ro" File: C:/Users/ADMIN/Desktop/VI MACH BAO MAT/rtl/puf/ro_bank.sv Line: 16
Info (12128): Elaborating entity "ro_cell" for hierarchy "soc:u_soc|axi_slave_top:crypto_accelerator|axi_slave_core:u_core|ro_puf_core:u_puf|ro_bank:u_ro_bank|ro_cell:RO_ARRAY[38].u_ro" File: C:/Users/ADMIN/Desktop/VI MACH BAO MAT/rtl/puf/ro_bank.sv Line: 16
Info (12128): Elaborating entity "ro_cell" for hierarchy "soc:u_soc|axi_slave_top:crypto_accelerator|axi_slave_core:u_core|ro_puf_core:u_puf|ro_bank:u_ro_bank|ro_cell:RO_ARRAY[39].u_ro" File: C:/Users/ADMIN/Desktop/VI MACH BAO MAT/rtl/puf/ro_bank.sv Line: 16
Info (12128): Elaborating entity "ro_cell" for hierarchy "soc:u_soc|axi_slave_top:crypto_accelerator|axi_slave_core:u_core|ro_puf_core:u_puf|ro_bank:u_ro_bank|ro_cell:RO_ARRAY[40].u_ro" File: C:/Users/ADMIN/Desktop/VI MACH BAO MAT/rtl/puf/ro_bank.sv Line: 16
Info (12128): Elaborating entity "ro_cell" for hierarchy "soc:u_soc|axi_slave_top:crypto_accelerator|axi_slave_core:u_core|ro_puf_core:u_puf|ro_bank:u_ro_bank|ro_cell:RO_ARRAY[41].u_ro" File: C:/Users/ADMIN/Desktop/VI MACH BAO MAT/rtl/puf/ro_bank.sv Line: 16
Info (12128): Elaborating entity "ro_cell" for hierarchy "soc:u_soc|axi_slave_top:crypto_accelerator|axi_slave_core:u_core|ro_puf_core:u_puf|ro_bank:u_ro_bank|ro_cell:RO_ARRAY[42].u_ro" File: C:/Users/ADMIN/Desktop/VI MACH BAO MAT/rtl/puf/ro_bank.sv Line: 16
Info (12128): Elaborating entity "ro_cell" for hierarchy "soc:u_soc|axi_slave_top:crypto_accelerator|axi_slave_core:u_core|ro_puf_core:u_puf|ro_bank:u_ro_bank|ro_cell:RO_ARRAY[43].u_ro" File: C:/Users/ADMIN/Desktop/VI MACH BAO MAT/rtl/puf/ro_bank.sv Line: 16
Info (12128): Elaborating entity "ro_cell" for hierarchy "soc:u_soc|axi_slave_top:crypto_accelerator|axi_slave_core:u_core|ro_puf_core:u_puf|ro_bank:u_ro_bank|ro_cell:RO_ARRAY[44].u_ro" File: C:/Users/ADMIN/Desktop/VI MACH BAO MAT/rtl/puf/ro_bank.sv Line: 16
Info (12128): Elaborating entity "ro_cell" for hierarchy "soc:u_soc|axi_slave_top:crypto_accelerator|axi_slave_core:u_core|ro_puf_core:u_puf|ro_bank:u_ro_bank|ro_cell:RO_ARRAY[45].u_ro" File: C:/Users/ADMIN/Desktop/VI MACH BAO MAT/rtl/puf/ro_bank.sv Line: 16
Info (12128): Elaborating entity "ro_cell" for hierarchy "soc:u_soc|axi_slave_top:crypto_accelerator|axi_slave_core:u_core|ro_puf_core:u_puf|ro_bank:u_ro_bank|ro_cell:RO_ARRAY[46].u_ro" File: C:/Users/ADMIN/Desktop/VI MACH BAO MAT/rtl/puf/ro_bank.sv Line: 16
Info (12128): Elaborating entity "ro_cell" for hierarchy "soc:u_soc|axi_slave_top:crypto_accelerator|axi_slave_core:u_core|ro_puf_core:u_puf|ro_bank:u_ro_bank|ro_cell:RO_ARRAY[47].u_ro" File: C:/Users/ADMIN/Desktop/VI MACH BAO MAT/rtl/puf/ro_bank.sv Line: 16
Info (12128): Elaborating entity "ro_cell" for hierarchy "soc:u_soc|axi_slave_top:crypto_accelerator|axi_slave_core:u_core|ro_puf_core:u_puf|ro_bank:u_ro_bank|ro_cell:RO_ARRAY[48].u_ro" File: C:/Users/ADMIN/Desktop/VI MACH BAO MAT/rtl/puf/ro_bank.sv Line: 16
Info (12128): Elaborating entity "ro_cell" for hierarchy "soc:u_soc|axi_slave_top:crypto_accelerator|axi_slave_core:u_core|ro_puf_core:u_puf|ro_bank:u_ro_bank|ro_cell:RO_ARRAY[49].u_ro" File: C:/Users/ADMIN/Desktop/VI MACH BAO MAT/rtl/puf/ro_bank.sv Line: 16
Info (12128): Elaborating entity "ro_cell" for hierarchy "soc:u_soc|axi_slave_top:crypto_accelerator|axi_slave_core:u_core|ro_puf_core:u_puf|ro_bank:u_ro_bank|ro_cell:RO_ARRAY[50].u_ro" File: C:/Users/ADMIN/Desktop/VI MACH BAO MAT/rtl/puf/ro_bank.sv Line: 16
Info (12128): Elaborating entity "ro_cell" for hierarchy "soc:u_soc|axi_slave_top:crypto_accelerator|axi_slave_core:u_core|ro_puf_core:u_puf|ro_bank:u_ro_bank|ro_cell:RO_ARRAY[51].u_ro" File: C:/Users/ADMIN/Desktop/VI MACH BAO MAT/rtl/puf/ro_bank.sv Line: 16
Info (12128): Elaborating entity "ro_cell" for hierarchy "soc:u_soc|axi_slave_top:crypto_accelerator|axi_slave_core:u_core|ro_puf_core:u_puf|ro_bank:u_ro_bank|ro_cell:RO_ARRAY[52].u_ro" File: C:/Users/ADMIN/Desktop/VI MACH BAO MAT/rtl/puf/ro_bank.sv Line: 16
Info (12128): Elaborating entity "ro_cell" for hierarchy "soc:u_soc|axi_slave_top:crypto_accelerator|axi_slave_core:u_core|ro_puf_core:u_puf|ro_bank:u_ro_bank|ro_cell:RO_ARRAY[53].u_ro" File: C:/Users/ADMIN/Desktop/VI MACH BAO MAT/rtl/puf/ro_bank.sv Line: 16
Info (12128): Elaborating entity "ro_cell" for hierarchy "soc:u_soc|axi_slave_top:crypto_accelerator|axi_slave_core:u_core|ro_puf_core:u_puf|ro_bank:u_ro_bank|ro_cell:RO_ARRAY[54].u_ro" File: C:/Users/ADMIN/Desktop/VI MACH BAO MAT/rtl/puf/ro_bank.sv Line: 16
Info (12128): Elaborating entity "ro_cell" for hierarchy "soc:u_soc|axi_slave_top:crypto_accelerator|axi_slave_core:u_core|ro_puf_core:u_puf|ro_bank:u_ro_bank|ro_cell:RO_ARRAY[55].u_ro" File: C:/Users/ADMIN/Desktop/VI MACH BAO MAT/rtl/puf/ro_bank.sv Line: 16
Info (12128): Elaborating entity "ro_cell" for hierarchy "soc:u_soc|axi_slave_top:crypto_accelerator|axi_slave_core:u_core|ro_puf_core:u_puf|ro_bank:u_ro_bank|ro_cell:RO_ARRAY[56].u_ro" File: C:/Users/ADMIN/Desktop/VI MACH BAO MAT/rtl/puf/ro_bank.sv Line: 16
Info (12128): Elaborating entity "ro_cell" for hierarchy "soc:u_soc|axi_slave_top:crypto_accelerator|axi_slave_core:u_core|ro_puf_core:u_puf|ro_bank:u_ro_bank|ro_cell:RO_ARRAY[57].u_ro" File: C:/Users/ADMIN/Desktop/VI MACH BAO MAT/rtl/puf/ro_bank.sv Line: 16
Info (12128): Elaborating entity "ro_cell" for hierarchy "soc:u_soc|axi_slave_top:crypto_accelerator|axi_slave_core:u_core|ro_puf_core:u_puf|ro_bank:u_ro_bank|ro_cell:RO_ARRAY[58].u_ro" File: C:/Users/ADMIN/Desktop/VI MACH BAO MAT/rtl/puf/ro_bank.sv Line: 16
Info (12128): Elaborating entity "ro_cell" for hierarchy "soc:u_soc|axi_slave_top:crypto_accelerator|axi_slave_core:u_core|ro_puf_core:u_puf|ro_bank:u_ro_bank|ro_cell:RO_ARRAY[59].u_ro" File: C:/Users/ADMIN/Desktop/VI MACH BAO MAT/rtl/puf/ro_bank.sv Line: 16
Info (12128): Elaborating entity "ro_cell" for hierarchy "soc:u_soc|axi_slave_top:crypto_accelerator|axi_slave_core:u_core|ro_puf_core:u_puf|ro_bank:u_ro_bank|ro_cell:RO_ARRAY[60].u_ro" File: C:/Users/ADMIN/Desktop/VI MACH BAO MAT/rtl/puf/ro_bank.sv Line: 16
Info (12128): Elaborating entity "ro_cell" for hierarchy "soc:u_soc|axi_slave_top:crypto_accelerator|axi_slave_core:u_core|ro_puf_core:u_puf|ro_bank:u_ro_bank|ro_cell:RO_ARRAY[61].u_ro" File: C:/Users/ADMIN/Desktop/VI MACH BAO MAT/rtl/puf/ro_bank.sv Line: 16
Info (12128): Elaborating entity "ro_cell" for hierarchy "soc:u_soc|axi_slave_top:crypto_accelerator|axi_slave_core:u_core|ro_puf_core:u_puf|ro_bank:u_ro_bank|ro_cell:RO_ARRAY[62].u_ro" File: C:/Users/ADMIN/Desktop/VI MACH BAO MAT/rtl/puf/ro_bank.sv Line: 16
Info (12128): Elaborating entity "ro_cell" for hierarchy "soc:u_soc|axi_slave_top:crypto_accelerator|axi_slave_core:u_core|ro_puf_core:u_puf|ro_bank:u_ro_bank|ro_cell:RO_ARRAY[63].u_ro" File: C:/Users/ADMIN/Desktop/VI MACH BAO MAT/rtl/puf/ro_bank.sv Line: 16
Info (12128): Elaborating entity "measurement_engine" for hierarchy "soc:u_soc|axi_slave_top:crypto_accelerator|axi_slave_core:u_core|ro_puf_core:u_puf|measurement_engine:u_measurement_engine" File: C:/Users/ADMIN/Desktop/VI MACH BAO MAT/rtl/puf/ro_puf_core.sv Line: 113
Info (12128): Elaborating entity "measurement_controller" for hierarchy "soc:u_soc|axi_slave_top:crypto_accelerator|axi_slave_core:u_core|ro_puf_core:u_puf|measurement_engine:u_measurement_engine|measurement_controller:u_controller" File: C:/Users/ADMIN/Desktop/VI MACH BAO MAT/rtl/puf/measurement_engine.sv Line: 37
Info (10264): Verilog HDL Case Statement information at measurement_controller.sv(41): all case item expressions in this case statement are onehot File: C:/Users/ADMIN/Desktop/VI MACH BAO MAT/rtl/puf/measurement_controller.sv Line: 41
Info (10264): Verilog HDL Case Statement information at measurement_controller.sv(77): all case item expressions in this case statement are onehot File: C:/Users/ADMIN/Desktop/VI MACH BAO MAT/rtl/puf/measurement_controller.sv Line: 77
Info (12128): Elaborating entity "counter_bank" for hierarchy "soc:u_soc|axi_slave_top:crypto_accelerator|axi_slave_core:u_core|ro_puf_core:u_puf|measurement_engine:u_measurement_engine|counter_bank:u_counter_bank" File: C:/Users/ADMIN/Desktop/VI MACH BAO MAT/rtl/puf/measurement_engine.sv Line: 46
Info (12128): Elaborating entity "snapshot_register" for hierarchy "soc:u_soc|axi_slave_top:crypto_accelerator|axi_slave_core:u_core|ro_puf_core:u_puf|measurement_engine:u_measurement_engine|snapshot_register:u_snapshot" File: C:/Users/ADMIN/Desktop/VI MACH BAO MAT/rtl/puf/measurement_engine.sv Line: 57
Info (12128): Elaborating entity "response_engine" for hierarchy "soc:u_soc|axi_slave_top:crypto_accelerator|axi_slave_core:u_core|ro_puf_core:u_puf|response_engine:u_response_engine" File: C:/Users/ADMIN/Desktop/VI MACH BAO MAT/rtl/puf/ro_puf_core.sv Line: 132
Info (12128): Elaborating entity "pair_scheduler" for hierarchy "soc:u_soc|axi_slave_top:crypto_accelerator|axi_slave_core:u_core|ro_puf_core:u_puf|response_engine:u_response_engine|pair_scheduler:u_scheduler" File: C:/Users/ADMIN/Desktop/VI MACH BAO MAT/rtl/puf/response_engine.sv Line: 44
Info (12128): Elaborating entity "challenge_mapper" for hierarchy "soc:u_soc|axi_slave_top:crypto_accelerator|axi_slave_core:u_core|ro_puf_core:u_puf|response_engine:u_response_engine|pair_scheduler:u_scheduler|challenge_mapper:u_mapper" File: C:/Users/ADMIN/Desktop/VI MACH BAO MAT/rtl/puf/pair_scheduler.sv Line: 69
Info (12128): Elaborating entity "comparator" for hierarchy "soc:u_soc|axi_slave_top:crypto_accelerator|axi_slave_core:u_core|ro_puf_core:u_puf|response_engine:u_response_engine|comparator:u_comparator" File: C:/Users/ADMIN/Desktop/VI MACH BAO MAT/rtl/puf/response_engine.sv Line: 57
Info (12128): Elaborating entity "response_builder" for hierarchy "soc:u_soc|axi_slave_top:crypto_accelerator|axi_slave_core:u_core|ro_puf_core:u_puf|response_engine:u_response_engine|response_builder:u_builder" File: C:/Users/ADMIN/Desktop/VI MACH BAO MAT/rtl/puf/response_engine.sv Line: 69
Info (12128): Elaborating entity "ecc_top" for hierarchy "soc:u_soc|axi_slave_top:crypto_accelerator|axi_slave_core:u_core|ecc_top:u_ecc" File: C:/Users/ADMIN/Desktop/VI MACH BAO MAT/rtl/soc/axi_slave_core.v Line: 73
Info (12128): Elaborating entity "hamming_encoder_32" for hierarchy "soc:u_soc|axi_slave_top:crypto_accelerator|axi_slave_core:u_core|ecc_top:u_ecc|hamming_encoder_32:ecc_segments[0].enc_inst" File: C:/Users/ADMIN/Desktop/VI MACH BAO MAT/rtl/ecc/ecc_top.v Line: 27
Info (12128): Elaborating entity "hamming_decoder_32" for hierarchy "soc:u_soc|axi_slave_top:crypto_accelerator|axi_slave_core:u_core|ecc_top:u_ecc|hamming_decoder_32:ecc_segments[0].dec_inst" File: C:/Users/ADMIN/Desktop/VI MACH BAO MAT/rtl/ecc/ecc_top.v Line: 33
Info (12128): Elaborating entity "sha256_top" for hierarchy "soc:u_soc|axi_slave_top:crypto_accelerator|axi_slave_core:u_core|sha256_top:u_sha256" File: C:/Users/ADMIN/Desktop/VI MACH BAO MAT/rtl/soc/axi_slave_core.v Line: 89
Info (12128): Elaborating entity "sha256" for hierarchy "soc:u_soc|axi_slave_top:crypto_accelerator|axi_slave_core:u_core|sha256_top:u_sha256|sha256:sha256_core" File: C:/Users/ADMIN/Desktop/VI MACH BAO MAT/rtl/sha/sha256_top.v Line: 59
Info (12128): Elaborating entity "sha256_m_schedule" for hierarchy "soc:u_soc|axi_slave_top:crypto_accelerator|axi_slave_core:u_core|sha256_top:u_sha256|sha256:sha256_core|sha256_m_schedule:m_schedule" File: C:/Users/ADMIN/Desktop/VI MACH BAO MAT/rtl/sha/sha256.v Line: 93
Warning (10240): Verilog HDL Always Construct warning at sha256_m_schedule.v(45): inferring latch(es) for variable "i", which holds its previous value in one or more paths through the always construct File: C:/Users/ADMIN/Desktop/VI MACH BAO MAT/rtl/sha/sha256_m_schedule.v Line: 45
Info (12128): Elaborating entity "sha256_k_constant" for hierarchy "soc:u_soc|axi_slave_top:crypto_accelerator|axi_slave_core:u_core|sha256_top:u_sha256|sha256:sha256_core|sha256_k_constant:k_constant" File: C:/Users/ADMIN/Desktop/VI MACH BAO MAT/rtl/sha/sha256.v Line: 98
Info (12128): Elaborating entity "aes" for hierarchy "soc:u_soc|axi_slave_top:crypto_accelerator|axi_slave_core:u_core|aes:u_aes" File: C:/Users/ADMIN/Desktop/VI MACH BAO MAT/rtl/soc/axi_slave_core.v Line: 105
Warning (10036): Verilog HDL or VHDL warning at aes.v(75): object "encrypt_reg" assigned a value but never read File: C:/Users/ADMIN/Desktop/VI MACH BAO MAT/rtl/aes_dual_rail/aes_core/aes.v Line: 75
Warning (10036): Verilog HDL or VHDL warning at aes.v(75): object "decrypt_reg" assigned a value but never read File: C:/Users/ADMIN/Desktop/VI MACH BAO MAT/rtl/aes_dual_rail/aes_core/aes.v Line: 75
Warning (10036): Verilog HDL or VHDL warning at aes.v(82): object "do_imc" assigned a value but never read File: C:/Users/ADMIN/Desktop/VI MACH BAO MAT/rtl/aes_dual_rail/aes_core/aes.v Line: 82
Warning (10230): Verilog HDL assignment warning at aes.v(121): truncated value with size 32 to match size of target (7) File: C:/Users/ADMIN/Desktop/VI MACH BAO MAT/rtl/aes_dual_rail/aes_core/aes.v Line: 121
Warning (10230): Verilog HDL assignment warning at aes.v(130): truncated value with size 32 to match size of target (7) File: C:/Users/ADMIN/Desktop/VI MACH BAO MAT/rtl/aes_dual_rail/aes_core/aes.v Line: 130
Info (10264): Verilog HDL Case Statement information at aes.v(369): all case item expressions in this case statement are onehot File: C:/Users/ADMIN/Desktop/VI MACH BAO MAT/rtl/aes_dual_rail/aes_core/aes.v Line: 369
Info (12128): Elaborating entity "sub_byte_core" for hierarchy "soc:u_soc|axi_slave_top:crypto_accelerator|axi_slave_core:u_core|aes:u_aes|sub_byte_core:u_sub_byte_core" File: C:/Users/ADMIN/Desktop/VI MACH BAO MAT/rtl/aes_dual_rail/aes_core/aes.v Line: 26
Info (12128): Elaborating entity "inv_aff" for hierarchy "soc:u_soc|axi_slave_top:crypto_accelerator|axi_slave_core:u_core|aes:u_aes|sub_byte_core:u_sub_byte_core|inv_aff:inv_aff_0" File: C:/Users/ADMIN/Desktop/VI MACH BAO MAT/rtl/aes_dual_rail/aes_core/sub_byte_core.v Line: 22
Info (12128): Elaborating entity "GF" for hierarchy "soc:u_soc|axi_slave_top:crypto_accelerator|axi_slave_core:u_core|aes:u_aes|sub_byte_core:u_sub_byte_core|GF:gf_0" File: C:/Users/ADMIN/Desktop/VI MACH BAO MAT/rtl/aes_dual_rail/aes_core/sub_byte_core.v Line: 33
Info (10008): Verilog HDL or VHDL information: EDA Netlist Writer cannot regroup multidimensional array "gf4_mul_dr.a" into its bus
Info (12128): Elaborating entity "aff_trans" for hierarchy "soc:u_soc|axi_slave_top:crypto_accelerator|axi_slave_core:u_core|aes:u_aes|sub_byte_core:u_sub_byte_core|aff_trans:aff_trans_0" File: C:/Users/ADMIN/Desktop/VI MACH BAO MAT/rtl/aes_dual_rail/aes_core/sub_byte_core.v Line: 41
Info (12128): Elaborating entity "mix_col_core" for hierarchy "soc:u_soc|axi_slave_top:crypto_accelerator|axi_slave_core:u_core|aes:u_aes|mix_col_core:u_mix_col_core" File: C:/Users/ADMIN/Desktop/VI MACH BAO MAT/rtl/aes_dual_rail/aes_core/aes.v Line: 36
Info (12128): Elaborating entity "inv_mix_col_core" for hierarchy "soc:u_soc|axi_slave_top:crypto_accelerator|axi_slave_core:u_core|aes:u_aes|inv_mix_col_core:u_inv_mix_col_core" File: C:/Users/ADMIN/Desktop/VI MACH BAO MAT/rtl/aes_dual_rail/aes_core/aes.v Line: 46
Info (12128): Elaborating entity "add_round_key_core" for hierarchy "soc:u_soc|axi_slave_top:crypto_accelerator|axi_slave_core:u_core|aes:u_aes|add_round_key_core:u_add_round_key_core" File: C:/Users/ADMIN/Desktop/VI MACH BAO MAT/rtl/aes_dual_rail/aes_core/aes.v Line: 55
Info (276014): Found 3 instances of uninferred RAM logic
    Info (276004): RAM logic "soc:u_soc|axi_slave_top:crypto_accelerator|axi_slave_core:u_core|aes:u_aes|kexp_temp_t" is uninferred due to inappropriate RAM size File: C:/Users/ADMIN/Desktop/VI MACH BAO MAT/rtl/aes_dual_rail/aes_core/aes.v Line: 174
    Info (276004): RAM logic "soc:u_soc|axi_slave_top:crypto_accelerator|axi_slave_core:u_core|aes:u_aes|kexp_temp_f" is uninferred due to inappropriate RAM size File: C:/Users/ADMIN/Desktop/VI MACH BAO MAT/rtl/aes_dual_rail/aes_core/aes.v Line: 175
    Info (276004): RAM logic "soc:u_soc|axi_slave_top:crypto_accelerator|axi_slave_core:u_core|sha256_top:u_sha256|sha256:sha256_core|sha256_k_constant:k_constant|Ram0" is uninferred due to inappropriate RAM size File: C:/Users/ADMIN/Desktop/VI MACH BAO MAT/rtl/sha/sha256_k_constant.v Line: 15
Warning (127007): Memory Initialization File or Hexadecimal (Intel-Format) File "C:/Users/ADMIN/Desktop/VI MACH BAO MAT/fpga/de10_standard/db/de10_standard.ram0_Instruction_memory_895be9cc.hdl.mif" contains "don't care" values -- overwriting them with 0s
Warning (12241): 2 hierarchies have connectivity warnings - see the Connectivity Checks report folder
Info (286030): Timing-Driven Synthesis is running
Info (17049): 15 registers lost all their fanouts during netlist optimizations.
Info (144001): Generated suppressed messages file C:/Users/ADMIN/Desktop/VI MACH BAO MAT/fpga/de10_standard/output_files/de10_standard.map.smsg
Info (16010): Generating hard_block partition "hard_block:auto_generated_inst"
    Info (16011): Adding 0 node(s), including 0 DDIO, 0 PLL, 0 transceiver and 0 LCELL
Warning (21074): Design contains 3 input pin(s) that do not drive logic
    Warning (15610): No output dependent on input pin "KEY[1]" File: C:/Users/ADMIN/Desktop/VI MACH BAO MAT/fpga/de10_standard/de10_standard.v Line: 3
    Warning (15610): No output dependent on input pin "KEY[2]" File: C:/Users/ADMIN/Desktop/VI MACH BAO MAT/fpga/de10_standard/de10_standard.v Line: 3
    Warning (15610): No output dependent on input pin "KEY[3]" File: C:/Users/ADMIN/Desktop/VI MACH BAO MAT/fpga/de10_standard/de10_standard.v Line: 3
Info (21057): Implemented 24732 device resources after synthesis - the final resource count might be different
    Info (21058): Implemented 5 input pins
    Info (21059): Implemented 10 output pins
    Info (21061): Implemented 24717 logic cells
Info: Quartus Prime Analysis & Synthesis was successful. 0 errors, 32 warnings
    Info: Peak virtual memory: 5091 megabytes
    Info: Processing ended: Thu Aug 27 19:56:37 2026
    Info: Elapsed time: 00:01:17
    Info: Total CPU time (on all processors): 00:01:46


+------------------------------------------+
; Analysis & Synthesis Suppressed Messages ;
+------------------------------------------+
The suppressed messages can be found in C:/Users/ADMIN/Desktop/VI MACH BAO MAT/fpga/de10_standard/output_files/de10_standard.map.smsg.


