----------------
; Command Info ;
----------------
Report Timing: Found 20 hold paths (20 violated).  Worst case slack is -3.818 

Tcl Command:
    report_timing -hold -show_routing -file critical_hold.rpt -npaths 20 -detail path_only

Options:
    -hold 
    -npaths 20 
    -show_routing 
    -detail path_only 
    -file {critical_hold.rpt} 

Delay Model:
    Slow 1100mV 85C Model

+----------------------------------------------------------------------------------------------------------------------------------------------------------------------------------------------------------------------------------------------------------------------------------------------------------------------------------------------------------------------------------------------------------------------------------------------------------------------------------------------------------------------------------------------------------------------------------------------------------------------------------------------+
; Summary of Paths                                                                                                                                                                                                                                                                                                                                                                                                                                                                                                                                                                                                                             ;
+--------+-----------------------------------------------------------------------------------------------------------------------------------------------------------------------------------------+------------------------------------------------------------------------------------------------------------------------------------------------------------------------------------------+-----------------------------------------------------------------------------------------------------------------------------------------------------------------------------------------+-------------+--------------+------------+------------+
; Slack  ; From Node                                                                                                                                                                               ; To Node                                                                                                                                                                                  ; Launch Clock                                                                                                                                                                            ; Latch Clock ; Relationship ; Clock Skew ; Data Delay ;
+--------+-----------------------------------------------------------------------------------------------------------------------------------------------------------------------------------------+------------------------------------------------------------------------------------------------------------------------------------------------------------------------------------------+-----------------------------------------------------------------------------------------------------------------------------------------------------------------------------------------+-------------+--------------+------------+------------+
; -3.818 ; soc:u_soc|axi_slave_top:crypto_accelerator|axi_slave_core:u_core|ro_puf_core:u_puf|measurement_engine:u_measurement_engine|measurement_controller:u_controller|current_state.ST_MEASURE ; soc:u_soc|axi_slave_top:crypto_accelerator|axi_slave_core:u_core|ro_puf_core:u_puf|measurement_engine:u_measurement_engine|measurement_controller:u_controller|current_state.ST_MEASURE  ; soc:u_soc|axi_slave_top:crypto_accelerator|axi_slave_core:u_core|ro_puf_core:u_puf|measurement_engine:u_measurement_engine|measurement_controller:u_controller|current_state.ST_MEASURE ; CLOCK_50    ; 0.000        ; 4.125      ; 0.527      ;
; -3.700 ; soc:u_soc|axi_slave_top:crypto_accelerator|axi_slave_core:u_core|ro_puf_core:u_puf|measurement_engine:u_measurement_engine|measurement_controller:u_controller|current_state.ST_MEASURE ; soc:u_soc|axi_slave_top:crypto_accelerator|axi_slave_core:u_core|ro_puf_core:u_puf|measurement_engine:u_measurement_engine|measurement_controller:u_controller|current_state.ST_FREEZE   ; soc:u_soc|axi_slave_top:crypto_accelerator|axi_slave_core:u_core|ro_puf_core:u_puf|measurement_engine:u_measurement_engine|measurement_controller:u_controller|current_state.ST_MEASURE ; CLOCK_50    ; 0.000        ; 4.124      ; 0.644      ;
; -3.338 ; soc:u_soc|axi_slave_top:crypto_accelerator|axi_slave_core:u_core|ro_puf_core:u_puf|measurement_engine:u_measurement_engine|measurement_controller:u_controller|current_state.ST_MEASURE ; soc:u_soc|axi_slave_top:crypto_accelerator|axi_slave_core:u_core|ro_puf_core:u_puf|measurement_engine:u_measurement_engine|measurement_controller:u_controller|current_state.ST_MEASURE  ; soc:u_soc|axi_slave_top:crypto_accelerator|axi_slave_core:u_core|ro_puf_core:u_puf|measurement_engine:u_measurement_engine|measurement_controller:u_controller|current_state.ST_MEASURE ; CLOCK_50    ; -0.500       ; 4.125      ; 0.507      ;
; -3.243 ; soc:u_soc|axi_slave_top:crypto_accelerator|axi_slave_core:u_core|ro_puf_core:u_puf|measurement_engine:u_measurement_engine|measurement_controller:u_controller|current_state.ST_MEASURE ; soc:u_soc|axi_slave_top:crypto_accelerator|axi_slave_core:u_core|ro_puf_core:u_puf|measurement_engine:u_measurement_engine|measurement_controller:u_controller|current_state.ST_FREEZE   ; soc:u_soc|axi_slave_top:crypto_accelerator|axi_slave_core:u_core|ro_puf_core:u_puf|measurement_engine:u_measurement_engine|measurement_controller:u_controller|current_state.ST_MEASURE ; CLOCK_50    ; -0.500       ; 4.124      ; 0.601      ;
; -2.489 ; soc:u_soc|axi_slave_top:crypto_accelerator|axi_slave_core:u_core|ro_puf_core:u_puf|measurement_engine:u_measurement_engine|measurement_controller:u_controller|current_state.ST_MEASURE ; soc:u_soc|axi_slave_top:crypto_accelerator|axi_slave_core:u_core|ro_puf_core:u_puf|measurement_engine:u_measurement_engine|measurement_controller:u_controller|measure_cnt[14]           ; soc:u_soc|axi_slave_top:crypto_accelerator|axi_slave_core:u_core|ro_puf_core:u_puf|measurement_engine:u_measurement_engine|measurement_controller:u_controller|current_state.ST_MEASURE ; CLOCK_50    ; 0.000        ; 4.115      ; 1.846      ;
; -2.489 ; soc:u_soc|axi_slave_top:crypto_accelerator|axi_slave_core:u_core|ro_puf_core:u_puf|measurement_engine:u_measurement_engine|measurement_controller:u_controller|current_state.ST_MEASURE ; soc:u_soc|axi_slave_top:crypto_accelerator|axi_slave_core:u_core|ro_puf_core:u_puf|measurement_engine:u_measurement_engine|measurement_controller:u_controller|measure_cnt[16]           ; soc:u_soc|axi_slave_top:crypto_accelerator|axi_slave_core:u_core|ro_puf_core:u_puf|measurement_engine:u_measurement_engine|measurement_controller:u_controller|current_state.ST_MEASURE ; CLOCK_50    ; 0.000        ; 4.115      ; 1.846      ;
; -2.489 ; soc:u_soc|axi_slave_top:crypto_accelerator|axi_slave_core:u_core|ro_puf_core:u_puf|measurement_engine:u_measurement_engine|measurement_controller:u_controller|current_state.ST_MEASURE ; soc:u_soc|axi_slave_top:crypto_accelerator|axi_slave_core:u_core|ro_puf_core:u_puf|measurement_engine:u_measurement_engine|measurement_controller:u_controller|measure_cnt[18]           ; soc:u_soc|axi_slave_top:crypto_accelerator|axi_slave_core:u_core|ro_puf_core:u_puf|measurement_engine:u_measurement_engine|measurement_controller:u_controller|current_state.ST_MEASURE ; CLOCK_50    ; 0.000        ; 4.115      ; 1.846      ;
; -2.484 ; soc:u_soc|axi_slave_top:crypto_accelerator|axi_slave_core:u_core|ro_puf_core:u_puf|measurement_engine:u_measurement_engine|measurement_controller:u_controller|current_state.ST_MEASURE ; soc:u_soc|axi_slave_top:crypto_accelerator|axi_slave_core:u_core|ro_puf_core:u_puf|measurement_engine:u_measurement_engine|measurement_controller:u_controller|measure_cnt[3]            ; soc:u_soc|axi_slave_top:crypto_accelerator|axi_slave_core:u_core|ro_puf_core:u_puf|measurement_engine:u_measurement_engine|measurement_controller:u_controller|current_state.ST_MEASURE ; CLOCK_50    ; 0.000        ; 4.110      ; 1.846      ;
; -2.484 ; soc:u_soc|axi_slave_top:crypto_accelerator|axi_slave_core:u_core|ro_puf_core:u_puf|measurement_engine:u_measurement_engine|measurement_controller:u_controller|current_state.ST_MEASURE ; soc:u_soc|axi_slave_top:crypto_accelerator|axi_slave_core:u_core|ro_puf_core:u_puf|measurement_engine:u_measurement_engine|measurement_controller:u_controller|measure_cnt[5]            ; soc:u_soc|axi_slave_top:crypto_accelerator|axi_slave_core:u_core|ro_puf_core:u_puf|measurement_engine:u_measurement_engine|measurement_controller:u_controller|current_state.ST_MEASURE ; CLOCK_50    ; 0.000        ; 4.110      ; 1.846      ;
; -2.484 ; soc:u_soc|axi_slave_top:crypto_accelerator|axi_slave_core:u_core|ro_puf_core:u_puf|measurement_engine:u_measurement_engine|measurement_controller:u_controller|current_state.ST_MEASURE ; soc:u_soc|axi_slave_top:crypto_accelerator|axi_slave_core:u_core|ro_puf_core:u_puf|measurement_engine:u_measurement_engine|measurement_controller:u_controller|measure_cnt[7]            ; soc:u_soc|axi_slave_top:crypto_accelerator|axi_slave_core:u_core|ro_puf_core:u_puf|measurement_engine:u_measurement_engine|measurement_controller:u_controller|current_state.ST_MEASURE ; CLOCK_50    ; 0.000        ; 4.110      ; 1.846      ;
; -2.484 ; soc:u_soc|axi_slave_top:crypto_accelerator|axi_slave_core:u_core|ro_puf_core:u_puf|measurement_engine:u_measurement_engine|measurement_controller:u_controller|current_state.ST_MEASURE ; soc:u_soc|axi_slave_top:crypto_accelerator|axi_slave_core:u_core|ro_puf_core:u_puf|measurement_engine:u_measurement_engine|measurement_controller:u_controller|measure_cnt[11]           ; soc:u_soc|axi_slave_top:crypto_accelerator|axi_slave_core:u_core|ro_puf_core:u_puf|measurement_engine:u_measurement_engine|measurement_controller:u_controller|current_state.ST_MEASURE ; CLOCK_50    ; 0.000        ; 4.110      ; 1.846      ;
; -2.484 ; soc:u_soc|axi_slave_top:crypto_accelerator|axi_slave_core:u_core|ro_puf_core:u_puf|measurement_engine:u_measurement_engine|measurement_controller:u_controller|current_state.ST_MEASURE ; soc:u_soc|axi_slave_top:crypto_accelerator|axi_slave_core:u_core|ro_puf_core:u_puf|measurement_engine:u_measurement_engine|measurement_controller:u_controller|measure_cnt[13]           ; soc:u_soc|axi_slave_top:crypto_accelerator|axi_slave_core:u_core|ro_puf_core:u_puf|measurement_engine:u_measurement_engine|measurement_controller:u_controller|current_state.ST_MEASURE ; CLOCK_50    ; 0.000        ; 4.110      ; 1.846      ;
; -2.484 ; soc:u_soc|axi_slave_top:crypto_accelerator|axi_slave_core:u_core|ro_puf_core:u_puf|measurement_engine:u_measurement_engine|measurement_controller:u_controller|current_state.ST_MEASURE ; soc:u_soc|axi_slave_top:crypto_accelerator|axi_slave_core:u_core|ro_puf_core:u_puf|measurement_engine:u_measurement_engine|measurement_controller:u_controller|measure_cnt[19]           ; soc:u_soc|axi_slave_top:crypto_accelerator|axi_slave_core:u_core|ro_puf_core:u_puf|measurement_engine:u_measurement_engine|measurement_controller:u_controller|current_state.ST_MEASURE ; CLOCK_50    ; 0.000        ; 4.110      ; 1.846      ;
; -2.482 ; soc:u_soc|axi_slave_top:crypto_accelerator|axi_slave_core:u_core|ro_puf_core:u_puf|measurement_engine:u_measurement_engine|measurement_controller:u_controller|current_state.ST_MEASURE ; soc:u_soc|axi_slave_top:crypto_accelerator|axi_slave_core:u_core|ro_puf_core:u_puf|measurement_engine:u_measurement_engine|measurement_controller:u_controller|measure_cnt[8]~DUPLICATE  ; soc:u_soc|axi_slave_top:crypto_accelerator|axi_slave_core:u_core|ro_puf_core:u_puf|measurement_engine:u_measurement_engine|measurement_controller:u_controller|current_state.ST_MEASURE ; CLOCK_50    ; 0.000        ; 4.115      ; 1.853      ;
; -2.482 ; soc:u_soc|axi_slave_top:crypto_accelerator|axi_slave_core:u_core|ro_puf_core:u_puf|measurement_engine:u_measurement_engine|measurement_controller:u_controller|current_state.ST_MEASURE ; soc:u_soc|axi_slave_top:crypto_accelerator|axi_slave_core:u_core|ro_puf_core:u_puf|measurement_engine:u_measurement_engine|measurement_controller:u_controller|measure_cnt[10]~DUPLICATE ; soc:u_soc|axi_slave_top:crypto_accelerator|axi_slave_core:u_core|ro_puf_core:u_puf|measurement_engine:u_measurement_engine|measurement_controller:u_controller|current_state.ST_MEASURE ; CLOCK_50    ; 0.000        ; 4.115      ; 1.853      ;
; -2.480 ; soc:u_soc|axi_slave_top:crypto_accelerator|axi_slave_core:u_core|ro_puf_core:u_puf|measurement_engine:u_measurement_engine|measurement_controller:u_controller|current_state.ST_MEASURE ; soc:u_soc|axi_slave_top:crypto_accelerator|axi_slave_core:u_core|ro_puf_core:u_puf|measurement_engine:u_measurement_engine|measurement_controller:u_controller|measure_cnt[0]            ; soc:u_soc|axi_slave_top:crypto_accelerator|axi_slave_core:u_core|ro_puf_core:u_puf|measurement_engine:u_measurement_engine|measurement_controller:u_controller|current_state.ST_MEASURE ; CLOCK_50    ; 0.000        ; 4.112      ; 1.852      ;
; -2.480 ; soc:u_soc|axi_slave_top:crypto_accelerator|axi_slave_core:u_core|ro_puf_core:u_puf|measurement_engine:u_measurement_engine|measurement_controller:u_controller|current_state.ST_MEASURE ; soc:u_soc|axi_slave_top:crypto_accelerator|axi_slave_core:u_core|ro_puf_core:u_puf|measurement_engine:u_measurement_engine|measurement_controller:u_controller|measure_cnt[2]            ; soc:u_soc|axi_slave_top:crypto_accelerator|axi_slave_core:u_core|ro_puf_core:u_puf|measurement_engine:u_measurement_engine|measurement_controller:u_controller|current_state.ST_MEASURE ; CLOCK_50    ; 0.000        ; 4.112      ; 1.852      ;
; -2.480 ; soc:u_soc|axi_slave_top:crypto_accelerator|axi_slave_core:u_core|ro_puf_core:u_puf|measurement_engine:u_measurement_engine|measurement_controller:u_controller|current_state.ST_MEASURE ; soc:u_soc|axi_slave_top:crypto_accelerator|axi_slave_core:u_core|ro_puf_core:u_puf|measurement_engine:u_measurement_engine|measurement_controller:u_controller|measure_cnt[4]            ; soc:u_soc|axi_slave_top:crypto_accelerator|axi_slave_core:u_core|ro_puf_core:u_puf|measurement_engine:u_measurement_engine|measurement_controller:u_controller|current_state.ST_MEASURE ; CLOCK_50    ; 0.000        ; 4.112      ; 1.852      ;
; -2.480 ; soc:u_soc|axi_slave_top:crypto_accelerator|axi_slave_core:u_core|ro_puf_core:u_puf|measurement_engine:u_measurement_engine|measurement_controller:u_controller|current_state.ST_MEASURE ; soc:u_soc|axi_slave_top:crypto_accelerator|axi_slave_core:u_core|ro_puf_core:u_puf|measurement_engine:u_measurement_engine|measurement_controller:u_controller|measure_cnt[6]            ; soc:u_soc|axi_slave_top:crypto_accelerator|axi_slave_core:u_core|ro_puf_core:u_puf|measurement_engine:u_measurement_engine|measurement_controller:u_controller|current_state.ST_MEASURE ; CLOCK_50    ; 0.000        ; 4.112      ; 1.852      ;
; -2.480 ; soc:u_soc|axi_slave_top:crypto_accelerator|axi_slave_core:u_core|ro_puf_core:u_puf|measurement_engine:u_measurement_engine|measurement_controller:u_controller|current_state.ST_MEASURE ; soc:u_soc|axi_slave_top:crypto_accelerator|axi_slave_core:u_core|ro_puf_core:u_puf|measurement_engine:u_measurement_engine|measurement_controller:u_controller|measure_cnt[12]           ; soc:u_soc|axi_slave_top:crypto_accelerator|axi_slave_core:u_core|ro_puf_core:u_puf|measurement_engine:u_measurement_engine|measurement_controller:u_controller|current_state.ST_MEASURE ; CLOCK_50    ; 0.000        ; 4.112      ; 1.852      ;
+--------+-----------------------------------------------------------------------------------------------------------------------------------------------------------------------------------------+------------------------------------------------------------------------------------------------------------------------------------------------------------------------------------------+-----------------------------------------------------------------------------------------------------------------------------------------------------------------------------------------+-------------+--------------+------------+------------+

Path #1: Hold slack is -3.818 (VIOLATED)
===============================================================================
+--------------------------------------------------------------------------------------------------------------------------------------------------------------------------------------------------------------+
; Path Summary                                                                                                                                                                                                 ;
+--------------------+-----------------------------------------------------------------------------------------------------------------------------------------------------------------------------------------+
; Property           ; Value                                                                                                                                                                                   ;
+--------------------+-----------------------------------------------------------------------------------------------------------------------------------------------------------------------------------------+
; From Node          ; soc:u_soc|axi_slave_top:crypto_accelerator|axi_slave_core:u_core|ro_puf_core:u_puf|measurement_engine:u_measurement_engine|measurement_controller:u_controller|current_state.ST_MEASURE ;
; To Node            ; soc:u_soc|axi_slave_top:crypto_accelerator|axi_slave_core:u_core|ro_puf_core:u_puf|measurement_engine:u_measurement_engine|measurement_controller:u_controller|current_state.ST_MEASURE ;
; Launch Clock       ; soc:u_soc|axi_slave_top:crypto_accelerator|axi_slave_core:u_core|ro_puf_core:u_puf|measurement_engine:u_measurement_engine|measurement_controller:u_controller|current_state.ST_MEASURE ;
; Latch Clock        ; CLOCK_50                                                                                                                                                                                ;
; Data Arrival Time  ; 0.527                                                                                                                                                                                   ;
; Data Required Time ; 4.345                                                                                                                                                                                   ;
; Slack              ; -3.818 (VIOLATED)                                                                                                                                                                       ;
+--------------------+-----------------------------------------------------------------------------------------------------------------------------------------------------------------------------------------+

+--------------------------------------------------------------------------------------+
; Statistics                                                                           ;
+---------------------------+-------+-------+-------------+------------+-------+-------+
; Property                  ; Value ; Count ; Total Delay ; % of Total ; Min   ; Max   ;
+---------------------------+-------+-------+-------------+------------+-------+-------+
; Hold Relationship         ; 0.000 ;       ;             ;            ;       ;       ;
; Clock Skew                ; 4.125 ;       ;             ;            ;       ;       ;
; Data Delay                ; 0.527 ;       ;             ;            ;       ;       ;
; Number of Logic Levels    ;       ; 1     ;             ;            ;       ;       ;
; Physical Delays           ;       ;       ;             ;            ;       ;       ;
;  Arrival Path             ;       ;       ;             ;            ;       ;       ;
;   Clock                   ;       ;       ;             ;            ;       ;       ;
;    Clock Network (Lumped) ;       ; 1     ; 0.000       ;            ; 0.000 ; 0.000 ;
;   Data                    ;       ;       ;             ;            ;       ;       ;
;    IC                     ;       ; 2     ; 0.000       ; 0          ; 0.000 ; 0.000 ;
;    Cell                   ;       ; 3     ; 0.527       ; 100        ; 0.000 ; 0.470 ;
;    Routing Element        ;       ; 2     ; 0.000       ; 0          ; 0.000 ; 0.000 ;
;  Required Path            ;       ;       ;             ;            ;       ;       ;
;   Clock                   ;       ;       ;             ;            ;       ;       ;
;    Clock Network (Lumped) ;       ; 1     ; 4.125       ; 100        ; 4.125 ; 4.125 ;
+---------------------------+-------+-------+-------------+------------+-------+-------+
Note: Negative delays are omitted from totals when calculating percentages

+--------------------------------------------------------------------------------------------------------------------------------------------------------------------------------------------------------------------------------------------------------+
; Data Arrival Path                                                                                                                                                                                                                                      ;
+---------+---------+----+------+--------+---------------------+-----------------------------------------------------------------------------------------------------------------------------------------------------------------------------------------+
; Total   ; Incr    ; RF ; Type ; Fanout ; Location            ; Element                                                                                                                                                                                 ;
+---------+---------+----+------+--------+---------------------+-----------------------------------------------------------------------------------------------------------------------------------------------------------------------------------------+
; 0.000   ; 0.000   ;    ;      ;        ;                     ; launch edge time                                                                                                                                                                        ;
; 0.000   ; 0.000   ;    ;      ;        ;                     ; clock path                                                                                                                                                                              ;
;   0.000 ;   0.000 ; R  ;      ;        ;                     ; clock network delay                                                                                                                                                                     ;
; 0.527   ; 0.527   ;    ;      ;        ;                     ; data path                                                                                                                                                                               ;
;   0.000 ;   0.000 ; RR ; CELL ; 108    ; FF_X18_Y50_N26      ; u_soc|crypto_accelerator|u_core|u_puf|u_measurement_engine|u_controller|current_state.ST_MEASURE|q                                                                                      ;
;   0.000 ;   0.000 ;    ; RE   ; 3      ; FF_X18_Y50_N26      ; ARRIAV_FF                                                                                                                                                                               ;
;   0.000 ;   0.000 ; RR ; IC   ; 1      ; LABCELL_X18_Y50_N24 ; u_soc|crypto_accelerator|u_core|u_puf|u_measurement_engine|u_controller|Selector34~0|datad                                                                                              ;
;   0.470 ;   0.470 ; RR ; CELL ; 1      ; LABCELL_X18_Y50_N24 ; u_soc|crypto_accelerator|u_core|u_puf|u_measurement_engine|u_controller|Selector34~0|combout                                                                                            ;
;   0.470 ;   0.000 ;    ; RE   ; 1      ; LABCELL_X18_Y50_N24 ; ARRIAV_LCELL_COMB                                                                                                                                                                       ;
;   0.470 ;   0.000 ; RR ; IC   ; 1      ; FF_X18_Y50_N26      ; u_soc|crypto_accelerator|u_core|u_puf|u_measurement_engine|u_controller|current_state.ST_MEASURE|d                                                                                      ;
;   0.527 ;   0.057 ; RR ; CELL ; 1      ; FF_X18_Y50_N26      ; soc:u_soc|axi_slave_top:crypto_accelerator|axi_slave_core:u_core|ro_puf_core:u_puf|measurement_engine:u_measurement_engine|measurement_controller:u_controller|current_state.ST_MEASURE ;
+---------+---------+----+------+--------+---------------------+-----------------------------------------------------------------------------------------------------------------------------------------------------------------------------------------+

+---------------------------------------------------------------------------------------------------------------------------------------------------------------------------------------------------------------------------------------------------+
; Data Required Path                                                                                                                                                                                                                                ;
+---------+---------+----+------+--------+----------------+-----------------------------------------------------------------------------------------------------------------------------------------------------------------------------------------+
; Total   ; Incr    ; RF ; Type ; Fanout ; Location       ; Element                                                                                                                                                                                 ;
+---------+---------+----+------+--------+----------------+-----------------------------------------------------------------------------------------------------------------------------------------------------------------------------------------+
; 0.000   ; 0.000   ;    ;      ;        ;                ; latch edge time                                                                                                                                                                         ;
; 4.125   ; 4.125   ;    ;      ;        ;                ; clock path                                                                                                                                                                              ;
;   4.125 ;   4.125 ; R  ;      ;        ;                ; clock network delay                                                                                                                                                                     ;
; 4.345   ; 0.220   ;    ;      ;        ;                ; clock uncertainty                                                                                                                                                                       ;
; 4.345   ; 0.000   ;    ; uTh  ; 1      ; FF_X18_Y50_N26 ; soc:u_soc|axi_slave_top:crypto_accelerator|axi_slave_core:u_core|ro_puf_core:u_puf|measurement_engine:u_measurement_engine|measurement_controller:u_controller|current_state.ST_MEASURE ;
+---------+---------+----+------+--------+----------------+-----------------------------------------------------------------------------------------------------------------------------------------------------------------------------------------+

----------------------------
; Extra Fitter Information ;
----------------------------
HTML report is unavailable in plain text report export.


Path #2: Hold slack is -3.700 (VIOLATED)
===============================================================================
+--------------------------------------------------------------------------------------------------------------------------------------------------------------------------------------------------------------+
; Path Summary                                                                                                                                                                                                 ;
+--------------------+-----------------------------------------------------------------------------------------------------------------------------------------------------------------------------------------+
; Property           ; Value                                                                                                                                                                                   ;
+--------------------+-----------------------------------------------------------------------------------------------------------------------------------------------------------------------------------------+
; From Node          ; soc:u_soc|axi_slave_top:crypto_accelerator|axi_slave_core:u_core|ro_puf_core:u_puf|measurement_engine:u_measurement_engine|measurement_controller:u_controller|current_state.ST_MEASURE ;
; To Node            ; soc:u_soc|axi_slave_top:crypto_accelerator|axi_slave_core:u_core|ro_puf_core:u_puf|measurement_engine:u_measurement_engine|measurement_controller:u_controller|current_state.ST_FREEZE  ;
; Launch Clock       ; soc:u_soc|axi_slave_top:crypto_accelerator|axi_slave_core:u_core|ro_puf_core:u_puf|measurement_engine:u_measurement_engine|measurement_controller:u_controller|current_state.ST_MEASURE ;
; Latch Clock        ; CLOCK_50                                                                                                                                                                                ;
; Data Arrival Time  ; 0.644                                                                                                                                                                                   ;
; Data Required Time ; 4.344                                                                                                                                                                                   ;
; Slack              ; -3.700 (VIOLATED)                                                                                                                                                                       ;
+--------------------+-----------------------------------------------------------------------------------------------------------------------------------------------------------------------------------------+

+--------------------------------------------------------------------------------------+
; Statistics                                                                           ;
+---------------------------+-------+-------+-------------+------------+-------+-------+
; Property                  ; Value ; Count ; Total Delay ; % of Total ; Min   ; Max   ;
+---------------------------+-------+-------+-------------+------------+-------+-------+
; Hold Relationship         ; 0.000 ;       ;             ;            ;       ;       ;
; Clock Skew                ; 4.124 ;       ;             ;            ;       ;       ;
; Data Delay                ; 0.644 ;       ;             ;            ;       ;       ;
; Number of Logic Levels    ;       ; 1     ;             ;            ;       ;       ;
; Physical Delays           ;       ;       ;             ;            ;       ;       ;
;  Arrival Path             ;       ;       ;             ;            ;       ;       ;
;   Clock                   ;       ;       ;             ;            ;       ;       ;
;    Clock Network (Lumped) ;       ; 1     ; 0.000       ;            ; 0.000 ; 0.000 ;
;   Data                    ;       ;       ;             ;            ;       ;       ;
;    IC                     ;       ; 2     ; 0.000       ; 0          ; 0.000 ; 0.000 ;
;    Cell                   ;       ; 3     ; 0.439       ; 68         ; 0.000 ; 0.384 ;
;    Routing Element        ;       ; 4     ; 0.205       ; 32         ; 0.000 ; 0.077 ;
;  Required Path            ;       ;       ;             ;            ;       ;       ;
;   Clock                   ;       ;       ;             ;            ;       ;       ;
;    Clock Network (Lumped) ;       ; 1     ; 4.124       ; 100        ; 4.124 ; 4.124 ;
+---------------------------+-------+-------+-------------+------------+-------+-------+
Note: Negative delays are omitted from totals when calculating percentages

+------------------------------------------------------------------------------------------------------------------------------------------------------------------------------------------------------------------------------------------------------------------+
; Data Arrival Path                                                                                                                                                                                                                                                ;
+---------+---------+----+------+--------+--------------------------------+----------------------------------------------------------------------------------------------------------------------------------------------------------------------------------------+
; Total   ; Incr    ; RF ; Type ; Fanout ; Location                       ; Element                                                                                                                                                                                ;
+---------+---------+----+------+--------+--------------------------------+----------------------------------------------------------------------------------------------------------------------------------------------------------------------------------------+
; 0.000   ; 0.000   ;    ;      ;        ;                                ; launch edge time                                                                                                                                                                       ;
; 0.000   ; 0.000   ;    ;      ;        ;                                ; clock path                                                                                                                                                                             ;
;   0.000 ;   0.000 ; R  ;      ;        ;                                ; clock network delay                                                                                                                                                                    ;
; 0.644   ; 0.644   ;    ;      ;        ;                                ; data path                                                                                                                                                                              ;
;   0.000 ;   0.000 ; RR ; CELL ; 108    ; FF_X18_Y50_N26                 ; u_soc|crypto_accelerator|u_core|u_puf|u_measurement_engine|u_controller|current_state.ST_MEASURE|q                                                                                     ;
;   0.053 ;   0.053 ;    ; RE   ; 3      ; FF_X18_Y50_N26                 ; ARRIAV_FF                                                                                                                                                                              ;
;   0.130 ;   0.077 ;    ; RE   ; 1      ; LOCAL_LINE_X18_Y50_N0_I8       ; LOCAL_LINE                                                                                                                                                                             ;
;   0.205 ;   0.075 ;    ; RE   ; 1      ; BLOCK_INPUT_MUX_X18_Y50_N0_I34 ; LEIM_INPUT                                                                                                                                                                             ;
;   0.205 ;   0.000 ; RR ; IC   ; 1      ; LABCELL_X18_Y50_N27            ; u_soc|crypto_accelerator|u_core|u_puf|u_measurement_engine|u_controller|Selector35~0|dataa                                                                                             ;
;   0.589 ;   0.384 ; RR ; CELL ; 1      ; LABCELL_X18_Y50_N27            ; u_soc|crypto_accelerator|u_core|u_puf|u_measurement_engine|u_controller|Selector35~0|combout                                                                                           ;
;   0.589 ;   0.000 ;    ; RE   ; 1      ; LABCELL_X18_Y50_N27            ; ARRIAV_LCELL_COMB                                                                                                                                                                      ;
;   0.589 ;   0.000 ; RR ; IC   ; 1      ; FF_X18_Y50_N28                 ; u_soc|crypto_accelerator|u_core|u_puf|u_measurement_engine|u_controller|current_state.ST_FREEZE|d                                                                                      ;
;   0.644 ;   0.055 ; RR ; CELL ; 1      ; FF_X18_Y50_N28                 ; soc:u_soc|axi_slave_top:crypto_accelerator|axi_slave_core:u_core|ro_puf_core:u_puf|measurement_engine:u_measurement_engine|measurement_controller:u_controller|current_state.ST_FREEZE ;
+---------+---------+----+------+--------+--------------------------------+----------------------------------------------------------------------------------------------------------------------------------------------------------------------------------------+

+--------------------------------------------------------------------------------------------------------------------------------------------------------------------------------------------------------------------------------------------------+
; Data Required Path                                                                                                                                                                                                                               ;
+---------+---------+----+------+--------+----------------+----------------------------------------------------------------------------------------------------------------------------------------------------------------------------------------+
; Total   ; Incr    ; RF ; Type ; Fanout ; Location       ; Element                                                                                                                                                                                ;
+---------+---------+----+------+--------+----------------+----------------------------------------------------------------------------------------------------------------------------------------------------------------------------------------+
; 0.000   ; 0.000   ;    ;      ;        ;                ; latch edge time                                                                                                                                                                        ;
; 4.124   ; 4.124   ;    ;      ;        ;                ; clock path                                                                                                                                                                             ;
;   4.124 ;   4.124 ; R  ;      ;        ;                ; clock network delay                                                                                                                                                                    ;
; 4.344   ; 0.220   ;    ;      ;        ;                ; clock uncertainty                                                                                                                                                                      ;
; 4.344   ; 0.000   ;    ; uTh  ; 1      ; FF_X18_Y50_N28 ; soc:u_soc|axi_slave_top:crypto_accelerator|axi_slave_core:u_core|ro_puf_core:u_puf|measurement_engine:u_measurement_engine|measurement_controller:u_controller|current_state.ST_FREEZE ;
+---------+---------+----+------+--------+----------------+----------------------------------------------------------------------------------------------------------------------------------------------------------------------------------------+

----------------------------
; Extra Fitter Information ;
----------------------------
HTML report is unavailable in plain text report export.


Path #3: Hold slack is -3.338 (VIOLATED)
===============================================================================
+-------------------------------------------------------------------------------------------------------------------------------------------------------------------------------------------------------------------------+
; Path Summary                                                                                                                                                                                                            ;
+--------------------+----------------------------------------------------------------------------------------------------------------------------------------------------------------------------------------------------+
; Property           ; Value                                                                                                                                                                                              ;
+--------------------+----------------------------------------------------------------------------------------------------------------------------------------------------------------------------------------------------+
; From Node          ; soc:u_soc|axi_slave_top:crypto_accelerator|axi_slave_core:u_core|ro_puf_core:u_puf|measurement_engine:u_measurement_engine|measurement_controller:u_controller|current_state.ST_MEASURE            ;
; To Node            ; soc:u_soc|axi_slave_top:crypto_accelerator|axi_slave_core:u_core|ro_puf_core:u_puf|measurement_engine:u_measurement_engine|measurement_controller:u_controller|current_state.ST_MEASURE            ;
; Launch Clock       ; soc:u_soc|axi_slave_top:crypto_accelerator|axi_slave_core:u_core|ro_puf_core:u_puf|measurement_engine:u_measurement_engine|measurement_controller:u_controller|current_state.ST_MEASURE (INVERTED) ;
; Latch Clock        ; CLOCK_50                                                                                                                                                                                           ;
; Data Arrival Time  ; 1.007                                                                                                                                                                                              ;
; Data Required Time ; 4.345                                                                                                                                                                                              ;
; Slack              ; -3.338 (VIOLATED)                                                                                                                                                                                  ;
+--------------------+----------------------------------------------------------------------------------------------------------------------------------------------------------------------------------------------------+

+---------------------------------------------------------------------------------------+
; Statistics                                                                            ;
+---------------------------+--------+-------+-------------+------------+-------+-------+
; Property                  ; Value  ; Count ; Total Delay ; % of Total ; Min   ; Max   ;
+---------------------------+--------+-------+-------------+------------+-------+-------+
; Hold Relationship         ; -0.500 ;       ;             ;            ;       ;       ;
; Clock Skew                ; 4.125  ;       ;             ;            ;       ;       ;
; Data Delay                ; 0.507  ;       ;             ;            ;       ;       ;
; Number of Logic Levels    ;        ; 1     ;             ;            ;       ;       ;
; Physical Delays           ;        ;       ;             ;            ;       ;       ;
;  Arrival Path             ;        ;       ;             ;            ;       ;       ;
;   Clock                   ;        ;       ;             ;            ;       ;       ;
;    Clock Network (Lumped) ;        ; 1     ; 0.000       ;            ; 0.000 ; 0.000 ;
;   Data                    ;        ;       ;             ;            ;       ;       ;
;    IC                     ;        ; 2     ; 0.000       ; 0          ; 0.000 ; 0.000 ;
;    Cell                   ;        ; 3     ; 0.507       ; 100        ; 0.000 ; 0.450 ;
;    Routing Element        ;        ; 2     ; 0.000       ; 0          ; 0.000 ; 0.000 ;
;  Required Path            ;        ;       ;             ;            ;       ;       ;
;   Clock                   ;        ;       ;             ;            ;       ;       ;
;    Clock Network (Lumped) ;        ; 1     ; 4.125       ; 100        ; 4.125 ; 4.125 ;
+---------------------------+--------+-------+-------------+------------+-------+-------+
Note: Negative delays are omitted from totals when calculating percentages

+--------------------------------------------------------------------------------------------------------------------------------------------------------------------------------------------------------------------------------------------------------+
; Data Arrival Path                                                                                                                                                                                                                                      ;
+---------+---------+----+------+--------+---------------------+-----------------------------------------------------------------------------------------------------------------------------------------------------------------------------------------+
; Total   ; Incr    ; RF ; Type ; Fanout ; Location            ; Element                                                                                                                                                                                 ;
+---------+---------+----+------+--------+---------------------+-----------------------------------------------------------------------------------------------------------------------------------------------------------------------------------------+
; 0.500   ; 0.500   ;    ;      ;        ;                     ; launch edge time                                                                                                                                                                        ;
; 0.500   ; 0.000   ;    ;      ;        ;                     ; clock path                                                                                                                                                                              ;
;   0.500 ;   0.000 ; F  ;      ;        ;                     ; clock network delay                                                                                                                                                                     ;
; 1.007   ; 0.507   ;    ;      ;        ;                     ; data path                                                                                                                                                                               ;
;   0.500 ;   0.000 ; FF ; CELL ; 108    ; FF_X18_Y50_N26      ; u_soc|crypto_accelerator|u_core|u_puf|u_measurement_engine|u_controller|current_state.ST_MEASURE|q                                                                                      ;
;   0.500 ;   0.000 ;    ; RE   ; 3      ; FF_X18_Y50_N26      ; ARRIAV_FF                                                                                                                                                                               ;
;   0.500 ;   0.000 ; FF ; IC   ; 1      ; LABCELL_X18_Y50_N24 ; u_soc|crypto_accelerator|u_core|u_puf|u_measurement_engine|u_controller|Selector34~0|datad                                                                                              ;
;   0.950 ;   0.450 ; FF ; CELL ; 1      ; LABCELL_X18_Y50_N24 ; u_soc|crypto_accelerator|u_core|u_puf|u_measurement_engine|u_controller|Selector34~0|combout                                                                                            ;
;   0.950 ;   0.000 ;    ; RE   ; 1      ; LABCELL_X18_Y50_N24 ; ARRIAV_LCELL_COMB                                                                                                                                                                       ;
;   0.950 ;   0.000 ; FF ; IC   ; 1      ; FF_X18_Y50_N26      ; u_soc|crypto_accelerator|u_core|u_puf|u_measurement_engine|u_controller|current_state.ST_MEASURE|d                                                                                      ;
;   1.007 ;   0.057 ; FF ; CELL ; 1      ; FF_X18_Y50_N26      ; soc:u_soc|axi_slave_top:crypto_accelerator|axi_slave_core:u_core|ro_puf_core:u_puf|measurement_engine:u_measurement_engine|measurement_controller:u_controller|current_state.ST_MEASURE ;
+---------+---------+----+------+--------+---------------------+-----------------------------------------------------------------------------------------------------------------------------------------------------------------------------------------+

+---------------------------------------------------------------------------------------------------------------------------------------------------------------------------------------------------------------------------------------------------+
; Data Required Path                                                                                                                                                                                                                                ;
+---------+---------+----+------+--------+----------------+-----------------------------------------------------------------------------------------------------------------------------------------------------------------------------------------+
; Total   ; Incr    ; RF ; Type ; Fanout ; Location       ; Element                                                                                                                                                                                 ;
+---------+---------+----+------+--------+----------------+-----------------------------------------------------------------------------------------------------------------------------------------------------------------------------------------+
; 0.000   ; 0.000   ;    ;      ;        ;                ; latch edge time                                                                                                                                                                         ;
; 4.125   ; 4.125   ;    ;      ;        ;                ; clock path                                                                                                                                                                              ;
;   4.125 ;   4.125 ; R  ;      ;        ;                ; clock network delay                                                                                                                                                                     ;
; 4.345   ; 0.220   ;    ;      ;        ;                ; clock uncertainty                                                                                                                                                                       ;
; 4.345   ; 0.000   ;    ; uTh  ; 1      ; FF_X18_Y50_N26 ; soc:u_soc|axi_slave_top:crypto_accelerator|axi_slave_core:u_core|ro_puf_core:u_puf|measurement_engine:u_measurement_engine|measurement_controller:u_controller|current_state.ST_MEASURE ;
+---------+---------+----+------+--------+----------------+-----------------------------------------------------------------------------------------------------------------------------------------------------------------------------------------+

----------------------------
; Extra Fitter Information ;
----------------------------
HTML report is unavailable in plain text report export.


Path #4: Hold slack is -3.243 (VIOLATED)
===============================================================================
+-------------------------------------------------------------------------------------------------------------------------------------------------------------------------------------------------------------------------+
; Path Summary                                                                                                                                                                                                            ;
+--------------------+----------------------------------------------------------------------------------------------------------------------------------------------------------------------------------------------------+
; Property           ; Value                                                                                                                                                                                              ;
+--------------------+----------------------------------------------------------------------------------------------------------------------------------------------------------------------------------------------------+
; From Node          ; soc:u_soc|axi_slave_top:crypto_accelerator|axi_slave_core:u_core|ro_puf_core:u_puf|measurement_engine:u_measurement_engine|measurement_controller:u_controller|current_state.ST_MEASURE            ;
; To Node            ; soc:u_soc|axi_slave_top:crypto_accelerator|axi_slave_core:u_core|ro_puf_core:u_puf|measurement_engine:u_measurement_engine|measurement_controller:u_controller|current_state.ST_FREEZE             ;
; Launch Clock       ; soc:u_soc|axi_slave_top:crypto_accelerator|axi_slave_core:u_core|ro_puf_core:u_puf|measurement_engine:u_measurement_engine|measurement_controller:u_controller|current_state.ST_MEASURE (INVERTED) ;
; Latch Clock        ; CLOCK_50                                                                                                                                                                                           ;
; Data Arrival Time  ; 1.101                                                                                                                                                                                              ;
; Data Required Time ; 4.344                                                                                                                                                                                              ;
; Slack              ; -3.243 (VIOLATED)                                                                                                                                                                                  ;
+--------------------+----------------------------------------------------------------------------------------------------------------------------------------------------------------------------------------------------+

+---------------------------------------------------------------------------------------+
; Statistics                                                                            ;
+---------------------------+--------+-------+-------------+------------+-------+-------+
; Property                  ; Value  ; Count ; Total Delay ; % of Total ; Min   ; Max   ;
+---------------------------+--------+-------+-------------+------------+-------+-------+
; Hold Relationship         ; -0.500 ;       ;             ;            ;       ;       ;
; Clock Skew                ; 4.124  ;       ;             ;            ;       ;       ;
; Data Delay                ; 0.601  ;       ;             ;            ;       ;       ;
; Number of Logic Levels    ;        ; 1     ;             ;            ;       ;       ;
; Physical Delays           ;        ;       ;             ;            ;       ;       ;
;  Arrival Path             ;        ;       ;             ;            ;       ;       ;
;   Clock                   ;        ;       ;             ;            ;       ;       ;
;    Clock Network (Lumped) ;        ; 1     ; 0.000       ;            ; 0.000 ; 0.000 ;
;   Data                    ;        ;       ;             ;            ;       ;       ;
;    IC                     ;        ; 2     ; 0.000       ; 0          ; 0.000 ; 0.000 ;
;    Cell                   ;        ; 3     ; 0.424       ; 71         ; 0.000 ; 0.368 ;
;    Routing Element        ;        ; 4     ; 0.177       ; 29         ; 0.000 ; 0.081 ;
;  Required Path            ;        ;       ;             ;            ;       ;       ;
;   Clock                   ;        ;       ;             ;            ;       ;       ;
;    Clock Network (Lumped) ;        ; 1     ; 4.124       ; 100        ; 4.124 ; 4.124 ;
+---------------------------+--------+-------+-------------+------------+-------+-------+
Note: Negative delays are omitted from totals when calculating percentages

+------------------------------------------------------------------------------------------------------------------------------------------------------------------------------------------------------------------------------------------------------------------+
; Data Arrival Path                                                                                                                                                                                                                                                ;
+---------+---------+----+------+--------+--------------------------------+----------------------------------------------------------------------------------------------------------------------------------------------------------------------------------------+
; Total   ; Incr    ; RF ; Type ; Fanout ; Location                       ; Element                                                                                                                                                                                ;
+---------+---------+----+------+--------+--------------------------------+----------------------------------------------------------------------------------------------------------------------------------------------------------------------------------------+
; 0.500   ; 0.500   ;    ;      ;        ;                                ; launch edge time                                                                                                                                                                       ;
; 0.500   ; 0.000   ;    ;      ;        ;                                ; clock path                                                                                                                                                                             ;
;   0.500 ;   0.000 ; F  ;      ;        ;                                ; clock network delay                                                                                                                                                                    ;
; 1.101   ; 0.601   ;    ;      ;        ;                                ; data path                                                                                                                                                                              ;
;   0.500 ;   0.000 ; FF ; CELL ; 108    ; FF_X18_Y50_N26                 ; u_soc|crypto_accelerator|u_core|u_puf|u_measurement_engine|u_controller|current_state.ST_MEASURE|q                                                                                     ;
;   0.540 ;   0.040 ;    ; RE   ; 3      ; FF_X18_Y50_N26                 ; ARRIAV_FF                                                                                                                                                                              ;
;   0.596 ;   0.056 ;    ; RE   ; 1      ; LOCAL_LINE_X18_Y50_N0_I8       ; LOCAL_LINE                                                                                                                                                                             ;
;   0.677 ;   0.081 ;    ; RE   ; 1      ; BLOCK_INPUT_MUX_X18_Y50_N0_I34 ; LEIM_INPUT                                                                                                                                                                             ;
;   0.677 ;   0.000 ; FF ; IC   ; 1      ; LABCELL_X18_Y50_N27            ; u_soc|crypto_accelerator|u_core|u_puf|u_measurement_engine|u_controller|Selector35~0|dataa                                                                                             ;
;   1.045 ;   0.368 ; FF ; CELL ; 1      ; LABCELL_X18_Y50_N27            ; u_soc|crypto_accelerator|u_core|u_puf|u_measurement_engine|u_controller|Selector35~0|combout                                                                                           ;
;   1.045 ;   0.000 ;    ; RE   ; 1      ; LABCELL_X18_Y50_N27            ; ARRIAV_LCELL_COMB                                                                                                                                                                      ;
;   1.045 ;   0.000 ; FF ; IC   ; 1      ; FF_X18_Y50_N28                 ; u_soc|crypto_accelerator|u_core|u_puf|u_measurement_engine|u_controller|current_state.ST_FREEZE|d                                                                                      ;
;   1.101 ;   0.056 ; FF ; CELL ; 1      ; FF_X18_Y50_N28                 ; soc:u_soc|axi_slave_top:crypto_accelerator|axi_slave_core:u_core|ro_puf_core:u_puf|measurement_engine:u_measurement_engine|measurement_controller:u_controller|current_state.ST_FREEZE ;
+---------+---------+----+------+--------+--------------------------------+----------------------------------------------------------------------------------------------------------------------------------------------------------------------------------------+

+--------------------------------------------------------------------------------------------------------------------------------------------------------------------------------------------------------------------------------------------------+
; Data Required Path                                                                                                                                                                                                                               ;
+---------+---------+----+------+--------+----------------+----------------------------------------------------------------------------------------------------------------------------------------------------------------------------------------+
; Total   ; Incr    ; RF ; Type ; Fanout ; Location       ; Element                                                                                                                                                                                ;
+---------+---------+----+------+--------+----------------+----------------------------------------------------------------------------------------------------------------------------------------------------------------------------------------+
; 0.000   ; 0.000   ;    ;      ;        ;                ; latch edge time                                                                                                                                                                        ;
; 4.124   ; 4.124   ;    ;      ;        ;                ; clock path                                                                                                                                                                             ;
;   4.124 ;   4.124 ; R  ;      ;        ;                ; clock network delay                                                                                                                                                                    ;
; 4.344   ; 0.220   ;    ;      ;        ;                ; clock uncertainty                                                                                                                                                                      ;
; 4.344   ; 0.000   ;    ; uTh  ; 1      ; FF_X18_Y50_N28 ; soc:u_soc|axi_slave_top:crypto_accelerator|axi_slave_core:u_core|ro_puf_core:u_puf|measurement_engine:u_measurement_engine|measurement_controller:u_controller|current_state.ST_FREEZE ;
+---------+---------+----+------+--------+----------------+----------------------------------------------------------------------------------------------------------------------------------------------------------------------------------------+

----------------------------
; Extra Fitter Information ;
----------------------------
HTML report is unavailable in plain text report export.


Path #5: Hold slack is -2.489 (VIOLATED)
===============================================================================
+--------------------------------------------------------------------------------------------------------------------------------------------------------------------------------------------------------------+
; Path Summary                                                                                                                                                                                                 ;
+--------------------+-----------------------------------------------------------------------------------------------------------------------------------------------------------------------------------------+
; Property           ; Value                                                                                                                                                                                   ;
+--------------------+-----------------------------------------------------------------------------------------------------------------------------------------------------------------------------------------+
; From Node          ; soc:u_soc|axi_slave_top:crypto_accelerator|axi_slave_core:u_core|ro_puf_core:u_puf|measurement_engine:u_measurement_engine|measurement_controller:u_controller|current_state.ST_MEASURE ;
; To Node            ; soc:u_soc|axi_slave_top:crypto_accelerator|axi_slave_core:u_core|ro_puf_core:u_puf|measurement_engine:u_measurement_engine|measurement_controller:u_controller|measure_cnt[14]          ;
; Launch Clock       ; soc:u_soc|axi_slave_top:crypto_accelerator|axi_slave_core:u_core|ro_puf_core:u_puf|measurement_engine:u_measurement_engine|measurement_controller:u_controller|current_state.ST_MEASURE ;
; Latch Clock        ; CLOCK_50                                                                                                                                                                                ;
; Data Arrival Time  ; 1.846                                                                                                                                                                                   ;
; Data Required Time ; 4.335                                                                                                                                                                                   ;
; Slack              ; -2.489 (VIOLATED)                                                                                                                                                                       ;
+--------------------+-----------------------------------------------------------------------------------------------------------------------------------------------------------------------------------------+

+--------------------------------------------------------------------------------------+
; Statistics                                                                           ;
+---------------------------+-------+-------+-------------+------------+-------+-------+
; Property                  ; Value ; Count ; Total Delay ; % of Total ; Min   ; Max   ;
+---------------------------+-------+-------+-------------+------------+-------+-------+
; Hold Relationship         ; 0.000 ;       ;             ;            ;       ;       ;
; Clock Skew                ; 4.115 ;       ;             ;            ;       ;       ;
; Data Delay                ; 1.846 ;       ;             ;            ;       ;       ;
; Number of Logic Levels    ;       ; 0     ;             ;            ;       ;       ;
; Physical Delays           ;       ;       ;             ;            ;       ;       ;
;  Arrival Path             ;       ;       ;             ;            ;       ;       ;
;   Clock                   ;       ;       ;             ;            ;       ;       ;
;    Clock Network (Lumped) ;       ; 1     ; 0.000       ;            ; 0.000 ; 0.000 ;
;   Data                    ;       ;       ;             ;            ;       ;       ;
;    IC                     ;       ; 1     ; 0.000       ; 0          ; 0.000 ; 0.000 ;
;    Cell                   ;       ; 2     ; 0.386       ; 21         ; 0.000 ; 0.386 ;
;    Routing Element        ;       ; 10    ; 1.460       ; 79         ; 0.000 ; 0.325 ;
;  Required Path            ;       ;       ;             ;            ;       ;       ;
;   Clock                   ;       ;       ;             ;            ;       ;       ;
;    Clock Network (Lumped) ;       ; 1     ; 4.115       ; 100        ; 4.115 ; 4.115 ;
+---------------------------+-------+-------+-------------+------------+-------+-------+
Note: Negative delays are omitted from totals when calculating percentages

+----------------------------------------------------------------------------------------------------------------------------------------------------------------------------------------------------------------------------------------------------------------------+
; Data Arrival Path                                                                                                                                                                                                                                                    ;
+---------+---------+----+------+--------+--------------------------------------------+--------------------------------------------------------------------------------------------------------------------------------------------------------------------------------+
; Total   ; Incr    ; RF ; Type ; Fanout ; Location                                   ; Element                                                                                                                                                                        ;
+---------+---------+----+------+--------+--------------------------------------------+--------------------------------------------------------------------------------------------------------------------------------------------------------------------------------+
; 0.000   ; 0.000   ;    ;      ;        ;                                            ; launch edge time                                                                                                                                                               ;
; 0.000   ; 0.000   ;    ;      ;        ;                                            ; clock path                                                                                                                                                                     ;
;   0.000 ;   0.000 ; R  ;      ;        ;                                            ; clock network delay                                                                                                                                                            ;
; 1.846   ; 1.846   ;    ;      ;        ;                                            ; data path                                                                                                                                                                      ;
;   0.000 ;   0.000 ; RR ; CELL ; 108    ; FF_X18_Y50_N26                             ; u_soc|crypto_accelerator|u_core|u_puf|u_measurement_engine|u_controller|current_state.ST_MEASURE|q                                                                             ;
;   0.053 ;   0.053 ;    ; RE   ; 3      ; FF_X18_Y50_N26                             ; ARRIAV_FF                                                                                                                                                                      ;
;   0.230 ;   0.177 ;    ; RE   ; 10     ; LE_BUFFER_X18_Y50_N0_I17                   ; LE_BUFFER                                                                                                                                                                      ;
;   0.555 ;   0.325 ;    ; RE   ; 5      ; C4_X17_Y46_N0_I8                           ; V_SEG4                                                                                                                                                                         ;
;   0.739 ;   0.184 ;    ; RE   ; 3      ; C4_X17_Y42_N0_I8                           ; V_SEG4                                                                                                                                                                         ;
;   0.899 ;   0.160 ;    ; RE   ; 1      ; R3_X18_Y45_N0_I8                           ; H_SEG3                                                                                                                                                                         ;
;   1.122 ;   0.223 ;    ; RE   ; 1      ; R6_X21_Y45_N0_I4                           ; H_SEG6                                                                                                                                                                         ;
;   1.237 ;   0.115 ;    ; RE   ; 1      ; LOCAL_INTERCONNECT_X27_Y45_N0_I8           ; LAB_LINE                                                                                                                                                                       ;
;   1.460 ;   0.223 ;    ; RE   ; 1      ; BLOCK_INPUT_MUX_PASSTHROUGH_X27_Y45_N0_I81 ; LEIM                                                                                                                                                                           ;
;   1.460 ;   0.000 ;    ; RE   ; 1      ; LEIMSEL_X27_Y45_N0_I0                      ; LEIMSEL                                                                                                                                                                        ;
;   1.460 ;   0.000 ;    ; RE   ; 26     ; LAB_INPUT_X27_Y45_N0_I8                    ; LAB_INPUT                                                                                                                                                                      ;
;   1.460 ;   0.000 ; RR ; IC   ; 1      ; FF_X27_Y45_N43                             ; u_soc|crypto_accelerator|u_core|u_puf|u_measurement_engine|u_controller|measure_cnt[14]|sload                                                                                  ;
;   1.846 ;   0.386 ; RF ; CELL ; 1      ; FF_X27_Y45_N43                             ; soc:u_soc|axi_slave_top:crypto_accelerator|axi_slave_core:u_core|ro_puf_core:u_puf|measurement_engine:u_measurement_engine|measurement_controller:u_controller|measure_cnt[14] ;
+---------+---------+----+------+--------+--------------------------------------------+--------------------------------------------------------------------------------------------------------------------------------------------------------------------------------+

+------------------------------------------------------------------------------------------------------------------------------------------------------------------------------------------------------------------------------------------+
; Data Required Path                                                                                                                                                                                                                       ;
+---------+---------+----+------+--------+----------------+--------------------------------------------------------------------------------------------------------------------------------------------------------------------------------+
; Total   ; Incr    ; RF ; Type ; Fanout ; Location       ; Element                                                                                                                                                                        ;
+---------+---------+----+------+--------+----------------+--------------------------------------------------------------------------------------------------------------------------------------------------------------------------------+
; 0.000   ; 0.000   ;    ;      ;        ;                ; latch edge time                                                                                                                                                                ;
; 4.115   ; 4.115   ;    ;      ;        ;                ; clock path                                                                                                                                                                     ;
;   4.115 ;   4.115 ; R  ;      ;        ;                ; clock network delay                                                                                                                                                            ;
; 4.335   ; 0.220   ;    ;      ;        ;                ; clock uncertainty                                                                                                                                                              ;
; 4.335   ; 0.000   ;    ; uTh  ; 1      ; FF_X27_Y45_N43 ; soc:u_soc|axi_slave_top:crypto_accelerator|axi_slave_core:u_core|ro_puf_core:u_puf|measurement_engine:u_measurement_engine|measurement_controller:u_controller|measure_cnt[14] ;
+---------+---------+----+------+--------+----------------+--------------------------------------------------------------------------------------------------------------------------------------------------------------------------------+

----------------------------
; Extra Fitter Information ;
----------------------------
HTML report is unavailable in plain text report export.


Path #6: Hold slack is -2.489 (VIOLATED)
===============================================================================
+--------------------------------------------------------------------------------------------------------------------------------------------------------------------------------------------------------------+
; Path Summary                                                                                                                                                                                                 ;
+--------------------+-----------------------------------------------------------------------------------------------------------------------------------------------------------------------------------------+
; Property           ; Value                                                                                                                                                                                   ;
+--------------------+-----------------------------------------------------------------------------------------------------------------------------------------------------------------------------------------+
; From Node          ; soc:u_soc|axi_slave_top:crypto_accelerator|axi_slave_core:u_core|ro_puf_core:u_puf|measurement_engine:u_measurement_engine|measurement_controller:u_controller|current_state.ST_MEASURE ;
; To Node            ; soc:u_soc|axi_slave_top:crypto_accelerator|axi_slave_core:u_core|ro_puf_core:u_puf|measurement_engine:u_measurement_engine|measurement_controller:u_controller|measure_cnt[16]          ;
; Launch Clock       ; soc:u_soc|axi_slave_top:crypto_accelerator|axi_slave_core:u_core|ro_puf_core:u_puf|measurement_engine:u_measurement_engine|measurement_controller:u_controller|current_state.ST_MEASURE ;
; Latch Clock        ; CLOCK_50                                                                                                                                                                                ;
; Data Arrival Time  ; 1.846                                                                                                                                                                                   ;
; Data Required Time ; 4.335                                                                                                                                                                                   ;
; Slack              ; -2.489 (VIOLATED)                                                                                                                                                                       ;
+--------------------+-----------------------------------------------------------------------------------------------------------------------------------------------------------------------------------------+

+--------------------------------------------------------------------------------------+
; Statistics                                                                           ;
+---------------------------+-------+-------+-------------+------------+-------+-------+
; Property                  ; Value ; Count ; Total Delay ; % of Total ; Min   ; Max   ;
+---------------------------+-------+-------+-------------+------------+-------+-------+
; Hold Relationship         ; 0.000 ;       ;             ;            ;       ;       ;
; Clock Skew                ; 4.115 ;       ;             ;            ;       ;       ;
; Data Delay                ; 1.846 ;       ;             ;            ;       ;       ;
; Number of Logic Levels    ;       ; 0     ;             ;            ;       ;       ;
; Physical Delays           ;       ;       ;             ;            ;       ;       ;
;  Arrival Path             ;       ;       ;             ;            ;       ;       ;
;   Clock                   ;       ;       ;             ;            ;       ;       ;
;    Clock Network (Lumped) ;       ; 1     ; 0.000       ;            ; 0.000 ; 0.000 ;
;   Data                    ;       ;       ;             ;            ;       ;       ;
;    IC                     ;       ; 1     ; 0.000       ; 0          ; 0.000 ; 0.000 ;
;    Cell                   ;       ; 2     ; 0.386       ; 21         ; 0.000 ; 0.386 ;
;    Routing Element        ;       ; 10    ; 1.460       ; 79         ; 0.000 ; 0.325 ;
;  Required Path            ;       ;       ;             ;            ;       ;       ;
;   Clock                   ;       ;       ;             ;            ;       ;       ;
;    Clock Network (Lumped) ;       ; 1     ; 4.115       ; 100        ; 4.115 ; 4.115 ;
+---------------------------+-------+-------+-------------+------------+-------+-------+
Note: Negative delays are omitted from totals when calculating percentages

+----------------------------------------------------------------------------------------------------------------------------------------------------------------------------------------------------------------------------------------------------------------------+
; Data Arrival Path                                                                                                                                                                                                                                                    ;
+---------+---------+----+------+--------+--------------------------------------------+--------------------------------------------------------------------------------------------------------------------------------------------------------------------------------+
; Total   ; Incr    ; RF ; Type ; Fanout ; Location                                   ; Element                                                                                                                                                                        ;
+---------+---------+----+------+--------+--------------------------------------------+--------------------------------------------------------------------------------------------------------------------------------------------------------------------------------+
; 0.000   ; 0.000   ;    ;      ;        ;                                            ; launch edge time                                                                                                                                                               ;
; 0.000   ; 0.000   ;    ;      ;        ;                                            ; clock path                                                                                                                                                                     ;
;   0.000 ;   0.000 ; R  ;      ;        ;                                            ; clock network delay                                                                                                                                                            ;
; 1.846   ; 1.846   ;    ;      ;        ;                                            ; data path                                                                                                                                                                      ;
;   0.000 ;   0.000 ; RR ; CELL ; 108    ; FF_X18_Y50_N26                             ; u_soc|crypto_accelerator|u_core|u_puf|u_measurement_engine|u_controller|current_state.ST_MEASURE|q                                                                             ;
;   0.053 ;   0.053 ;    ; RE   ; 3      ; FF_X18_Y50_N26                             ; ARRIAV_FF                                                                                                                                                                      ;
;   0.230 ;   0.177 ;    ; RE   ; 10     ; LE_BUFFER_X18_Y50_N0_I17                   ; LE_BUFFER                                                                                                                                                                      ;
;   0.555 ;   0.325 ;    ; RE   ; 5      ; C4_X17_Y46_N0_I8                           ; V_SEG4                                                                                                                                                                         ;
;   0.739 ;   0.184 ;    ; RE   ; 3      ; C4_X17_Y42_N0_I8                           ; V_SEG4                                                                                                                                                                         ;
;   0.899 ;   0.160 ;    ; RE   ; 1      ; R3_X18_Y45_N0_I8                           ; H_SEG3                                                                                                                                                                         ;
;   1.122 ;   0.223 ;    ; RE   ; 1      ; R6_X21_Y45_N0_I4                           ; H_SEG6                                                                                                                                                                         ;
;   1.237 ;   0.115 ;    ; RE   ; 1      ; LOCAL_INTERCONNECT_X27_Y45_N0_I8           ; LAB_LINE                                                                                                                                                                       ;
;   1.460 ;   0.223 ;    ; RE   ; 1      ; BLOCK_INPUT_MUX_PASSTHROUGH_X27_Y45_N0_I81 ; LEIM                                                                                                                                                                           ;
;   1.460 ;   0.000 ;    ; RE   ; 1      ; LEIMSEL_X27_Y45_N0_I0                      ; LEIMSEL                                                                                                                                                                        ;
;   1.460 ;   0.000 ;    ; RE   ; 26     ; LAB_INPUT_X27_Y45_N0_I8                    ; LAB_INPUT                                                                                                                                                                      ;
;   1.460 ;   0.000 ; RR ; IC   ; 1      ; FF_X27_Y45_N49                             ; u_soc|crypto_accelerator|u_core|u_puf|u_measurement_engine|u_controller|measure_cnt[16]|sload                                                                                  ;
;   1.846 ;   0.386 ; RF ; CELL ; 1      ; FF_X27_Y45_N49                             ; soc:u_soc|axi_slave_top:crypto_accelerator|axi_slave_core:u_core|ro_puf_core:u_puf|measurement_engine:u_measurement_engine|measurement_controller:u_controller|measure_cnt[16] ;
+---------+---------+----+------+--------+--------------------------------------------+--------------------------------------------------------------------------------------------------------------------------------------------------------------------------------+

+------------------------------------------------------------------------------------------------------------------------------------------------------------------------------------------------------------------------------------------+
; Data Required Path                                                                                                                                                                                                                       ;
+---------+---------+----+------+--------+----------------+--------------------------------------------------------------------------------------------------------------------------------------------------------------------------------+
; Total   ; Incr    ; RF ; Type ; Fanout ; Location       ; Element                                                                                                                                                                        ;
+---------+---------+----+------+--------+----------------+--------------------------------------------------------------------------------------------------------------------------------------------------------------------------------+
; 0.000   ; 0.000   ;    ;      ;        ;                ; latch edge time                                                                                                                                                                ;
; 4.115   ; 4.115   ;    ;      ;        ;                ; clock path                                                                                                                                                                     ;
;   4.115 ;   4.115 ; R  ;      ;        ;                ; clock network delay                                                                                                                                                            ;
; 4.335   ; 0.220   ;    ;      ;        ;                ; clock uncertainty                                                                                                                                                              ;
; 4.335   ; 0.000   ;    ; uTh  ; 1      ; FF_X27_Y45_N49 ; soc:u_soc|axi_slave_top:crypto_accelerator|axi_slave_core:u_core|ro_puf_core:u_puf|measurement_engine:u_measurement_engine|measurement_controller:u_controller|measure_cnt[16] ;
+---------+---------+----+------+--------+----------------+--------------------------------------------------------------------------------------------------------------------------------------------------------------------------------+

----------------------------
; Extra Fitter Information ;
----------------------------
HTML report is unavailable in plain text report export.


Path #7: Hold slack is -2.489 (VIOLATED)
===============================================================================
+--------------------------------------------------------------------------------------------------------------------------------------------------------------------------------------------------------------+
; Path Summary                                                                                                                                                                                                 ;
+--------------------+-----------------------------------------------------------------------------------------------------------------------------------------------------------------------------------------+
; Property           ; Value                                                                                                                                                                                   ;
+--------------------+-----------------------------------------------------------------------------------------------------------------------------------------------------------------------------------------+
; From Node          ; soc:u_soc|axi_slave_top:crypto_accelerator|axi_slave_core:u_core|ro_puf_core:u_puf|measurement_engine:u_measurement_engine|measurement_controller:u_controller|current_state.ST_MEASURE ;
; To Node            ; soc:u_soc|axi_slave_top:crypto_accelerator|axi_slave_core:u_core|ro_puf_core:u_puf|measurement_engine:u_measurement_engine|measurement_controller:u_controller|measure_cnt[18]          ;
; Launch Clock       ; soc:u_soc|axi_slave_top:crypto_accelerator|axi_slave_core:u_core|ro_puf_core:u_puf|measurement_engine:u_measurement_engine|measurement_controller:u_controller|current_state.ST_MEASURE ;
; Latch Clock        ; CLOCK_50                                                                                                                                                                                ;
; Data Arrival Time  ; 1.846                                                                                                                                                                                   ;
; Data Required Time ; 4.335                                                                                                                                                                                   ;
; Slack              ; -2.489 (VIOLATED)                                                                                                                                                                       ;
+--------------------+-----------------------------------------------------------------------------------------------------------------------------------------------------------------------------------------+

+--------------------------------------------------------------------------------------+
; Statistics                                                                           ;
+---------------------------+-------+-------+-------------+------------+-------+-------+
; Property                  ; Value ; Count ; Total Delay ; % of Total ; Min   ; Max   ;
+---------------------------+-------+-------+-------------+------------+-------+-------+
; Hold Relationship         ; 0.000 ;       ;             ;            ;       ;       ;
; Clock Skew                ; 4.115 ;       ;             ;            ;       ;       ;
; Data Delay                ; 1.846 ;       ;             ;            ;       ;       ;
; Number of Logic Levels    ;       ; 0     ;             ;            ;       ;       ;
; Physical Delays           ;       ;       ;             ;            ;       ;       ;
;  Arrival Path             ;       ;       ;             ;            ;       ;       ;
;   Clock                   ;       ;       ;             ;            ;       ;       ;
;    Clock Network (Lumped) ;       ; 1     ; 0.000       ;            ; 0.000 ; 0.000 ;
;   Data                    ;       ;       ;             ;            ;       ;       ;
;    IC                     ;       ; 1     ; 0.000       ; 0          ; 0.000 ; 0.000 ;
;    Cell                   ;       ; 2     ; 0.386       ; 21         ; 0.000 ; 0.386 ;
;    Routing Element        ;       ; 10    ; 1.460       ; 79         ; 0.000 ; 0.325 ;
;  Required Path            ;       ;       ;             ;            ;       ;       ;
;   Clock                   ;       ;       ;             ;            ;       ;       ;
;    Clock Network (Lumped) ;       ; 1     ; 4.115       ; 100        ; 4.115 ; 4.115 ;
+---------------------------+-------+-------+-------------+------------+-------+-------+
Note: Negative delays are omitted from totals when calculating percentages

+----------------------------------------------------------------------------------------------------------------------------------------------------------------------------------------------------------------------------------------------------------------------+
; Data Arrival Path                                                                                                                                                                                                                                                    ;
+---------+---------+----+------+--------+--------------------------------------------+--------------------------------------------------------------------------------------------------------------------------------------------------------------------------------+
; Total   ; Incr    ; RF ; Type ; Fanout ; Location                                   ; Element                                                                                                                                                                        ;
+---------+---------+----+------+--------+--------------------------------------------+--------------------------------------------------------------------------------------------------------------------------------------------------------------------------------+
; 0.000   ; 0.000   ;    ;      ;        ;                                            ; launch edge time                                                                                                                                                               ;
; 0.000   ; 0.000   ;    ;      ;        ;                                            ; clock path                                                                                                                                                                     ;
;   0.000 ;   0.000 ; R  ;      ;        ;                                            ; clock network delay                                                                                                                                                            ;
; 1.846   ; 1.846   ;    ;      ;        ;                                            ; data path                                                                                                                                                                      ;
;   0.000 ;   0.000 ; RR ; CELL ; 108    ; FF_X18_Y50_N26                             ; u_soc|crypto_accelerator|u_core|u_puf|u_measurement_engine|u_controller|current_state.ST_MEASURE|q                                                                             ;
;   0.053 ;   0.053 ;    ; RE   ; 3      ; FF_X18_Y50_N26                             ; ARRIAV_FF                                                                                                                                                                      ;
;   0.230 ;   0.177 ;    ; RE   ; 10     ; LE_BUFFER_X18_Y50_N0_I17                   ; LE_BUFFER                                                                                                                                                                      ;
;   0.555 ;   0.325 ;    ; RE   ; 5      ; C4_X17_Y46_N0_I8                           ; V_SEG4                                                                                                                                                                         ;
;   0.739 ;   0.184 ;    ; RE   ; 3      ; C4_X17_Y42_N0_I8                           ; V_SEG4                                                                                                                                                                         ;
;   0.899 ;   0.160 ;    ; RE   ; 1      ; R3_X18_Y45_N0_I8                           ; H_SEG3                                                                                                                                                                         ;
;   1.122 ;   0.223 ;    ; RE   ; 1      ; R6_X21_Y45_N0_I4                           ; H_SEG6                                                                                                                                                                         ;
;   1.237 ;   0.115 ;    ; RE   ; 1      ; LOCAL_INTERCONNECT_X27_Y45_N0_I8           ; LAB_LINE                                                                                                                                                                       ;
;   1.460 ;   0.223 ;    ; RE   ; 1      ; BLOCK_INPUT_MUX_PASSTHROUGH_X27_Y45_N0_I81 ; LEIM                                                                                                                                                                           ;
;   1.460 ;   0.000 ;    ; RE   ; 1      ; LEIMSEL_X27_Y45_N0_I0                      ; LEIMSEL                                                                                                                                                                        ;
;   1.460 ;   0.000 ;    ; RE   ; 26     ; LAB_INPUT_X27_Y45_N0_I8                    ; LAB_INPUT                                                                                                                                                                      ;
;   1.460 ;   0.000 ; RR ; IC   ; 1      ; FF_X27_Y45_N55                             ; u_soc|crypto_accelerator|u_core|u_puf|u_measurement_engine|u_controller|measure_cnt[18]|sload                                                                                  ;
;   1.846 ;   0.386 ; RF ; CELL ; 1      ; FF_X27_Y45_N55                             ; soc:u_soc|axi_slave_top:crypto_accelerator|axi_slave_core:u_core|ro_puf_core:u_puf|measurement_engine:u_measurement_engine|measurement_controller:u_controller|measure_cnt[18] ;
+---------+---------+----+------+--------+--------------------------------------------+--------------------------------------------------------------------------------------------------------------------------------------------------------------------------------+

+------------------------------------------------------------------------------------------------------------------------------------------------------------------------------------------------------------------------------------------+
; Data Required Path                                                                                                                                                                                                                       ;
+---------+---------+----+------+--------+----------------+--------------------------------------------------------------------------------------------------------------------------------------------------------------------------------+
; Total   ; Incr    ; RF ; Type ; Fanout ; Location       ; Element                                                                                                                                                                        ;
+---------+---------+----+------+--------+----------------+--------------------------------------------------------------------------------------------------------------------------------------------------------------------------------+
; 0.000   ; 0.000   ;    ;      ;        ;                ; latch edge time                                                                                                                                                                ;
; 4.115   ; 4.115   ;    ;      ;        ;                ; clock path                                                                                                                                                                     ;
;   4.115 ;   4.115 ; R  ;      ;        ;                ; clock network delay                                                                                                                                                            ;
; 4.335   ; 0.220   ;    ;      ;        ;                ; clock uncertainty                                                                                                                                                              ;
; 4.335   ; 0.000   ;    ; uTh  ; 1      ; FF_X27_Y45_N55 ; soc:u_soc|axi_slave_top:crypto_accelerator|axi_slave_core:u_core|ro_puf_core:u_puf|measurement_engine:u_measurement_engine|measurement_controller:u_controller|measure_cnt[18] ;
+---------+---------+----+------+--------+----------------+--------------------------------------------------------------------------------------------------------------------------------------------------------------------------------+

----------------------------
; Extra Fitter Information ;
----------------------------
HTML report is unavailable in plain text report export.


Path #8: Hold slack is -2.484 (VIOLATED)
===============================================================================
+--------------------------------------------------------------------------------------------------------------------------------------------------------------------------------------------------------------+
; Path Summary                                                                                                                                                                                                 ;
+--------------------+-----------------------------------------------------------------------------------------------------------------------------------------------------------------------------------------+
; Property           ; Value                                                                                                                                                                                   ;
+--------------------+-----------------------------------------------------------------------------------------------------------------------------------------------------------------------------------------+
; From Node          ; soc:u_soc|axi_slave_top:crypto_accelerator|axi_slave_core:u_core|ro_puf_core:u_puf|measurement_engine:u_measurement_engine|measurement_controller:u_controller|current_state.ST_MEASURE ;
; To Node            ; soc:u_soc|axi_slave_top:crypto_accelerator|axi_slave_core:u_core|ro_puf_core:u_puf|measurement_engine:u_measurement_engine|measurement_controller:u_controller|measure_cnt[3]           ;
; Launch Clock       ; soc:u_soc|axi_slave_top:crypto_accelerator|axi_slave_core:u_core|ro_puf_core:u_puf|measurement_engine:u_measurement_engine|measurement_controller:u_controller|current_state.ST_MEASURE ;
; Latch Clock        ; CLOCK_50                                                                                                                                                                                ;
; Data Arrival Time  ; 1.846                                                                                                                                                                                   ;
; Data Required Time ; 4.330                                                                                                                                                                                   ;
; Slack              ; -2.484 (VIOLATED)                                                                                                                                                                       ;
+--------------------+-----------------------------------------------------------------------------------------------------------------------------------------------------------------------------------------+

+--------------------------------------------------------------------------------------+
; Statistics                                                                           ;
+---------------------------+-------+-------+-------------+------------+-------+-------+
; Property                  ; Value ; Count ; Total Delay ; % of Total ; Min   ; Max   ;
+---------------------------+-------+-------+-------------+------------+-------+-------+
; Hold Relationship         ; 0.000 ;       ;             ;            ;       ;       ;
; Clock Skew                ; 4.110 ;       ;             ;            ;       ;       ;
; Data Delay                ; 1.846 ;       ;             ;            ;       ;       ;
; Number of Logic Levels    ;       ; 0     ;             ;            ;       ;       ;
; Physical Delays           ;       ;       ;             ;            ;       ;       ;
;  Arrival Path             ;       ;       ;             ;            ;       ;       ;
;   Clock                   ;       ;       ;             ;            ;       ;       ;
;    Clock Network (Lumped) ;       ; 1     ; 0.000       ;            ; 0.000 ; 0.000 ;
;   Data                    ;       ;       ;             ;            ;       ;       ;
;    IC                     ;       ; 1     ; 0.000       ; 0          ; 0.000 ; 0.000 ;
;    Cell                   ;       ; 2     ; 0.386       ; 21         ; 0.000 ; 0.386 ;
;    Routing Element        ;       ; 10    ; 1.460       ; 79         ; 0.000 ; 0.325 ;
;  Required Path            ;       ;       ;             ;            ;       ;       ;
;   Clock                   ;       ;       ;             ;            ;       ;       ;
;    Clock Network (Lumped) ;       ; 1     ; 4.110       ; 100        ; 4.110 ; 4.110 ;
+---------------------------+-------+-------+-------------+------------+-------+-------+
Note: Negative delays are omitted from totals when calculating percentages

+---------------------------------------------------------------------------------------------------------------------------------------------------------------------------------------------------------------------------------------------------------------------+
; Data Arrival Path                                                                                                                                                                                                                                                   ;
+---------+---------+----+------+--------+--------------------------------------------+-------------------------------------------------------------------------------------------------------------------------------------------------------------------------------+
; Total   ; Incr    ; RF ; Type ; Fanout ; Location                                   ; Element                                                                                                                                                                       ;
+---------+---------+----+------+--------+--------------------------------------------+-------------------------------------------------------------------------------------------------------------------------------------------------------------------------------+
; 0.000   ; 0.000   ;    ;      ;        ;                                            ; launch edge time                                                                                                                                                              ;
; 0.000   ; 0.000   ;    ;      ;        ;                                            ; clock path                                                                                                                                                                    ;
;   0.000 ;   0.000 ; R  ;      ;        ;                                            ; clock network delay                                                                                                                                                           ;
; 1.846   ; 1.846   ;    ;      ;        ;                                            ; data path                                                                                                                                                                     ;
;   0.000 ;   0.000 ; RR ; CELL ; 108    ; FF_X18_Y50_N26                             ; u_soc|crypto_accelerator|u_core|u_puf|u_measurement_engine|u_controller|current_state.ST_MEASURE|q                                                                            ;
;   0.053 ;   0.053 ;    ; RE   ; 3      ; FF_X18_Y50_N26                             ; ARRIAV_FF                                                                                                                                                                     ;
;   0.230 ;   0.177 ;    ; RE   ; 10     ; LE_BUFFER_X18_Y50_N0_I17                   ; LE_BUFFER                                                                                                                                                                     ;
;   0.555 ;   0.325 ;    ; RE   ; 5      ; C4_X17_Y46_N0_I8                           ; V_SEG4                                                                                                                                                                        ;
;   0.739 ;   0.184 ;    ; RE   ; 3      ; C4_X17_Y42_N0_I8                           ; V_SEG4                                                                                                                                                                        ;
;   0.899 ;   0.160 ;    ; RE   ; 1      ; R3_X18_Y45_N0_I8                           ; H_SEG3                                                                                                                                                                        ;
;   1.122 ;   0.223 ;    ; RE   ; 1      ; R6_X21_Y45_N0_I4                           ; H_SEG6                                                                                                                                                                        ;
;   1.237 ;   0.115 ;    ; RE   ; 1      ; LOCAL_INTERCONNECT_X27_Y45_N0_I8           ; LAB_LINE                                                                                                                                                                      ;
;   1.460 ;   0.223 ;    ; RE   ; 1      ; BLOCK_INPUT_MUX_PASSTHROUGH_X27_Y45_N0_I81 ; LEIM                                                                                                                                                                          ;
;   1.460 ;   0.000 ;    ; RE   ; 1      ; LEIMSEL_X27_Y45_N0_I0                      ; LEIMSEL                                                                                                                                                                       ;
;   1.460 ;   0.000 ;    ; RE   ; 26     ; LAB_INPUT_X27_Y45_N0_I8                    ; LAB_INPUT                                                                                                                                                                     ;
;   1.460 ;   0.000 ; RR ; IC   ; 1      ; FF_X27_Y45_N10                             ; u_soc|crypto_accelerator|u_core|u_puf|u_measurement_engine|u_controller|measure_cnt[3]|sload                                                                                  ;
;   1.846 ;   0.386 ; RF ; CELL ; 1      ; FF_X27_Y45_N10                             ; soc:u_soc|axi_slave_top:crypto_accelerator|axi_slave_core:u_core|ro_puf_core:u_puf|measurement_engine:u_measurement_engine|measurement_controller:u_controller|measure_cnt[3] ;
+---------+---------+----+------+--------+--------------------------------------------+-------------------------------------------------------------------------------------------------------------------------------------------------------------------------------+

+-----------------------------------------------------------------------------------------------------------------------------------------------------------------------------------------------------------------------------------------+
; Data Required Path                                                                                                                                                                                                                      ;
+---------+---------+----+------+--------+----------------+-------------------------------------------------------------------------------------------------------------------------------------------------------------------------------+
; Total   ; Incr    ; RF ; Type ; Fanout ; Location       ; Element                                                                                                                                                                       ;
+---------+---------+----+------+--------+----------------+-------------------------------------------------------------------------------------------------------------------------------------------------------------------------------+
; 0.000   ; 0.000   ;    ;      ;        ;                ; latch edge time                                                                                                                                                               ;
; 4.110   ; 4.110   ;    ;      ;        ;                ; clock path                                                                                                                                                                    ;
;   4.110 ;   4.110 ; R  ;      ;        ;                ; clock network delay                                                                                                                                                           ;
; 4.330   ; 0.220   ;    ;      ;        ;                ; clock uncertainty                                                                                                                                                             ;
; 4.330   ; 0.000   ;    ; uTh  ; 1      ; FF_X27_Y45_N10 ; soc:u_soc|axi_slave_top:crypto_accelerator|axi_slave_core:u_core|ro_puf_core:u_puf|measurement_engine:u_measurement_engine|measurement_controller:u_controller|measure_cnt[3] ;
+---------+---------+----+------+--------+----------------+-------------------------------------------------------------------------------------------------------------------------------------------------------------------------------+

----------------------------
; Extra Fitter Information ;
----------------------------
HTML report is unavailable in plain text report export.


Path #9: Hold slack is -2.484 (VIOLATED)
===============================================================================
+--------------------------------------------------------------------------------------------------------------------------------------------------------------------------------------------------------------+
; Path Summary                                                                                                                                                                                                 ;
+--------------------+-----------------------------------------------------------------------------------------------------------------------------------------------------------------------------------------+
; Property           ; Value                                                                                                                                                                                   ;
+--------------------+-----------------------------------------------------------------------------------------------------------------------------------------------------------------------------------------+
; From Node          ; soc:u_soc|axi_slave_top:crypto_accelerator|axi_slave_core:u_core|ro_puf_core:u_puf|measurement_engine:u_measurement_engine|measurement_controller:u_controller|current_state.ST_MEASURE ;
; To Node            ; soc:u_soc|axi_slave_top:crypto_accelerator|axi_slave_core:u_core|ro_puf_core:u_puf|measurement_engine:u_measurement_engine|measurement_controller:u_controller|measure_cnt[5]           ;
; Launch Clock       ; soc:u_soc|axi_slave_top:crypto_accelerator|axi_slave_core:u_core|ro_puf_core:u_puf|measurement_engine:u_measurement_engine|measurement_controller:u_controller|current_state.ST_MEASURE ;
; Latch Clock        ; CLOCK_50                                                                                                                                                                                ;
; Data Arrival Time  ; 1.846                                                                                                                                                                                   ;
; Data Required Time ; 4.330                                                                                                                                                                                   ;
; Slack              ; -2.484 (VIOLATED)                                                                                                                                                                       ;
+--------------------+-----------------------------------------------------------------------------------------------------------------------------------------------------------------------------------------+

+--------------------------------------------------------------------------------------+
; Statistics                                                                           ;
+---------------------------+-------+-------+-------------+------------+-------+-------+
; Property                  ; Value ; Count ; Total Delay ; % of Total ; Min   ; Max   ;
+---------------------------+-------+-------+-------------+------------+-------+-------+
; Hold Relationship         ; 0.000 ;       ;             ;            ;       ;       ;
; Clock Skew                ; 4.110 ;       ;             ;            ;       ;       ;
; Data Delay                ; 1.846 ;       ;             ;            ;       ;       ;
; Number of Logic Levels    ;       ; 0     ;             ;            ;       ;       ;
; Physical Delays           ;       ;       ;             ;            ;       ;       ;
;  Arrival Path             ;       ;       ;             ;            ;       ;       ;
;   Clock                   ;       ;       ;             ;            ;       ;       ;
;    Clock Network (Lumped) ;       ; 1     ; 0.000       ;            ; 0.000 ; 0.000 ;
;   Data                    ;       ;       ;             ;            ;       ;       ;
;    IC                     ;       ; 1     ; 0.000       ; 0          ; 0.000 ; 0.000 ;
;    Cell                   ;       ; 2     ; 0.386       ; 21         ; 0.000 ; 0.386 ;
;    Routing Element        ;       ; 10    ; 1.460       ; 79         ; 0.000 ; 0.325 ;
;  Required Path            ;       ;       ;             ;            ;       ;       ;
;   Clock                   ;       ;       ;             ;            ;       ;       ;
;    Clock Network (Lumped) ;       ; 1     ; 4.110       ; 100        ; 4.110 ; 4.110 ;
+---------------------------+-------+-------+-------------+------------+-------+-------+
Note: Negative delays are omitted from totals when calculating percentages

+---------------------------------------------------------------------------------------------------------------------------------------------------------------------------------------------------------------------------------------------------------------------+
; Data Arrival Path                                                                                                                                                                                                                                                   ;
+---------+---------+----+------+--------+--------------------------------------------+-------------------------------------------------------------------------------------------------------------------------------------------------------------------------------+
; Total   ; Incr    ; RF ; Type ; Fanout ; Location                                   ; Element                                                                                                                                                                       ;
+---------+---------+----+------+--------+--------------------------------------------+-------------------------------------------------------------------------------------------------------------------------------------------------------------------------------+
; 0.000   ; 0.000   ;    ;      ;        ;                                            ; launch edge time                                                                                                                                                              ;
; 0.000   ; 0.000   ;    ;      ;        ;                                            ; clock path                                                                                                                                                                    ;
;   0.000 ;   0.000 ; R  ;      ;        ;                                            ; clock network delay                                                                                                                                                           ;
; 1.846   ; 1.846   ;    ;      ;        ;                                            ; data path                                                                                                                                                                     ;
;   0.000 ;   0.000 ; RR ; CELL ; 108    ; FF_X18_Y50_N26                             ; u_soc|crypto_accelerator|u_core|u_puf|u_measurement_engine|u_controller|current_state.ST_MEASURE|q                                                                            ;
;   0.053 ;   0.053 ;    ; RE   ; 3      ; FF_X18_Y50_N26                             ; ARRIAV_FF                                                                                                                                                                     ;
;   0.230 ;   0.177 ;    ; RE   ; 10     ; LE_BUFFER_X18_Y50_N0_I17                   ; LE_BUFFER                                                                                                                                                                     ;
;   0.555 ;   0.325 ;    ; RE   ; 5      ; C4_X17_Y46_N0_I8                           ; V_SEG4                                                                                                                                                                        ;
;   0.739 ;   0.184 ;    ; RE   ; 3      ; C4_X17_Y42_N0_I8                           ; V_SEG4                                                                                                                                                                        ;
;   0.899 ;   0.160 ;    ; RE   ; 1      ; R3_X18_Y45_N0_I8                           ; H_SEG3                                                                                                                                                                        ;
;   1.122 ;   0.223 ;    ; RE   ; 1      ; R6_X21_Y45_N0_I4                           ; H_SEG6                                                                                                                                                                        ;
;   1.237 ;   0.115 ;    ; RE   ; 1      ; LOCAL_INTERCONNECT_X27_Y45_N0_I8           ; LAB_LINE                                                                                                                                                                      ;
;   1.460 ;   0.223 ;    ; RE   ; 1      ; BLOCK_INPUT_MUX_PASSTHROUGH_X27_Y45_N0_I81 ; LEIM                                                                                                                                                                          ;
;   1.460 ;   0.000 ;    ; RE   ; 1      ; LEIMSEL_X27_Y45_N0_I0                      ; LEIMSEL                                                                                                                                                                       ;
;   1.460 ;   0.000 ;    ; RE   ; 26     ; LAB_INPUT_X27_Y45_N0_I8                    ; LAB_INPUT                                                                                                                                                                     ;
;   1.460 ;   0.000 ; RR ; IC   ; 1      ; FF_X27_Y45_N16                             ; u_soc|crypto_accelerator|u_core|u_puf|u_measurement_engine|u_controller|measure_cnt[5]|sload                                                                                  ;
;   1.846 ;   0.386 ; RF ; CELL ; 1      ; FF_X27_Y45_N16                             ; soc:u_soc|axi_slave_top:crypto_accelerator|axi_slave_core:u_core|ro_puf_core:u_puf|measurement_engine:u_measurement_engine|measurement_controller:u_controller|measure_cnt[5] ;
+---------+---------+----+------+--------+--------------------------------------------+-------------------------------------------------------------------------------------------------------------------------------------------------------------------------------+

+-----------------------------------------------------------------------------------------------------------------------------------------------------------------------------------------------------------------------------------------+
; Data Required Path                                                                                                                                                                                                                      ;
+---------+---------+----+------+--------+----------------+-------------------------------------------------------------------------------------------------------------------------------------------------------------------------------+
; Total   ; Incr    ; RF ; Type ; Fanout ; Location       ; Element                                                                                                                                                                       ;
+---------+---------+----+------+--------+----------------+-------------------------------------------------------------------------------------------------------------------------------------------------------------------------------+
; 0.000   ; 0.000   ;    ;      ;        ;                ; latch edge time                                                                                                                                                               ;
; 4.110   ; 4.110   ;    ;      ;        ;                ; clock path                                                                                                                                                                    ;
;   4.110 ;   4.110 ; R  ;      ;        ;                ; clock network delay                                                                                                                                                           ;
; 4.330   ; 0.220   ;    ;      ;        ;                ; clock uncertainty                                                                                                                                                             ;
; 4.330   ; 0.000   ;    ; uTh  ; 1      ; FF_X27_Y45_N16 ; soc:u_soc|axi_slave_top:crypto_accelerator|axi_slave_core:u_core|ro_puf_core:u_puf|measurement_engine:u_measurement_engine|measurement_controller:u_controller|measure_cnt[5] ;
+---------+---------+----+------+--------+----------------+-------------------------------------------------------------------------------------------------------------------------------------------------------------------------------+

----------------------------
; Extra Fitter Information ;
----------------------------
HTML report is unavailable in plain text report export.


Path #10: Hold slack is -2.484 (VIOLATED)
===============================================================================
+--------------------------------------------------------------------------------------------------------------------------------------------------------------------------------------------------------------+
; Path Summary                                                                                                                                                                                                 ;
+--------------------+-----------------------------------------------------------------------------------------------------------------------------------------------------------------------------------------+
; Property           ; Value                                                                                                                                                                                   ;
+--------------------+-----------------------------------------------------------------------------------------------------------------------------------------------------------------------------------------+
; From Node          ; soc:u_soc|axi_slave_top:crypto_accelerator|axi_slave_core:u_core|ro_puf_core:u_puf|measurement_engine:u_measurement_engine|measurement_controller:u_controller|current_state.ST_MEASURE ;
; To Node            ; soc:u_soc|axi_slave_top:crypto_accelerator|axi_slave_core:u_core|ro_puf_core:u_puf|measurement_engine:u_measurement_engine|measurement_controller:u_controller|measure_cnt[7]           ;
; Launch Clock       ; soc:u_soc|axi_slave_top:crypto_accelerator|axi_slave_core:u_core|ro_puf_core:u_puf|measurement_engine:u_measurement_engine|measurement_controller:u_controller|current_state.ST_MEASURE ;
; Latch Clock        ; CLOCK_50                                                                                                                                                                                ;
; Data Arrival Time  ; 1.846                                                                                                                                                                                   ;
; Data Required Time ; 4.330                                                                                                                                                                                   ;
; Slack              ; -2.484 (VIOLATED)                                                                                                                                                                       ;
+--------------------+-----------------------------------------------------------------------------------------------------------------------------------------------------------------------------------------+

+--------------------------------------------------------------------------------------+
; Statistics                                                                           ;
+---------------------------+-------+-------+-------------+------------+-------+-------+
; Property                  ; Value ; Count ; Total Delay ; % of Total ; Min   ; Max   ;
+---------------------------+-------+-------+-------------+------------+-------+-------+
; Hold Relationship         ; 0.000 ;       ;             ;            ;       ;       ;
; Clock Skew                ; 4.110 ;       ;             ;            ;       ;       ;
; Data Delay                ; 1.846 ;       ;             ;            ;       ;       ;
; Number of Logic Levels    ;       ; 0     ;             ;            ;       ;       ;
; Physical Delays           ;       ;       ;             ;            ;       ;       ;
;  Arrival Path             ;       ;       ;             ;            ;       ;       ;
;   Clock                   ;       ;       ;             ;            ;       ;       ;
;    Clock Network (Lumped) ;       ; 1     ; 0.000       ;            ; 0.000 ; 0.000 ;
;   Data                    ;       ;       ;             ;            ;       ;       ;
;    IC                     ;       ; 1     ; 0.000       ; 0          ; 0.000 ; 0.000 ;
;    Cell                   ;       ; 2     ; 0.386       ; 21         ; 0.000 ; 0.386 ;
;    Routing Element        ;       ; 10    ; 1.460       ; 79         ; 0.000 ; 0.325 ;
;  Required Path            ;       ;       ;             ;            ;       ;       ;
;   Clock                   ;       ;       ;             ;            ;       ;       ;
;    Clock Network (Lumped) ;       ; 1     ; 4.110       ; 100        ; 4.110 ; 4.110 ;
+---------------------------+-------+-------+-------------+------------+-------+-------+
Note: Negative delays are omitted from totals when calculating percentages

+---------------------------------------------------------------------------------------------------------------------------------------------------------------------------------------------------------------------------------------------------------------------+
; Data Arrival Path                                                                                                                                                                                                                                                   ;
+---------+---------+----+------+--------+--------------------------------------------+-------------------------------------------------------------------------------------------------------------------------------------------------------------------------------+
; Total   ; Incr    ; RF ; Type ; Fanout ; Location                                   ; Element                                                                                                                                                                       ;
+---------+---------+----+------+--------+--------------------------------------------+-------------------------------------------------------------------------------------------------------------------------------------------------------------------------------+
; 0.000   ; 0.000   ;    ;      ;        ;                                            ; launch edge time                                                                                                                                                              ;
; 0.000   ; 0.000   ;    ;      ;        ;                                            ; clock path                                                                                                                                                                    ;
;   0.000 ;   0.000 ; R  ;      ;        ;                                            ; clock network delay                                                                                                                                                           ;
; 1.846   ; 1.846   ;    ;      ;        ;                                            ; data path                                                                                                                                                                     ;
;   0.000 ;   0.000 ; RR ; CELL ; 108    ; FF_X18_Y50_N26                             ; u_soc|crypto_accelerator|u_core|u_puf|u_measurement_engine|u_controller|current_state.ST_MEASURE|q                                                                            ;
;   0.053 ;   0.053 ;    ; RE   ; 3      ; FF_X18_Y50_N26                             ; ARRIAV_FF                                                                                                                                                                     ;
;   0.230 ;   0.177 ;    ; RE   ; 10     ; LE_BUFFER_X18_Y50_N0_I17                   ; LE_BUFFER                                                                                                                                                                     ;
;   0.555 ;   0.325 ;    ; RE   ; 5      ; C4_X17_Y46_N0_I8                           ; V_SEG4                                                                                                                                                                        ;
;   0.739 ;   0.184 ;    ; RE   ; 3      ; C4_X17_Y42_N0_I8                           ; V_SEG4                                                                                                                                                                        ;
;   0.899 ;   0.160 ;    ; RE   ; 1      ; R3_X18_Y45_N0_I8                           ; H_SEG3                                                                                                                                                                        ;
;   1.122 ;   0.223 ;    ; RE   ; 1      ; R6_X21_Y45_N0_I4                           ; H_SEG6                                                                                                                                                                        ;
;   1.237 ;   0.115 ;    ; RE   ; 1      ; LOCAL_INTERCONNECT_X27_Y45_N0_I8           ; LAB_LINE                                                                                                                                                                      ;
;   1.460 ;   0.223 ;    ; RE   ; 1      ; BLOCK_INPUT_MUX_PASSTHROUGH_X27_Y45_N0_I81 ; LEIM                                                                                                                                                                          ;
;   1.460 ;   0.000 ;    ; RE   ; 1      ; LEIMSEL_X27_Y45_N0_I0                      ; LEIMSEL                                                                                                                                                                       ;
;   1.460 ;   0.000 ;    ; RE   ; 26     ; LAB_INPUT_X27_Y45_N0_I8                    ; LAB_INPUT                                                                                                                                                                     ;
;   1.460 ;   0.000 ; RR ; IC   ; 1      ; FF_X27_Y45_N22                             ; u_soc|crypto_accelerator|u_core|u_puf|u_measurement_engine|u_controller|measure_cnt[7]|sload                                                                                  ;
;   1.846 ;   0.386 ; RF ; CELL ; 1      ; FF_X27_Y45_N22                             ; soc:u_soc|axi_slave_top:crypto_accelerator|axi_slave_core:u_core|ro_puf_core:u_puf|measurement_engine:u_measurement_engine|measurement_controller:u_controller|measure_cnt[7] ;
+---------+---------+----+------+--------+--------------------------------------------+-------------------------------------------------------------------------------------------------------------------------------------------------------------------------------+

+-----------------------------------------------------------------------------------------------------------------------------------------------------------------------------------------------------------------------------------------+
; Data Required Path                                                                                                                                                                                                                      ;
+---------+---------+----+------+--------+----------------+-------------------------------------------------------------------------------------------------------------------------------------------------------------------------------+
; Total   ; Incr    ; RF ; Type ; Fanout ; Location       ; Element                                                                                                                                                                       ;
+---------+---------+----+------+--------+----------------+-------------------------------------------------------------------------------------------------------------------------------------------------------------------------------+
; 0.000   ; 0.000   ;    ;      ;        ;                ; latch edge time                                                                                                                                                               ;
; 4.110   ; 4.110   ;    ;      ;        ;                ; clock path                                                                                                                                                                    ;
;   4.110 ;   4.110 ; R  ;      ;        ;                ; clock network delay                                                                                                                                                           ;
; 4.330   ; 0.220   ;    ;      ;        ;                ; clock uncertainty                                                                                                                                                             ;
; 4.330   ; 0.000   ;    ; uTh  ; 1      ; FF_X27_Y45_N22 ; soc:u_soc|axi_slave_top:crypto_accelerator|axi_slave_core:u_core|ro_puf_core:u_puf|measurement_engine:u_measurement_engine|measurement_controller:u_controller|measure_cnt[7] ;
+---------+---------+----+------+--------+----------------+-------------------------------------------------------------------------------------------------------------------------------------------------------------------------------+

----------------------------
; Extra Fitter Information ;
----------------------------
HTML report is unavailable in plain text report export.


Path #11: Hold slack is -2.484 (VIOLATED)
===============================================================================
+--------------------------------------------------------------------------------------------------------------------------------------------------------------------------------------------------------------+
; Path Summary                                                                                                                                                                                                 ;
+--------------------+-----------------------------------------------------------------------------------------------------------------------------------------------------------------------------------------+
; Property           ; Value                                                                                                                                                                                   ;
+--------------------+-----------------------------------------------------------------------------------------------------------------------------------------------------------------------------------------+
; From Node          ; soc:u_soc|axi_slave_top:crypto_accelerator|axi_slave_core:u_core|ro_puf_core:u_puf|measurement_engine:u_measurement_engine|measurement_controller:u_controller|current_state.ST_MEASURE ;
; To Node            ; soc:u_soc|axi_slave_top:crypto_accelerator|axi_slave_core:u_core|ro_puf_core:u_puf|measurement_engine:u_measurement_engine|measurement_controller:u_controller|measure_cnt[11]          ;
; Launch Clock       ; soc:u_soc|axi_slave_top:crypto_accelerator|axi_slave_core:u_core|ro_puf_core:u_puf|measurement_engine:u_measurement_engine|measurement_controller:u_controller|current_state.ST_MEASURE ;
; Latch Clock        ; CLOCK_50                                                                                                                                                                                ;
; Data Arrival Time  ; 1.846                                                                                                                                                                                   ;
; Data Required Time ; 4.330                                                                                                                                                                                   ;
; Slack              ; -2.484 (VIOLATED)                                                                                                                                                                       ;
+--------------------+-----------------------------------------------------------------------------------------------------------------------------------------------------------------------------------------+

+--------------------------------------------------------------------------------------+
; Statistics                                                                           ;
+---------------------------+-------+-------+-------------+------------+-------+-------+
; Property                  ; Value ; Count ; Total Delay ; % of Total ; Min   ; Max   ;
+---------------------------+-------+-------+-------------+------------+-------+-------+
; Hold Relationship         ; 0.000 ;       ;             ;            ;       ;       ;
; Clock Skew                ; 4.110 ;       ;             ;            ;       ;       ;
; Data Delay                ; 1.846 ;       ;             ;            ;       ;       ;
; Number of Logic Levels    ;       ; 0     ;             ;            ;       ;       ;
; Physical Delays           ;       ;       ;             ;            ;       ;       ;
;  Arrival Path             ;       ;       ;             ;            ;       ;       ;
;   Clock                   ;       ;       ;             ;            ;       ;       ;
;    Clock Network (Lumped) ;       ; 1     ; 0.000       ;            ; 0.000 ; 0.000 ;
;   Data                    ;       ;       ;             ;            ;       ;       ;
;    IC                     ;       ; 1     ; 0.000       ; 0          ; 0.000 ; 0.000 ;
;    Cell                   ;       ; 2     ; 0.386       ; 21         ; 0.000 ; 0.386 ;
;    Routing Element        ;       ; 10    ; 1.460       ; 79         ; 0.000 ; 0.325 ;
;  Required Path            ;       ;       ;             ;            ;       ;       ;
;   Clock                   ;       ;       ;             ;            ;       ;       ;
;    Clock Network (Lumped) ;       ; 1     ; 4.110       ; 100        ; 4.110 ; 4.110 ;
+---------------------------+-------+-------+-------------+------------+-------+-------+
Note: Negative delays are omitted from totals when calculating percentages

+----------------------------------------------------------------------------------------------------------------------------------------------------------------------------------------------------------------------------------------------------------------------+
; Data Arrival Path                                                                                                                                                                                                                                                    ;
+---------+---------+----+------+--------+--------------------------------------------+--------------------------------------------------------------------------------------------------------------------------------------------------------------------------------+
; Total   ; Incr    ; RF ; Type ; Fanout ; Location                                   ; Element                                                                                                                                                                        ;
+---------+---------+----+------+--------+--------------------------------------------+--------------------------------------------------------------------------------------------------------------------------------------------------------------------------------+
; 0.000   ; 0.000   ;    ;      ;        ;                                            ; launch edge time                                                                                                                                                               ;
; 0.000   ; 0.000   ;    ;      ;        ;                                            ; clock path                                                                                                                                                                     ;
;   0.000 ;   0.000 ; R  ;      ;        ;                                            ; clock network delay                                                                                                                                                            ;
; 1.846   ; 1.846   ;    ;      ;        ;                                            ; data path                                                                                                                                                                      ;
;   0.000 ;   0.000 ; RR ; CELL ; 108    ; FF_X18_Y50_N26                             ; u_soc|crypto_accelerator|u_core|u_puf|u_measurement_engine|u_controller|current_state.ST_MEASURE|q                                                                             ;
;   0.053 ;   0.053 ;    ; RE   ; 3      ; FF_X18_Y50_N26                             ; ARRIAV_FF                                                                                                                                                                      ;
;   0.230 ;   0.177 ;    ; RE   ; 10     ; LE_BUFFER_X18_Y50_N0_I17                   ; LE_BUFFER                                                                                                                                                                      ;
;   0.555 ;   0.325 ;    ; RE   ; 5      ; C4_X17_Y46_N0_I8                           ; V_SEG4                                                                                                                                                                         ;
;   0.739 ;   0.184 ;    ; RE   ; 3      ; C4_X17_Y42_N0_I8                           ; V_SEG4                                                                                                                                                                         ;
;   0.899 ;   0.160 ;    ; RE   ; 1      ; R3_X18_Y45_N0_I8                           ; H_SEG3                                                                                                                                                                         ;
;   1.122 ;   0.223 ;    ; RE   ; 1      ; R6_X21_Y45_N0_I4                           ; H_SEG6                                                                                                                                                                         ;
;   1.237 ;   0.115 ;    ; RE   ; 1      ; LOCAL_INTERCONNECT_X27_Y45_N0_I8           ; LAB_LINE                                                                                                                                                                       ;
;   1.460 ;   0.223 ;    ; RE   ; 1      ; BLOCK_INPUT_MUX_PASSTHROUGH_X27_Y45_N0_I81 ; LEIM                                                                                                                                                                           ;
;   1.460 ;   0.000 ;    ; RE   ; 1      ; LEIMSEL_X27_Y45_N0_I0                      ; LEIMSEL                                                                                                                                                                        ;
;   1.460 ;   0.000 ;    ; RE   ; 26     ; LAB_INPUT_X27_Y45_N0_I8                    ; LAB_INPUT                                                                                                                                                                      ;
;   1.460 ;   0.000 ; RR ; IC   ; 1      ; FF_X27_Y45_N34                             ; u_soc|crypto_accelerator|u_core|u_puf|u_measurement_engine|u_controller|measure_cnt[11]|sload                                                                                  ;
;   1.846 ;   0.386 ; RF ; CELL ; 1      ; FF_X27_Y45_N34                             ; soc:u_soc|axi_slave_top:crypto_accelerator|axi_slave_core:u_core|ro_puf_core:u_puf|measurement_engine:u_measurement_engine|measurement_controller:u_controller|measure_cnt[11] ;
+---------+---------+----+------+--------+--------------------------------------------+--------------------------------------------------------------------------------------------------------------------------------------------------------------------------------+

+------------------------------------------------------------------------------------------------------------------------------------------------------------------------------------------------------------------------------------------+
; Data Required Path                                                                                                                                                                                                                       ;
+---------+---------+----+------+--------+----------------+--------------------------------------------------------------------------------------------------------------------------------------------------------------------------------+
; Total   ; Incr    ; RF ; Type ; Fanout ; Location       ; Element                                                                                                                                                                        ;
+---------+---------+----+------+--------+----------------+--------------------------------------------------------------------------------------------------------------------------------------------------------------------------------+
; 0.000   ; 0.000   ;    ;      ;        ;                ; latch edge time                                                                                                                                                                ;
; 4.110   ; 4.110   ;    ;      ;        ;                ; clock path                                                                                                                                                                     ;
;   4.110 ;   4.110 ; R  ;      ;        ;                ; clock network delay                                                                                                                                                            ;
; 4.330   ; 0.220   ;    ;      ;        ;                ; clock uncertainty                                                                                                                                                              ;
; 4.330   ; 0.000   ;    ; uTh  ; 1      ; FF_X27_Y45_N34 ; soc:u_soc|axi_slave_top:crypto_accelerator|axi_slave_core:u_core|ro_puf_core:u_puf|measurement_engine:u_measurement_engine|measurement_controller:u_controller|measure_cnt[11] ;
+---------+---------+----+------+--------+----------------+--------------------------------------------------------------------------------------------------------------------------------------------------------------------------------+

----------------------------
; Extra Fitter Information ;
----------------------------
HTML report is unavailable in plain text report export.


Path #12: Hold slack is -2.484 (VIOLATED)
===============================================================================
+--------------------------------------------------------------------------------------------------------------------------------------------------------------------------------------------------------------+
; Path Summary                                                                                                                                                                                                 ;
+--------------------+-----------------------------------------------------------------------------------------------------------------------------------------------------------------------------------------+
; Property           ; Value                                                                                                                                                                                   ;
+--------------------+-----------------------------------------------------------------------------------------------------------------------------------------------------------------------------------------+
; From Node          ; soc:u_soc|axi_slave_top:crypto_accelerator|axi_slave_core:u_core|ro_puf_core:u_puf|measurement_engine:u_measurement_engine|measurement_controller:u_controller|current_state.ST_MEASURE ;
; To Node            ; soc:u_soc|axi_slave_top:crypto_accelerator|axi_slave_core:u_core|ro_puf_core:u_puf|measurement_engine:u_measurement_engine|measurement_controller:u_controller|measure_cnt[13]          ;
; Launch Clock       ; soc:u_soc|axi_slave_top:crypto_accelerator|axi_slave_core:u_core|ro_puf_core:u_puf|measurement_engine:u_measurement_engine|measurement_controller:u_controller|current_state.ST_MEASURE ;
; Latch Clock        ; CLOCK_50                                                                                                                                                                                ;
; Data Arrival Time  ; 1.846                                                                                                                                                                                   ;
; Data Required Time ; 4.330                                                                                                                                                                                   ;
; Slack              ; -2.484 (VIOLATED)                                                                                                                                                                       ;
+--------------------+-----------------------------------------------------------------------------------------------------------------------------------------------------------------------------------------+

+--------------------------------------------------------------------------------------+
; Statistics                                                                           ;
+---------------------------+-------+-------+-------------+------------+-------+-------+
; Property                  ; Value ; Count ; Total Delay ; % of Total ; Min   ; Max   ;
+---------------------------+-------+-------+-------------+------------+-------+-------+
; Hold Relationship         ; 0.000 ;       ;             ;            ;       ;       ;
; Clock Skew                ; 4.110 ;       ;             ;            ;       ;       ;
; Data Delay                ; 1.846 ;       ;             ;            ;       ;       ;
; Number of Logic Levels    ;       ; 0     ;             ;            ;       ;       ;
; Physical Delays           ;       ;       ;             ;            ;       ;       ;
;  Arrival Path             ;       ;       ;             ;            ;       ;       ;
;   Clock                   ;       ;       ;             ;            ;       ;       ;
;    Clock Network (Lumped) ;       ; 1     ; 0.000       ;            ; 0.000 ; 0.000 ;
;   Data                    ;       ;       ;             ;            ;       ;       ;
;    IC                     ;       ; 1     ; 0.000       ; 0          ; 0.000 ; 0.000 ;
;    Cell                   ;       ; 2     ; 0.386       ; 21         ; 0.000 ; 0.386 ;
;    Routing Element        ;       ; 10    ; 1.460       ; 79         ; 0.000 ; 0.325 ;
;  Required Path            ;       ;       ;             ;            ;       ;       ;
;   Clock                   ;       ;       ;             ;            ;       ;       ;
;    Clock Network (Lumped) ;       ; 1     ; 4.110       ; 100        ; 4.110 ; 4.110 ;
+---------------------------+-------+-------+-------------+------------+-------+-------+
Note: Negative delays are omitted from totals when calculating percentages

+----------------------------------------------------------------------------------------------------------------------------------------------------------------------------------------------------------------------------------------------------------------------+
; Data Arrival Path                                                                                                                                                                                                                                                    ;
+---------+---------+----+------+--------+--------------------------------------------+--------------------------------------------------------------------------------------------------------------------------------------------------------------------------------+
; Total   ; Incr    ; RF ; Type ; Fanout ; Location                                   ; Element                                                                                                                                                                        ;
+---------+---------+----+------+--------+--------------------------------------------+--------------------------------------------------------------------------------------------------------------------------------------------------------------------------------+
; 0.000   ; 0.000   ;    ;      ;        ;                                            ; launch edge time                                                                                                                                                               ;
; 0.000   ; 0.000   ;    ;      ;        ;                                            ; clock path                                                                                                                                                                     ;
;   0.000 ;   0.000 ; R  ;      ;        ;                                            ; clock network delay                                                                                                                                                            ;
; 1.846   ; 1.846   ;    ;      ;        ;                                            ; data path                                                                                                                                                                      ;
;   0.000 ;   0.000 ; RR ; CELL ; 108    ; FF_X18_Y50_N26                             ; u_soc|crypto_accelerator|u_core|u_puf|u_measurement_engine|u_controller|current_state.ST_MEASURE|q                                                                             ;
;   0.053 ;   0.053 ;    ; RE   ; 3      ; FF_X18_Y50_N26                             ; ARRIAV_FF                                                                                                                                                                      ;
;   0.230 ;   0.177 ;    ; RE   ; 10     ; LE_BUFFER_X18_Y50_N0_I17                   ; LE_BUFFER                                                                                                                                                                      ;
;   0.555 ;   0.325 ;    ; RE   ; 5      ; C4_X17_Y46_N0_I8                           ; V_SEG4                                                                                                                                                                         ;
;   0.739 ;   0.184 ;    ; RE   ; 3      ; C4_X17_Y42_N0_I8                           ; V_SEG4                                                                                                                                                                         ;
;   0.899 ;   0.160 ;    ; RE   ; 1      ; R3_X18_Y45_N0_I8                           ; H_SEG3                                                                                                                                                                         ;
;   1.122 ;   0.223 ;    ; RE   ; 1      ; R6_X21_Y45_N0_I4                           ; H_SEG6                                                                                                                                                                         ;
;   1.237 ;   0.115 ;    ; RE   ; 1      ; LOCAL_INTERCONNECT_X27_Y45_N0_I8           ; LAB_LINE                                                                                                                                                                       ;
;   1.460 ;   0.223 ;    ; RE   ; 1      ; BLOCK_INPUT_MUX_PASSTHROUGH_X27_Y45_N0_I81 ; LEIM                                                                                                                                                                           ;
;   1.460 ;   0.000 ;    ; RE   ; 1      ; LEIMSEL_X27_Y45_N0_I0                      ; LEIMSEL                                                                                                                                                                        ;
;   1.460 ;   0.000 ;    ; RE   ; 26     ; LAB_INPUT_X27_Y45_N0_I8                    ; LAB_INPUT                                                                                                                                                                      ;
;   1.460 ;   0.000 ; RR ; IC   ; 1      ; FF_X27_Y45_N40                             ; u_soc|crypto_accelerator|u_core|u_puf|u_measurement_engine|u_controller|measure_cnt[13]|sload                                                                                  ;
;   1.846 ;   0.386 ; RF ; CELL ; 1      ; FF_X27_Y45_N40                             ; soc:u_soc|axi_slave_top:crypto_accelerator|axi_slave_core:u_core|ro_puf_core:u_puf|measurement_engine:u_measurement_engine|measurement_controller:u_controller|measure_cnt[13] ;
+---------+---------+----+------+--------+--------------------------------------------+--------------------------------------------------------------------------------------------------------------------------------------------------------------------------------+

+------------------------------------------------------------------------------------------------------------------------------------------------------------------------------------------------------------------------------------------+
; Data Required Path                                                                                                                                                                                                                       ;
+---------+---------+----+------+--------+----------------+--------------------------------------------------------------------------------------------------------------------------------------------------------------------------------+
; Total   ; Incr    ; RF ; Type ; Fanout ; Location       ; Element                                                                                                                                                                        ;
+---------+---------+----+------+--------+----------------+--------------------------------------------------------------------------------------------------------------------------------------------------------------------------------+
; 0.000   ; 0.000   ;    ;      ;        ;                ; latch edge time                                                                                                                                                                ;
; 4.110   ; 4.110   ;    ;      ;        ;                ; clock path                                                                                                                                                                     ;
;   4.110 ;   4.110 ; R  ;      ;        ;                ; clock network delay                                                                                                                                                            ;
; 4.330   ; 0.220   ;    ;      ;        ;                ; clock uncertainty                                                                                                                                                              ;
; 4.330   ; 0.000   ;    ; uTh  ; 1      ; FF_X27_Y45_N40 ; soc:u_soc|axi_slave_top:crypto_accelerator|axi_slave_core:u_core|ro_puf_core:u_puf|measurement_engine:u_measurement_engine|measurement_controller:u_controller|measure_cnt[13] ;
+---------+---------+----+------+--------+----------------+--------------------------------------------------------------------------------------------------------------------------------------------------------------------------------+

----------------------------
; Extra Fitter Information ;
----------------------------
HTML report is unavailable in plain text report export.


Path #13: Hold slack is -2.484 (VIOLATED)
===============================================================================
+--------------------------------------------------------------------------------------------------------------------------------------------------------------------------------------------------------------+
; Path Summary                                                                                                                                                                                                 ;
+--------------------+-----------------------------------------------------------------------------------------------------------------------------------------------------------------------------------------+
; Property           ; Value                                                                                                                                                                                   ;
+--------------------+-----------------------------------------------------------------------------------------------------------------------------------------------------------------------------------------+
; From Node          ; soc:u_soc|axi_slave_top:crypto_accelerator|axi_slave_core:u_core|ro_puf_core:u_puf|measurement_engine:u_measurement_engine|measurement_controller:u_controller|current_state.ST_MEASURE ;
; To Node            ; soc:u_soc|axi_slave_top:crypto_accelerator|axi_slave_core:u_core|ro_puf_core:u_puf|measurement_engine:u_measurement_engine|measurement_controller:u_controller|measure_cnt[19]          ;
; Launch Clock       ; soc:u_soc|axi_slave_top:crypto_accelerator|axi_slave_core:u_core|ro_puf_core:u_puf|measurement_engine:u_measurement_engine|measurement_controller:u_controller|current_state.ST_MEASURE ;
; Latch Clock        ; CLOCK_50                                                                                                                                                                                ;
; Data Arrival Time  ; 1.846                                                                                                                                                                                   ;
; Data Required Time ; 4.330                                                                                                                                                                                   ;
; Slack              ; -2.484 (VIOLATED)                                                                                                                                                                       ;
+--------------------+-----------------------------------------------------------------------------------------------------------------------------------------------------------------------------------------+

+--------------------------------------------------------------------------------------+
; Statistics                                                                           ;
+---------------------------+-------+-------+-------------+------------+-------+-------+
; Property                  ; Value ; Count ; Total Delay ; % of Total ; Min   ; Max   ;
+---------------------------+-------+-------+-------------+------------+-------+-------+
; Hold Relationship         ; 0.000 ;       ;             ;            ;       ;       ;
; Clock Skew                ; 4.110 ;       ;             ;            ;       ;       ;
; Data Delay                ; 1.846 ;       ;             ;            ;       ;       ;
; Number of Logic Levels    ;       ; 0     ;             ;            ;       ;       ;
; Physical Delays           ;       ;       ;             ;            ;       ;       ;
;  Arrival Path             ;       ;       ;             ;            ;       ;       ;
;   Clock                   ;       ;       ;             ;            ;       ;       ;
;    Clock Network (Lumped) ;       ; 1     ; 0.000       ;            ; 0.000 ; 0.000 ;
;   Data                    ;       ;       ;             ;            ;       ;       ;
;    IC                     ;       ; 1     ; 0.000       ; 0          ; 0.000 ; 0.000 ;
;    Cell                   ;       ; 2     ; 0.386       ; 21         ; 0.000 ; 0.386 ;
;    Routing Element        ;       ; 10    ; 1.460       ; 79         ; 0.000 ; 0.325 ;
;  Required Path            ;       ;       ;             ;            ;       ;       ;
;   Clock                   ;       ;       ;             ;            ;       ;       ;
;    Clock Network (Lumped) ;       ; 1     ; 4.110       ; 100        ; 4.110 ; 4.110 ;
+---------------------------+-------+-------+-------------+------------+-------+-------+
Note: Negative delays are omitted from totals when calculating percentages

+----------------------------------------------------------------------------------------------------------------------------------------------------------------------------------------------------------------------------------------------------------------------+
; Data Arrival Path                                                                                                                                                                                                                                                    ;
+---------+---------+----+------+--------+--------------------------------------------+--------------------------------------------------------------------------------------------------------------------------------------------------------------------------------+
; Total   ; Incr    ; RF ; Type ; Fanout ; Location                                   ; Element                                                                                                                                                                        ;
+---------+---------+----+------+--------+--------------------------------------------+--------------------------------------------------------------------------------------------------------------------------------------------------------------------------------+
; 0.000   ; 0.000   ;    ;      ;        ;                                            ; launch edge time                                                                                                                                                               ;
; 0.000   ; 0.000   ;    ;      ;        ;                                            ; clock path                                                                                                                                                                     ;
;   0.000 ;   0.000 ; R  ;      ;        ;                                            ; clock network delay                                                                                                                                                            ;
; 1.846   ; 1.846   ;    ;      ;        ;                                            ; data path                                                                                                                                                                      ;
;   0.000 ;   0.000 ; RR ; CELL ; 108    ; FF_X18_Y50_N26                             ; u_soc|crypto_accelerator|u_core|u_puf|u_measurement_engine|u_controller|current_state.ST_MEASURE|q                                                                             ;
;   0.053 ;   0.053 ;    ; RE   ; 3      ; FF_X18_Y50_N26                             ; ARRIAV_FF                                                                                                                                                                      ;
;   0.230 ;   0.177 ;    ; RE   ; 10     ; LE_BUFFER_X18_Y50_N0_I17                   ; LE_BUFFER                                                                                                                                                                      ;
;   0.555 ;   0.325 ;    ; RE   ; 5      ; C4_X17_Y46_N0_I8                           ; V_SEG4                                                                                                                                                                         ;
;   0.739 ;   0.184 ;    ; RE   ; 3      ; C4_X17_Y42_N0_I8                           ; V_SEG4                                                                                                                                                                         ;
;   0.899 ;   0.160 ;    ; RE   ; 1      ; R3_X18_Y45_N0_I8                           ; H_SEG3                                                                                                                                                                         ;
;   1.122 ;   0.223 ;    ; RE   ; 1      ; R6_X21_Y45_N0_I4                           ; H_SEG6                                                                                                                                                                         ;
;   1.237 ;   0.115 ;    ; RE   ; 1      ; LOCAL_INTERCONNECT_X27_Y45_N0_I8           ; LAB_LINE                                                                                                                                                                       ;
;   1.460 ;   0.223 ;    ; RE   ; 1      ; BLOCK_INPUT_MUX_PASSTHROUGH_X27_Y45_N0_I81 ; LEIM                                                                                                                                                                           ;
;   1.460 ;   0.000 ;    ; RE   ; 1      ; LEIMSEL_X27_Y45_N0_I0                      ; LEIMSEL                                                                                                                                                                        ;
;   1.460 ;   0.000 ;    ; RE   ; 26     ; LAB_INPUT_X27_Y45_N0_I8                    ; LAB_INPUT                                                                                                                                                                      ;
;   1.460 ;   0.000 ; RR ; IC   ; 1      ; FF_X27_Y45_N58                             ; u_soc|crypto_accelerator|u_core|u_puf|u_measurement_engine|u_controller|measure_cnt[19]|sload                                                                                  ;
;   1.846 ;   0.386 ; RF ; CELL ; 1      ; FF_X27_Y45_N58                             ; soc:u_soc|axi_slave_top:crypto_accelerator|axi_slave_core:u_core|ro_puf_core:u_puf|measurement_engine:u_measurement_engine|measurement_controller:u_controller|measure_cnt[19] ;
+---------+---------+----+------+--------+--------------------------------------------+--------------------------------------------------------------------------------------------------------------------------------------------------------------------------------+

+------------------------------------------------------------------------------------------------------------------------------------------------------------------------------------------------------------------------------------------+
; Data Required Path                                                                                                                                                                                                                       ;
+---------+---------+----+------+--------+----------------+--------------------------------------------------------------------------------------------------------------------------------------------------------------------------------+
; Total   ; Incr    ; RF ; Type ; Fanout ; Location       ; Element                                                                                                                                                                        ;
+---------+---------+----+------+--------+----------------+--------------------------------------------------------------------------------------------------------------------------------------------------------------------------------+
; 0.000   ; 0.000   ;    ;      ;        ;                ; latch edge time                                                                                                                                                                ;
; 4.110   ; 4.110   ;    ;      ;        ;                ; clock path                                                                                                                                                                     ;
;   4.110 ;   4.110 ; R  ;      ;        ;                ; clock network delay                                                                                                                                                            ;
; 4.330   ; 0.220   ;    ;      ;        ;                ; clock uncertainty                                                                                                                                                              ;
; 4.330   ; 0.000   ;    ; uTh  ; 1      ; FF_X27_Y45_N58 ; soc:u_soc|axi_slave_top:crypto_accelerator|axi_slave_core:u_core|ro_puf_core:u_puf|measurement_engine:u_measurement_engine|measurement_controller:u_controller|measure_cnt[19] ;
+---------+---------+----+------+--------+----------------+--------------------------------------------------------------------------------------------------------------------------------------------------------------------------------+

----------------------------
; Extra Fitter Information ;
----------------------------
HTML report is unavailable in plain text report export.


Path #14: Hold slack is -2.482 (VIOLATED)
===============================================================================
+--------------------------------------------------------------------------------------------------------------------------------------------------------------------------------------------------------------+
; Path Summary                                                                                                                                                                                                 ;
+--------------------+-----------------------------------------------------------------------------------------------------------------------------------------------------------------------------------------+
; Property           ; Value                                                                                                                                                                                   ;
+--------------------+-----------------------------------------------------------------------------------------------------------------------------------------------------------------------------------------+
; From Node          ; soc:u_soc|axi_slave_top:crypto_accelerator|axi_slave_core:u_core|ro_puf_core:u_puf|measurement_engine:u_measurement_engine|measurement_controller:u_controller|current_state.ST_MEASURE ;
; To Node            ; soc:u_soc|axi_slave_top:crypto_accelerator|axi_slave_core:u_core|ro_puf_core:u_puf|measurement_engine:u_measurement_engine|measurement_controller:u_controller|measure_cnt[8]~DUPLICATE ;
; Launch Clock       ; soc:u_soc|axi_slave_top:crypto_accelerator|axi_slave_core:u_core|ro_puf_core:u_puf|measurement_engine:u_measurement_engine|measurement_controller:u_controller|current_state.ST_MEASURE ;
; Latch Clock        ; CLOCK_50                                                                                                                                                                                ;
; Data Arrival Time  ; 1.853                                                                                                                                                                                   ;
; Data Required Time ; 4.335                                                                                                                                                                                   ;
; Slack              ; -2.482 (VIOLATED)                                                                                                                                                                       ;
+--------------------+-----------------------------------------------------------------------------------------------------------------------------------------------------------------------------------------+

+--------------------------------------------------------------------------------------+
; Statistics                                                                           ;
+---------------------------+-------+-------+-------------+------------+-------+-------+
; Property                  ; Value ; Count ; Total Delay ; % of Total ; Min   ; Max   ;
+---------------------------+-------+-------+-------------+------------+-------+-------+
; Hold Relationship         ; 0.000 ;       ;             ;            ;       ;       ;
; Clock Skew                ; 4.115 ;       ;             ;            ;       ;       ;
; Data Delay                ; 1.853 ;       ;             ;            ;       ;       ;
; Number of Logic Levels    ;       ; 0     ;             ;            ;       ;       ;
; Physical Delays           ;       ;       ;             ;            ;       ;       ;
;  Arrival Path             ;       ;       ;             ;            ;       ;       ;
;   Clock                   ;       ;       ;             ;            ;       ;       ;
;    Clock Network (Lumped) ;       ; 1     ; 0.000       ;            ; 0.000 ; 0.000 ;
;   Data                    ;       ;       ;             ;            ;       ;       ;
;    IC                     ;       ; 1     ; 0.000       ; 0          ; 0.000 ; 0.000 ;
;    Cell                   ;       ; 2     ; 0.393       ; 21         ; 0.000 ; 0.393 ;
;    Routing Element        ;       ; 10    ; 1.460       ; 79         ; 0.000 ; 0.325 ;
;  Required Path            ;       ;       ;             ;            ;       ;       ;
;   Clock                   ;       ;       ;             ;            ;       ;       ;
;    Clock Network (Lumped) ;       ; 1     ; 4.115       ; 100        ; 4.115 ; 4.115 ;
+---------------------------+-------+-------+-------------+------------+-------+-------+
Note: Negative delays are omitted from totals when calculating percentages

+-------------------------------------------------------------------------------------------------------------------------------------------------------------------------------------------------------------------------------------------------------------------------------+
; Data Arrival Path                                                                                                                                                                                                                                                             ;
+---------+---------+----+------+--------+--------------------------------------------+-----------------------------------------------------------------------------------------------------------------------------------------------------------------------------------------+
; Total   ; Incr    ; RF ; Type ; Fanout ; Location                                   ; Element                                                                                                                                                                                 ;
+---------+---------+----+------+--------+--------------------------------------------+-----------------------------------------------------------------------------------------------------------------------------------------------------------------------------------------+
; 0.000   ; 0.000   ;    ;      ;        ;                                            ; launch edge time                                                                                                                                                                        ;
; 0.000   ; 0.000   ;    ;      ;        ;                                            ; clock path                                                                                                                                                                              ;
;   0.000 ;   0.000 ; R  ;      ;        ;                                            ; clock network delay                                                                                                                                                                     ;
; 1.853   ; 1.853   ;    ;      ;        ;                                            ; data path                                                                                                                                                                               ;
;   0.000 ;   0.000 ; RR ; CELL ; 108    ; FF_X18_Y50_N26                             ; u_soc|crypto_accelerator|u_core|u_puf|u_measurement_engine|u_controller|current_state.ST_MEASURE|q                                                                                      ;
;   0.053 ;   0.053 ;    ; RE   ; 3      ; FF_X18_Y50_N26                             ; ARRIAV_FF                                                                                                                                                                               ;
;   0.230 ;   0.177 ;    ; RE   ; 10     ; LE_BUFFER_X18_Y50_N0_I17                   ; LE_BUFFER                                                                                                                                                                               ;
;   0.555 ;   0.325 ;    ; RE   ; 5      ; C4_X17_Y46_N0_I8                           ; V_SEG4                                                                                                                                                                                  ;
;   0.739 ;   0.184 ;    ; RE   ; 3      ; C4_X17_Y42_N0_I8                           ; V_SEG4                                                                                                                                                                                  ;
;   0.899 ;   0.160 ;    ; RE   ; 1      ; R3_X18_Y45_N0_I8                           ; H_SEG3                                                                                                                                                                                  ;
;   1.122 ;   0.223 ;    ; RE   ; 1      ; R6_X21_Y45_N0_I4                           ; H_SEG6                                                                                                                                                                                  ;
;   1.237 ;   0.115 ;    ; RE   ; 1      ; LOCAL_INTERCONNECT_X27_Y45_N0_I8           ; LAB_LINE                                                                                                                                                                                ;
;   1.460 ;   0.223 ;    ; RE   ; 1      ; BLOCK_INPUT_MUX_PASSTHROUGH_X27_Y45_N0_I81 ; LEIM                                                                                                                                                                                    ;
;   1.460 ;   0.000 ;    ; RE   ; 1      ; LEIMSEL_X27_Y45_N0_I0                      ; LEIMSEL                                                                                                                                                                                 ;
;   1.460 ;   0.000 ;    ; RE   ; 26     ; LAB_INPUT_X27_Y45_N0_I8                    ; LAB_INPUT                                                                                                                                                                               ;
;   1.460 ;   0.000 ; RR ; IC   ; 1      ; FF_X27_Y45_N25                             ; u_soc|crypto_accelerator|u_core|u_puf|u_measurement_engine|u_controller|measure_cnt[8]~DUPLICATE|sload                                                                                  ;
;   1.853 ;   0.393 ; RF ; CELL ; 1      ; FF_X27_Y45_N25                             ; soc:u_soc|axi_slave_top:crypto_accelerator|axi_slave_core:u_core|ro_puf_core:u_puf|measurement_engine:u_measurement_engine|measurement_controller:u_controller|measure_cnt[8]~DUPLICATE ;
+---------+---------+----+------+--------+--------------------------------------------+-----------------------------------------------------------------------------------------------------------------------------------------------------------------------------------------+

+---------------------------------------------------------------------------------------------------------------------------------------------------------------------------------------------------------------------------------------------------+
; Data Required Path                                                                                                                                                                                                                                ;
+---------+---------+----+------+--------+----------------+-----------------------------------------------------------------------------------------------------------------------------------------------------------------------------------------+
; Total   ; Incr    ; RF ; Type ; Fanout ; Location       ; Element                                                                                                                                                                                 ;
+---------+---------+----+------+--------+----------------+-----------------------------------------------------------------------------------------------------------------------------------------------------------------------------------------+
; 0.000   ; 0.000   ;    ;      ;        ;                ; latch edge time                                                                                                                                                                         ;
; 4.115   ; 4.115   ;    ;      ;        ;                ; clock path                                                                                                                                                                              ;
;   4.115 ;   4.115 ; R  ;      ;        ;                ; clock network delay                                                                                                                                                                     ;
; 4.335   ; 0.220   ;    ;      ;        ;                ; clock uncertainty                                                                                                                                                                       ;
; 4.335   ; 0.000   ;    ; uTh  ; 1      ; FF_X27_Y45_N25 ; soc:u_soc|axi_slave_top:crypto_accelerator|axi_slave_core:u_core|ro_puf_core:u_puf|measurement_engine:u_measurement_engine|measurement_controller:u_controller|measure_cnt[8]~DUPLICATE ;
+---------+---------+----+------+--------+----------------+-----------------------------------------------------------------------------------------------------------------------------------------------------------------------------------------+

----------------------------
; Extra Fitter Information ;
----------------------------
HTML report is unavailable in plain text report export.


Path #15: Hold slack is -2.482 (VIOLATED)
===============================================================================
+---------------------------------------------------------------------------------------------------------------------------------------------------------------------------------------------------------------+
; Path Summary                                                                                                                                                                                                  ;
+--------------------+------------------------------------------------------------------------------------------------------------------------------------------------------------------------------------------+
; Property           ; Value                                                                                                                                                                                    ;
+--------------------+------------------------------------------------------------------------------------------------------------------------------------------------------------------------------------------+
; From Node          ; soc:u_soc|axi_slave_top:crypto_accelerator|axi_slave_core:u_core|ro_puf_core:u_puf|measurement_engine:u_measurement_engine|measurement_controller:u_controller|current_state.ST_MEASURE  ;
; To Node            ; soc:u_soc|axi_slave_top:crypto_accelerator|axi_slave_core:u_core|ro_puf_core:u_puf|measurement_engine:u_measurement_engine|measurement_controller:u_controller|measure_cnt[10]~DUPLICATE ;
; Launch Clock       ; soc:u_soc|axi_slave_top:crypto_accelerator|axi_slave_core:u_core|ro_puf_core:u_puf|measurement_engine:u_measurement_engine|measurement_controller:u_controller|current_state.ST_MEASURE  ;
; Latch Clock        ; CLOCK_50                                                                                                                                                                                 ;
; Data Arrival Time  ; 1.853                                                                                                                                                                                    ;
; Data Required Time ; 4.335                                                                                                                                                                                    ;
; Slack              ; -2.482 (VIOLATED)                                                                                                                                                                        ;
+--------------------+------------------------------------------------------------------------------------------------------------------------------------------------------------------------------------------+

+--------------------------------------------------------------------------------------+
; Statistics                                                                           ;
+---------------------------+-------+-------+-------------+------------+-------+-------+
; Property                  ; Value ; Count ; Total Delay ; % of Total ; Min   ; Max   ;
+---------------------------+-------+-------+-------------+------------+-------+-------+
; Hold Relationship         ; 0.000 ;       ;             ;            ;       ;       ;
; Clock Skew                ; 4.115 ;       ;             ;            ;       ;       ;
; Data Delay                ; 1.853 ;       ;             ;            ;       ;       ;
; Number of Logic Levels    ;       ; 0     ;             ;            ;       ;       ;
; Physical Delays           ;       ;       ;             ;            ;       ;       ;
;  Arrival Path             ;       ;       ;             ;            ;       ;       ;
;   Clock                   ;       ;       ;             ;            ;       ;       ;
;    Clock Network (Lumped) ;       ; 1     ; 0.000       ;            ; 0.000 ; 0.000 ;
;   Data                    ;       ;       ;             ;            ;       ;       ;
;    IC                     ;       ; 1     ; 0.000       ; 0          ; 0.000 ; 0.000 ;
;    Cell                   ;       ; 2     ; 0.393       ; 21         ; 0.000 ; 0.393 ;
;    Routing Element        ;       ; 10    ; 1.460       ; 79         ; 0.000 ; 0.325 ;
;  Required Path            ;       ;       ;             ;            ;       ;       ;
;   Clock                   ;       ;       ;             ;            ;       ;       ;
;    Clock Network (Lumped) ;       ; 1     ; 4.115       ; 100        ; 4.115 ; 4.115 ;
+---------------------------+-------+-------+-------------+------------+-------+-------+
Note: Negative delays are omitted from totals when calculating percentages

+--------------------------------------------------------------------------------------------------------------------------------------------------------------------------------------------------------------------------------------------------------------------------------+
; Data Arrival Path                                                                                                                                                                                                                                                              ;
+---------+---------+----+------+--------+--------------------------------------------+------------------------------------------------------------------------------------------------------------------------------------------------------------------------------------------+
; Total   ; Incr    ; RF ; Type ; Fanout ; Location                                   ; Element                                                                                                                                                                                  ;
+---------+---------+----+------+--------+--------------------------------------------+------------------------------------------------------------------------------------------------------------------------------------------------------------------------------------------+
; 0.000   ; 0.000   ;    ;      ;        ;                                            ; launch edge time                                                                                                                                                                         ;
; 0.000   ; 0.000   ;    ;      ;        ;                                            ; clock path                                                                                                                                                                               ;
;   0.000 ;   0.000 ; R  ;      ;        ;                                            ; clock network delay                                                                                                                                                                      ;
; 1.853   ; 1.853   ;    ;      ;        ;                                            ; data path                                                                                                                                                                                ;
;   0.000 ;   0.000 ; RR ; CELL ; 108    ; FF_X18_Y50_N26                             ; u_soc|crypto_accelerator|u_core|u_puf|u_measurement_engine|u_controller|current_state.ST_MEASURE|q                                                                                       ;
;   0.053 ;   0.053 ;    ; RE   ; 3      ; FF_X18_Y50_N26                             ; ARRIAV_FF                                                                                                                                                                                ;
;   0.230 ;   0.177 ;    ; RE   ; 10     ; LE_BUFFER_X18_Y50_N0_I17                   ; LE_BUFFER                                                                                                                                                                                ;
;   0.555 ;   0.325 ;    ; RE   ; 5      ; C4_X17_Y46_N0_I8                           ; V_SEG4                                                                                                                                                                                   ;
;   0.739 ;   0.184 ;    ; RE   ; 3      ; C4_X17_Y42_N0_I8                           ; V_SEG4                                                                                                                                                                                   ;
;   0.899 ;   0.160 ;    ; RE   ; 1      ; R3_X18_Y45_N0_I8                           ; H_SEG3                                                                                                                                                                                   ;
;   1.122 ;   0.223 ;    ; RE   ; 1      ; R6_X21_Y45_N0_I4                           ; H_SEG6                                                                                                                                                                                   ;
;   1.237 ;   0.115 ;    ; RE   ; 1      ; LOCAL_INTERCONNECT_X27_Y45_N0_I8           ; LAB_LINE                                                                                                                                                                                 ;
;   1.460 ;   0.223 ;    ; RE   ; 1      ; BLOCK_INPUT_MUX_PASSTHROUGH_X27_Y45_N0_I81 ; LEIM                                                                                                                                                                                     ;
;   1.460 ;   0.000 ;    ; RE   ; 1      ; LEIMSEL_X27_Y45_N0_I0                      ; LEIMSEL                                                                                                                                                                                  ;
;   1.460 ;   0.000 ;    ; RE   ; 26     ; LAB_INPUT_X27_Y45_N0_I8                    ; LAB_INPUT                                                                                                                                                                                ;
;   1.460 ;   0.000 ; RR ; IC   ; 1      ; FF_X27_Y45_N31                             ; u_soc|crypto_accelerator|u_core|u_puf|u_measurement_engine|u_controller|measure_cnt[10]~DUPLICATE|sload                                                                                  ;
;   1.853 ;   0.393 ; RF ; CELL ; 1      ; FF_X27_Y45_N31                             ; soc:u_soc|axi_slave_top:crypto_accelerator|axi_slave_core:u_core|ro_puf_core:u_puf|measurement_engine:u_measurement_engine|measurement_controller:u_controller|measure_cnt[10]~DUPLICATE ;
+---------+---------+----+------+--------+--------------------------------------------+------------------------------------------------------------------------------------------------------------------------------------------------------------------------------------------+

+----------------------------------------------------------------------------------------------------------------------------------------------------------------------------------------------------------------------------------------------------+
; Data Required Path                                                                                                                                                                                                                                 ;
+---------+---------+----+------+--------+----------------+------------------------------------------------------------------------------------------------------------------------------------------------------------------------------------------+
; Total   ; Incr    ; RF ; Type ; Fanout ; Location       ; Element                                                                                                                                                                                  ;
+---------+---------+----+------+--------+----------------+------------------------------------------------------------------------------------------------------------------------------------------------------------------------------------------+
; 0.000   ; 0.000   ;    ;      ;        ;                ; latch edge time                                                                                                                                                                          ;
; 4.115   ; 4.115   ;    ;      ;        ;                ; clock path                                                                                                                                                                               ;
;   4.115 ;   4.115 ; R  ;      ;        ;                ; clock network delay                                                                                                                                                                      ;
; 4.335   ; 0.220   ;    ;      ;        ;                ; clock uncertainty                                                                                                                                                                        ;
; 4.335   ; 0.000   ;    ; uTh  ; 1      ; FF_X27_Y45_N31 ; soc:u_soc|axi_slave_top:crypto_accelerator|axi_slave_core:u_core|ro_puf_core:u_puf|measurement_engine:u_measurement_engine|measurement_controller:u_controller|measure_cnt[10]~DUPLICATE ;
+---------+---------+----+------+--------+----------------+------------------------------------------------------------------------------------------------------------------------------------------------------------------------------------------+

----------------------------
; Extra Fitter Information ;
----------------------------
HTML report is unavailable in plain text report export.


Path #16: Hold slack is -2.480 (VIOLATED)
===============================================================================
+--------------------------------------------------------------------------------------------------------------------------------------------------------------------------------------------------------------+
; Path Summary                                                                                                                                                                                                 ;
+--------------------+-----------------------------------------------------------------------------------------------------------------------------------------------------------------------------------------+
; Property           ; Value                                                                                                                                                                                   ;
+--------------------+-----------------------------------------------------------------------------------------------------------------------------------------------------------------------------------------+
; From Node          ; soc:u_soc|axi_slave_top:crypto_accelerator|axi_slave_core:u_core|ro_puf_core:u_puf|measurement_engine:u_measurement_engine|measurement_controller:u_controller|current_state.ST_MEASURE ;
; To Node            ; soc:u_soc|axi_slave_top:crypto_accelerator|axi_slave_core:u_core|ro_puf_core:u_puf|measurement_engine:u_measurement_engine|measurement_controller:u_controller|measure_cnt[0]           ;
; Launch Clock       ; soc:u_soc|axi_slave_top:crypto_accelerator|axi_slave_core:u_core|ro_puf_core:u_puf|measurement_engine:u_measurement_engine|measurement_controller:u_controller|current_state.ST_MEASURE ;
; Latch Clock        ; CLOCK_50                                                                                                                                                                                ;
; Data Arrival Time  ; 1.852                                                                                                                                                                                   ;
; Data Required Time ; 4.332                                                                                                                                                                                   ;
; Slack              ; -2.480 (VIOLATED)                                                                                                                                                                       ;
+--------------------+-----------------------------------------------------------------------------------------------------------------------------------------------------------------------------------------+

+--------------------------------------------------------------------------------------+
; Statistics                                                                           ;
+---------------------------+-------+-------+-------------+------------+-------+-------+
; Property                  ; Value ; Count ; Total Delay ; % of Total ; Min   ; Max   ;
+---------------------------+-------+-------+-------------+------------+-------+-------+
; Hold Relationship         ; 0.000 ;       ;             ;            ;       ;       ;
; Clock Skew                ; 4.112 ;       ;             ;            ;       ;       ;
; Data Delay                ; 1.852 ;       ;             ;            ;       ;       ;
; Number of Logic Levels    ;       ; 0     ;             ;            ;       ;       ;
; Physical Delays           ;       ;       ;             ;            ;       ;       ;
;  Arrival Path             ;       ;       ;             ;            ;       ;       ;
;   Clock                   ;       ;       ;             ;            ;       ;       ;
;    Clock Network (Lumped) ;       ; 1     ; 0.000       ;            ; 0.000 ; 0.000 ;
;   Data                    ;       ;       ;             ;            ;       ;       ;
;    IC                     ;       ; 1     ; 0.000       ; 0          ; 0.000 ; 0.000 ;
;    Cell                   ;       ; 2     ; 0.392       ; 21         ; 0.000 ; 0.392 ;
;    Routing Element        ;       ; 10    ; 1.460       ; 79         ; 0.000 ; 0.325 ;
;  Required Path            ;       ;       ;             ;            ;       ;       ;
;   Clock                   ;       ;       ;             ;            ;       ;       ;
;    Clock Network (Lumped) ;       ; 1     ; 4.112       ; 100        ; 4.112 ; 4.112 ;
+---------------------------+-------+-------+-------------+------------+-------+-------+
Note: Negative delays are omitted from totals when calculating percentages

+---------------------------------------------------------------------------------------------------------------------------------------------------------------------------------------------------------------------------------------------------------------------+
; Data Arrival Path                                                                                                                                                                                                                                                   ;
+---------+---------+----+------+--------+--------------------------------------------+-------------------------------------------------------------------------------------------------------------------------------------------------------------------------------+
; Total   ; Incr    ; RF ; Type ; Fanout ; Location                                   ; Element                                                                                                                                                                       ;
+---------+---------+----+------+--------+--------------------------------------------+-------------------------------------------------------------------------------------------------------------------------------------------------------------------------------+
; 0.000   ; 0.000   ;    ;      ;        ;                                            ; launch edge time                                                                                                                                                              ;
; 0.000   ; 0.000   ;    ;      ;        ;                                            ; clock path                                                                                                                                                                    ;
;   0.000 ;   0.000 ; R  ;      ;        ;                                            ; clock network delay                                                                                                                                                           ;
; 1.852   ; 1.852   ;    ;      ;        ;                                            ; data path                                                                                                                                                                     ;
;   0.000 ;   0.000 ; RR ; CELL ; 108    ; FF_X18_Y50_N26                             ; u_soc|crypto_accelerator|u_core|u_puf|u_measurement_engine|u_controller|current_state.ST_MEASURE|q                                                                            ;
;   0.053 ;   0.053 ;    ; RE   ; 3      ; FF_X18_Y50_N26                             ; ARRIAV_FF                                                                                                                                                                     ;
;   0.230 ;   0.177 ;    ; RE   ; 10     ; LE_BUFFER_X18_Y50_N0_I17                   ; LE_BUFFER                                                                                                                                                                     ;
;   0.555 ;   0.325 ;    ; RE   ; 5      ; C4_X17_Y46_N0_I8                           ; V_SEG4                                                                                                                                                                        ;
;   0.739 ;   0.184 ;    ; RE   ; 3      ; C4_X17_Y42_N0_I8                           ; V_SEG4                                                                                                                                                                        ;
;   0.899 ;   0.160 ;    ; RE   ; 1      ; R3_X18_Y45_N0_I8                           ; H_SEG3                                                                                                                                                                        ;
;   1.122 ;   0.223 ;    ; RE   ; 1      ; R6_X21_Y45_N0_I4                           ; H_SEG6                                                                                                                                                                        ;
;   1.237 ;   0.115 ;    ; RE   ; 1      ; LOCAL_INTERCONNECT_X27_Y45_N0_I8           ; LAB_LINE                                                                                                                                                                      ;
;   1.460 ;   0.223 ;    ; RE   ; 1      ; BLOCK_INPUT_MUX_PASSTHROUGH_X27_Y45_N0_I81 ; LEIM                                                                                                                                                                          ;
;   1.460 ;   0.000 ;    ; RE   ; 1      ; LEIMSEL_X27_Y45_N0_I0                      ; LEIMSEL                                                                                                                                                                       ;
;   1.460 ;   0.000 ;    ; RE   ; 26     ; LAB_INPUT_X27_Y45_N0_I8                    ; LAB_INPUT                                                                                                                                                                     ;
;   1.460 ;   0.000 ; RR ; IC   ; 1      ; FF_X27_Y45_N2                              ; u_soc|crypto_accelerator|u_core|u_puf|u_measurement_engine|u_controller|measure_cnt[0]|sload                                                                                  ;
;   1.852 ;   0.392 ; RF ; CELL ; 1      ; FF_X27_Y45_N2                              ; soc:u_soc|axi_slave_top:crypto_accelerator|axi_slave_core:u_core|ro_puf_core:u_puf|measurement_engine:u_measurement_engine|measurement_controller:u_controller|measure_cnt[0] ;
+---------+---------+----+------+--------+--------------------------------------------+-------------------------------------------------------------------------------------------------------------------------------------------------------------------------------+

+----------------------------------------------------------------------------------------------------------------------------------------------------------------------------------------------------------------------------------------+
; Data Required Path                                                                                                                                                                                                                     ;
+---------+---------+----+------+--------+---------------+-------------------------------------------------------------------------------------------------------------------------------------------------------------------------------+
; Total   ; Incr    ; RF ; Type ; Fanout ; Location      ; Element                                                                                                                                                                       ;
+---------+---------+----+------+--------+---------------+-------------------------------------------------------------------------------------------------------------------------------------------------------------------------------+
; 0.000   ; 0.000   ;    ;      ;        ;               ; latch edge time                                                                                                                                                               ;
; 4.112   ; 4.112   ;    ;      ;        ;               ; clock path                                                                                                                                                                    ;
;   4.112 ;   4.112 ; R  ;      ;        ;               ; clock network delay                                                                                                                                                           ;
; 4.332   ; 0.220   ;    ;      ;        ;               ; clock uncertainty                                                                                                                                                             ;
; 4.332   ; 0.000   ;    ; uTh  ; 1      ; FF_X27_Y45_N2 ; soc:u_soc|axi_slave_top:crypto_accelerator|axi_slave_core:u_core|ro_puf_core:u_puf|measurement_engine:u_measurement_engine|measurement_controller:u_controller|measure_cnt[0] ;
+---------+---------+----+------+--------+---------------+-------------------------------------------------------------------------------------------------------------------------------------------------------------------------------+

----------------------------
; Extra Fitter Information ;
----------------------------
HTML report is unavailable in plain text report export.


Path #17: Hold slack is -2.480 (VIOLATED)
===============================================================================
+--------------------------------------------------------------------------------------------------------------------------------------------------------------------------------------------------------------+
; Path Summary                                                                                                                                                                                                 ;
+--------------------+-----------------------------------------------------------------------------------------------------------------------------------------------------------------------------------------+
; Property           ; Value                                                                                                                                                                                   ;
+--------------------+-----------------------------------------------------------------------------------------------------------------------------------------------------------------------------------------+
; From Node          ; soc:u_soc|axi_slave_top:crypto_accelerator|axi_slave_core:u_core|ro_puf_core:u_puf|measurement_engine:u_measurement_engine|measurement_controller:u_controller|current_state.ST_MEASURE ;
; To Node            ; soc:u_soc|axi_slave_top:crypto_accelerator|axi_slave_core:u_core|ro_puf_core:u_puf|measurement_engine:u_measurement_engine|measurement_controller:u_controller|measure_cnt[2]           ;
; Launch Clock       ; soc:u_soc|axi_slave_top:crypto_accelerator|axi_slave_core:u_core|ro_puf_core:u_puf|measurement_engine:u_measurement_engine|measurement_controller:u_controller|current_state.ST_MEASURE ;
; Latch Clock        ; CLOCK_50                                                                                                                                                                                ;
; Data Arrival Time  ; 1.852                                                                                                                                                                                   ;
; Data Required Time ; 4.332                                                                                                                                                                                   ;
; Slack              ; -2.480 (VIOLATED)                                                                                                                                                                       ;
+--------------------+-----------------------------------------------------------------------------------------------------------------------------------------------------------------------------------------+

+--------------------------------------------------------------------------------------+
; Statistics                                                                           ;
+---------------------------+-------+-------+-------------+------------+-------+-------+
; Property                  ; Value ; Count ; Total Delay ; % of Total ; Min   ; Max   ;
+---------------------------+-------+-------+-------------+------------+-------+-------+
; Hold Relationship         ; 0.000 ;       ;             ;            ;       ;       ;
; Clock Skew                ; 4.112 ;       ;             ;            ;       ;       ;
; Data Delay                ; 1.852 ;       ;             ;            ;       ;       ;
; Number of Logic Levels    ;       ; 0     ;             ;            ;       ;       ;
; Physical Delays           ;       ;       ;             ;            ;       ;       ;
;  Arrival Path             ;       ;       ;             ;            ;       ;       ;
;   Clock                   ;       ;       ;             ;            ;       ;       ;
;    Clock Network (Lumped) ;       ; 1     ; 0.000       ;            ; 0.000 ; 0.000 ;
;   Data                    ;       ;       ;             ;            ;       ;       ;
;    IC                     ;       ; 1     ; 0.000       ; 0          ; 0.000 ; 0.000 ;
;    Cell                   ;       ; 2     ; 0.392       ; 21         ; 0.000 ; 0.392 ;
;    Routing Element        ;       ; 10    ; 1.460       ; 79         ; 0.000 ; 0.325 ;
;  Required Path            ;       ;       ;             ;            ;       ;       ;
;   Clock                   ;       ;       ;             ;            ;       ;       ;
;    Clock Network (Lumped) ;       ; 1     ; 4.112       ; 100        ; 4.112 ; 4.112 ;
+---------------------------+-------+-------+-------------+------------+-------+-------+
Note: Negative delays are omitted from totals when calculating percentages

+---------------------------------------------------------------------------------------------------------------------------------------------------------------------------------------------------------------------------------------------------------------------+
; Data Arrival Path                                                                                                                                                                                                                                                   ;
+---------+---------+----+------+--------+--------------------------------------------+-------------------------------------------------------------------------------------------------------------------------------------------------------------------------------+
; Total   ; Incr    ; RF ; Type ; Fanout ; Location                                   ; Element                                                                                                                                                                       ;
+---------+---------+----+------+--------+--------------------------------------------+-------------------------------------------------------------------------------------------------------------------------------------------------------------------------------+
; 0.000   ; 0.000   ;    ;      ;        ;                                            ; launch edge time                                                                                                                                                              ;
; 0.000   ; 0.000   ;    ;      ;        ;                                            ; clock path                                                                                                                                                                    ;
;   0.000 ;   0.000 ; R  ;      ;        ;                                            ; clock network delay                                                                                                                                                           ;
; 1.852   ; 1.852   ;    ;      ;        ;                                            ; data path                                                                                                                                                                     ;
;   0.000 ;   0.000 ; RR ; CELL ; 108    ; FF_X18_Y50_N26                             ; u_soc|crypto_accelerator|u_core|u_puf|u_measurement_engine|u_controller|current_state.ST_MEASURE|q                                                                            ;
;   0.053 ;   0.053 ;    ; RE   ; 3      ; FF_X18_Y50_N26                             ; ARRIAV_FF                                                                                                                                                                     ;
;   0.230 ;   0.177 ;    ; RE   ; 10     ; LE_BUFFER_X18_Y50_N0_I17                   ; LE_BUFFER                                                                                                                                                                     ;
;   0.555 ;   0.325 ;    ; RE   ; 5      ; C4_X17_Y46_N0_I8                           ; V_SEG4                                                                                                                                                                        ;
;   0.739 ;   0.184 ;    ; RE   ; 3      ; C4_X17_Y42_N0_I8                           ; V_SEG4                                                                                                                                                                        ;
;   0.899 ;   0.160 ;    ; RE   ; 1      ; R3_X18_Y45_N0_I8                           ; H_SEG3                                                                                                                                                                        ;
;   1.122 ;   0.223 ;    ; RE   ; 1      ; R6_X21_Y45_N0_I4                           ; H_SEG6                                                                                                                                                                        ;
;   1.237 ;   0.115 ;    ; RE   ; 1      ; LOCAL_INTERCONNECT_X27_Y45_N0_I8           ; LAB_LINE                                                                                                                                                                      ;
;   1.460 ;   0.223 ;    ; RE   ; 1      ; BLOCK_INPUT_MUX_PASSTHROUGH_X27_Y45_N0_I81 ; LEIM                                                                                                                                                                          ;
;   1.460 ;   0.000 ;    ; RE   ; 1      ; LEIMSEL_X27_Y45_N0_I0                      ; LEIMSEL                                                                                                                                                                       ;
;   1.460 ;   0.000 ;    ; RE   ; 26     ; LAB_INPUT_X27_Y45_N0_I8                    ; LAB_INPUT                                                                                                                                                                     ;
;   1.460 ;   0.000 ; RR ; IC   ; 1      ; FF_X27_Y45_N8                              ; u_soc|crypto_accelerator|u_core|u_puf|u_measurement_engine|u_controller|measure_cnt[2]|sload                                                                                  ;
;   1.852 ;   0.392 ; RF ; CELL ; 1      ; FF_X27_Y45_N8                              ; soc:u_soc|axi_slave_top:crypto_accelerator|axi_slave_core:u_core|ro_puf_core:u_puf|measurement_engine:u_measurement_engine|measurement_controller:u_controller|measure_cnt[2] ;
+---------+---------+----+------+--------+--------------------------------------------+-------------------------------------------------------------------------------------------------------------------------------------------------------------------------------+

+----------------------------------------------------------------------------------------------------------------------------------------------------------------------------------------------------------------------------------------+
; Data Required Path                                                                                                                                                                                                                     ;
+---------+---------+----+------+--------+---------------+-------------------------------------------------------------------------------------------------------------------------------------------------------------------------------+
; Total   ; Incr    ; RF ; Type ; Fanout ; Location      ; Element                                                                                                                                                                       ;
+---------+---------+----+------+--------+---------------+-------------------------------------------------------------------------------------------------------------------------------------------------------------------------------+
; 0.000   ; 0.000   ;    ;      ;        ;               ; latch edge time                                                                                                                                                               ;
; 4.112   ; 4.112   ;    ;      ;        ;               ; clock path                                                                                                                                                                    ;
;   4.112 ;   4.112 ; R  ;      ;        ;               ; clock network delay                                                                                                                                                           ;
; 4.332   ; 0.220   ;    ;      ;        ;               ; clock uncertainty                                                                                                                                                             ;
; 4.332   ; 0.000   ;    ; uTh  ; 1      ; FF_X27_Y45_N8 ; soc:u_soc|axi_slave_top:crypto_accelerator|axi_slave_core:u_core|ro_puf_core:u_puf|measurement_engine:u_measurement_engine|measurement_controller:u_controller|measure_cnt[2] ;
+---------+---------+----+------+--------+---------------+-------------------------------------------------------------------------------------------------------------------------------------------------------------------------------+

----------------------------
; Extra Fitter Information ;
----------------------------
HTML report is unavailable in plain text report export.


Path #18: Hold slack is -2.480 (VIOLATED)
===============================================================================
+--------------------------------------------------------------------------------------------------------------------------------------------------------------------------------------------------------------+
; Path Summary                                                                                                                                                                                                 ;
+--------------------+-----------------------------------------------------------------------------------------------------------------------------------------------------------------------------------------+
; Property           ; Value                                                                                                                                                                                   ;
+--------------------+-----------------------------------------------------------------------------------------------------------------------------------------------------------------------------------------+
; From Node          ; soc:u_soc|axi_slave_top:crypto_accelerator|axi_slave_core:u_core|ro_puf_core:u_puf|measurement_engine:u_measurement_engine|measurement_controller:u_controller|current_state.ST_MEASURE ;
; To Node            ; soc:u_soc|axi_slave_top:crypto_accelerator|axi_slave_core:u_core|ro_puf_core:u_puf|measurement_engine:u_measurement_engine|measurement_controller:u_controller|measure_cnt[4]           ;
; Launch Clock       ; soc:u_soc|axi_slave_top:crypto_accelerator|axi_slave_core:u_core|ro_puf_core:u_puf|measurement_engine:u_measurement_engine|measurement_controller:u_controller|current_state.ST_MEASURE ;
; Latch Clock        ; CLOCK_50                                                                                                                                                                                ;
; Data Arrival Time  ; 1.852                                                                                                                                                                                   ;
; Data Required Time ; 4.332                                                                                                                                                                                   ;
; Slack              ; -2.480 (VIOLATED)                                                                                                                                                                       ;
+--------------------+-----------------------------------------------------------------------------------------------------------------------------------------------------------------------------------------+

+--------------------------------------------------------------------------------------+
; Statistics                                                                           ;
+---------------------------+-------+-------+-------------+------------+-------+-------+
; Property                  ; Value ; Count ; Total Delay ; % of Total ; Min   ; Max   ;
+---------------------------+-------+-------+-------------+------------+-------+-------+
; Hold Relationship         ; 0.000 ;       ;             ;            ;       ;       ;
; Clock Skew                ; 4.112 ;       ;             ;            ;       ;       ;
; Data Delay                ; 1.852 ;       ;             ;            ;       ;       ;
; Number of Logic Levels    ;       ; 0     ;             ;            ;       ;       ;
; Physical Delays           ;       ;       ;             ;            ;       ;       ;
;  Arrival Path             ;       ;       ;             ;            ;       ;       ;
;   Clock                   ;       ;       ;             ;            ;       ;       ;
;    Clock Network (Lumped) ;       ; 1     ; 0.000       ;            ; 0.000 ; 0.000 ;
;   Data                    ;       ;       ;             ;            ;       ;       ;
;    IC                     ;       ; 1     ; 0.000       ; 0          ; 0.000 ; 0.000 ;
;    Cell                   ;       ; 2     ; 0.392       ; 21         ; 0.000 ; 0.392 ;
;    Routing Element        ;       ; 10    ; 1.460       ; 79         ; 0.000 ; 0.325 ;
;  Required Path            ;       ;       ;             ;            ;       ;       ;
;   Clock                   ;       ;       ;             ;            ;       ;       ;
;    Clock Network (Lumped) ;       ; 1     ; 4.112       ; 100        ; 4.112 ; 4.112 ;
+---------------------------+-------+-------+-------------+------------+-------+-------+
Note: Negative delays are omitted from totals when calculating percentages

+---------------------------------------------------------------------------------------------------------------------------------------------------------------------------------------------------------------------------------------------------------------------+
; Data Arrival Path                                                                                                                                                                                                                                                   ;
+---------+---------+----+------+--------+--------------------------------------------+-------------------------------------------------------------------------------------------------------------------------------------------------------------------------------+
; Total   ; Incr    ; RF ; Type ; Fanout ; Location                                   ; Element                                                                                                                                                                       ;
+---------+---------+----+------+--------+--------------------------------------------+-------------------------------------------------------------------------------------------------------------------------------------------------------------------------------+
; 0.000   ; 0.000   ;    ;      ;        ;                                            ; launch edge time                                                                                                                                                              ;
; 0.000   ; 0.000   ;    ;      ;        ;                                            ; clock path                                                                                                                                                                    ;
;   0.000 ;   0.000 ; R  ;      ;        ;                                            ; clock network delay                                                                                                                                                           ;
; 1.852   ; 1.852   ;    ;      ;        ;                                            ; data path                                                                                                                                                                     ;
;   0.000 ;   0.000 ; RR ; CELL ; 108    ; FF_X18_Y50_N26                             ; u_soc|crypto_accelerator|u_core|u_puf|u_measurement_engine|u_controller|current_state.ST_MEASURE|q                                                                            ;
;   0.053 ;   0.053 ;    ; RE   ; 3      ; FF_X18_Y50_N26                             ; ARRIAV_FF                                                                                                                                                                     ;
;   0.230 ;   0.177 ;    ; RE   ; 10     ; LE_BUFFER_X18_Y50_N0_I17                   ; LE_BUFFER                                                                                                                                                                     ;
;   0.555 ;   0.325 ;    ; RE   ; 5      ; C4_X17_Y46_N0_I8                           ; V_SEG4                                                                                                                                                                        ;
;   0.739 ;   0.184 ;    ; RE   ; 3      ; C4_X17_Y42_N0_I8                           ; V_SEG4                                                                                                                                                                        ;
;   0.899 ;   0.160 ;    ; RE   ; 1      ; R3_X18_Y45_N0_I8                           ; H_SEG3                                                                                                                                                                        ;
;   1.122 ;   0.223 ;    ; RE   ; 1      ; R6_X21_Y45_N0_I4                           ; H_SEG6                                                                                                                                                                        ;
;   1.237 ;   0.115 ;    ; RE   ; 1      ; LOCAL_INTERCONNECT_X27_Y45_N0_I8           ; LAB_LINE                                                                                                                                                                      ;
;   1.460 ;   0.223 ;    ; RE   ; 1      ; BLOCK_INPUT_MUX_PASSTHROUGH_X27_Y45_N0_I81 ; LEIM                                                                                                                                                                          ;
;   1.460 ;   0.000 ;    ; RE   ; 1      ; LEIMSEL_X27_Y45_N0_I0                      ; LEIMSEL                                                                                                                                                                       ;
;   1.460 ;   0.000 ;    ; RE   ; 26     ; LAB_INPUT_X27_Y45_N0_I8                    ; LAB_INPUT                                                                                                                                                                     ;
;   1.460 ;   0.000 ; RR ; IC   ; 1      ; FF_X27_Y45_N14                             ; u_soc|crypto_accelerator|u_core|u_puf|u_measurement_engine|u_controller|measure_cnt[4]|sload                                                                                  ;
;   1.852 ;   0.392 ; RF ; CELL ; 1      ; FF_X27_Y45_N14                             ; soc:u_soc|axi_slave_top:crypto_accelerator|axi_slave_core:u_core|ro_puf_core:u_puf|measurement_engine:u_measurement_engine|measurement_controller:u_controller|measure_cnt[4] ;
+---------+---------+----+------+--------+--------------------------------------------+-------------------------------------------------------------------------------------------------------------------------------------------------------------------------------+

+-----------------------------------------------------------------------------------------------------------------------------------------------------------------------------------------------------------------------------------------+
; Data Required Path                                                                                                                                                                                                                      ;
+---------+---------+----+------+--------+----------------+-------------------------------------------------------------------------------------------------------------------------------------------------------------------------------+
; Total   ; Incr    ; RF ; Type ; Fanout ; Location       ; Element                                                                                                                                                                       ;
+---------+---------+----+------+--------+----------------+-------------------------------------------------------------------------------------------------------------------------------------------------------------------------------+
; 0.000   ; 0.000   ;    ;      ;        ;                ; latch edge time                                                                                                                                                               ;
; 4.112   ; 4.112   ;    ;      ;        ;                ; clock path                                                                                                                                                                    ;
;   4.112 ;   4.112 ; R  ;      ;        ;                ; clock network delay                                                                                                                                                           ;
; 4.332   ; 0.220   ;    ;      ;        ;                ; clock uncertainty                                                                                                                                                             ;
; 4.332   ; 0.000   ;    ; uTh  ; 1      ; FF_X27_Y45_N14 ; soc:u_soc|axi_slave_top:crypto_accelerator|axi_slave_core:u_core|ro_puf_core:u_puf|measurement_engine:u_measurement_engine|measurement_controller:u_controller|measure_cnt[4] ;
+---------+---------+----+------+--------+----------------+-------------------------------------------------------------------------------------------------------------------------------------------------------------------------------+

----------------------------
; Extra Fitter Information ;
----------------------------
HTML report is unavailable in plain text report export.


Path #19: Hold slack is -2.480 (VIOLATED)
===============================================================================
+--------------------------------------------------------------------------------------------------------------------------------------------------------------------------------------------------------------+
; Path Summary                                                                                                                                                                                                 ;
+--------------------+-----------------------------------------------------------------------------------------------------------------------------------------------------------------------------------------+
; Property           ; Value                                                                                                                                                                                   ;
+--------------------+-----------------------------------------------------------------------------------------------------------------------------------------------------------------------------------------+
; From Node          ; soc:u_soc|axi_slave_top:crypto_accelerator|axi_slave_core:u_core|ro_puf_core:u_puf|measurement_engine:u_measurement_engine|measurement_controller:u_controller|current_state.ST_MEASURE ;
; To Node            ; soc:u_soc|axi_slave_top:crypto_accelerator|axi_slave_core:u_core|ro_puf_core:u_puf|measurement_engine:u_measurement_engine|measurement_controller:u_controller|measure_cnt[6]           ;
; Launch Clock       ; soc:u_soc|axi_slave_top:crypto_accelerator|axi_slave_core:u_core|ro_puf_core:u_puf|measurement_engine:u_measurement_engine|measurement_controller:u_controller|current_state.ST_MEASURE ;
; Latch Clock        ; CLOCK_50                                                                                                                                                                                ;
; Data Arrival Time  ; 1.852                                                                                                                                                                                   ;
; Data Required Time ; 4.332                                                                                                                                                                                   ;
; Slack              ; -2.480 (VIOLATED)                                                                                                                                                                       ;
+--------------------+-----------------------------------------------------------------------------------------------------------------------------------------------------------------------------------------+

+--------------------------------------------------------------------------------------+
; Statistics                                                                           ;
+---------------------------+-------+-------+-------------+------------+-------+-------+
; Property                  ; Value ; Count ; Total Delay ; % of Total ; Min   ; Max   ;
+---------------------------+-------+-------+-------------+------------+-------+-------+
; Hold Relationship         ; 0.000 ;       ;             ;            ;       ;       ;
; Clock Skew                ; 4.112 ;       ;             ;            ;       ;       ;
; Data Delay                ; 1.852 ;       ;             ;            ;       ;       ;
; Number of Logic Levels    ;       ; 0     ;             ;            ;       ;       ;
; Physical Delays           ;       ;       ;             ;            ;       ;       ;
;  Arrival Path             ;       ;       ;             ;            ;       ;       ;
;   Clock                   ;       ;       ;             ;            ;       ;       ;
;    Clock Network (Lumped) ;       ; 1     ; 0.000       ;            ; 0.000 ; 0.000 ;
;   Data                    ;       ;       ;             ;            ;       ;       ;
;    IC                     ;       ; 1     ; 0.000       ; 0          ; 0.000 ; 0.000 ;
;    Cell                   ;       ; 2     ; 0.392       ; 21         ; 0.000 ; 0.392 ;
;    Routing Element        ;       ; 10    ; 1.460       ; 79         ; 0.000 ; 0.325 ;
;  Required Path            ;       ;       ;             ;            ;       ;       ;
;   Clock                   ;       ;       ;             ;            ;       ;       ;
;    Clock Network (Lumped) ;       ; 1     ; 4.112       ; 100        ; 4.112 ; 4.112 ;
+---------------------------+-------+-------+-------------+------------+-------+-------+
Note: Negative delays are omitted from totals when calculating percentages

+---------------------------------------------------------------------------------------------------------------------------------------------------------------------------------------------------------------------------------------------------------------------+
; Data Arrival Path                                                                                                                                                                                                                                                   ;
+---------+---------+----+------+--------+--------------------------------------------+-------------------------------------------------------------------------------------------------------------------------------------------------------------------------------+
; Total   ; Incr    ; RF ; Type ; Fanout ; Location                                   ; Element                                                                                                                                                                       ;
+---------+---------+----+------+--------+--------------------------------------------+-------------------------------------------------------------------------------------------------------------------------------------------------------------------------------+
; 0.000   ; 0.000   ;    ;      ;        ;                                            ; launch edge time                                                                                                                                                              ;
; 0.000   ; 0.000   ;    ;      ;        ;                                            ; clock path                                                                                                                                                                    ;
;   0.000 ;   0.000 ; R  ;      ;        ;                                            ; clock network delay                                                                                                                                                           ;
; 1.852   ; 1.852   ;    ;      ;        ;                                            ; data path                                                                                                                                                                     ;
;   0.000 ;   0.000 ; RR ; CELL ; 108    ; FF_X18_Y50_N26                             ; u_soc|crypto_accelerator|u_core|u_puf|u_measurement_engine|u_controller|current_state.ST_MEASURE|q                                                                            ;
;   0.053 ;   0.053 ;    ; RE   ; 3      ; FF_X18_Y50_N26                             ; ARRIAV_FF                                                                                                                                                                     ;
;   0.230 ;   0.177 ;    ; RE   ; 10     ; LE_BUFFER_X18_Y50_N0_I17                   ; LE_BUFFER                                                                                                                                                                     ;
;   0.555 ;   0.325 ;    ; RE   ; 5      ; C4_X17_Y46_N0_I8                           ; V_SEG4                                                                                                                                                                        ;
;   0.739 ;   0.184 ;    ; RE   ; 3      ; C4_X17_Y42_N0_I8                           ; V_SEG4                                                                                                                                                                        ;
;   0.899 ;   0.160 ;    ; RE   ; 1      ; R3_X18_Y45_N0_I8                           ; H_SEG3                                                                                                                                                                        ;
;   1.122 ;   0.223 ;    ; RE   ; 1      ; R6_X21_Y45_N0_I4                           ; H_SEG6                                                                                                                                                                        ;
;   1.237 ;   0.115 ;    ; RE   ; 1      ; LOCAL_INTERCONNECT_X27_Y45_N0_I8           ; LAB_LINE                                                                                                                                                                      ;
;   1.460 ;   0.223 ;    ; RE   ; 1      ; BLOCK_INPUT_MUX_PASSTHROUGH_X27_Y45_N0_I81 ; LEIM                                                                                                                                                                          ;
;   1.460 ;   0.000 ;    ; RE   ; 1      ; LEIMSEL_X27_Y45_N0_I0                      ; LEIMSEL                                                                                                                                                                       ;
;   1.460 ;   0.000 ;    ; RE   ; 26     ; LAB_INPUT_X27_Y45_N0_I8                    ; LAB_INPUT                                                                                                                                                                     ;
;   1.460 ;   0.000 ; RR ; IC   ; 1      ; FF_X27_Y45_N20                             ; u_soc|crypto_accelerator|u_core|u_puf|u_measurement_engine|u_controller|measure_cnt[6]|sload                                                                                  ;
;   1.852 ;   0.392 ; RF ; CELL ; 1      ; FF_X27_Y45_N20                             ; soc:u_soc|axi_slave_top:crypto_accelerator|axi_slave_core:u_core|ro_puf_core:u_puf|measurement_engine:u_measurement_engine|measurement_controller:u_controller|measure_cnt[6] ;
+---------+---------+----+------+--------+--------------------------------------------+-------------------------------------------------------------------------------------------------------------------------------------------------------------------------------+

+-----------------------------------------------------------------------------------------------------------------------------------------------------------------------------------------------------------------------------------------+
; Data Required Path                                                                                                                                                                                                                      ;
+---------+---------+----+------+--------+----------------+-------------------------------------------------------------------------------------------------------------------------------------------------------------------------------+
; Total   ; Incr    ; RF ; Type ; Fanout ; Location       ; Element                                                                                                                                                                       ;
+---------+---------+----+------+--------+----------------+-------------------------------------------------------------------------------------------------------------------------------------------------------------------------------+
; 0.000   ; 0.000   ;    ;      ;        ;                ; latch edge time                                                                                                                                                               ;
; 4.112   ; 4.112   ;    ;      ;        ;                ; clock path                                                                                                                                                                    ;
;   4.112 ;   4.112 ; R  ;      ;        ;                ; clock network delay                                                                                                                                                           ;
; 4.332   ; 0.220   ;    ;      ;        ;                ; clock uncertainty                                                                                                                                                             ;
; 4.332   ; 0.000   ;    ; uTh  ; 1      ; FF_X27_Y45_N20 ; soc:u_soc|axi_slave_top:crypto_accelerator|axi_slave_core:u_core|ro_puf_core:u_puf|measurement_engine:u_measurement_engine|measurement_controller:u_controller|measure_cnt[6] ;
+---------+---------+----+------+--------+----------------+-------------------------------------------------------------------------------------------------------------------------------------------------------------------------------+

----------------------------
; Extra Fitter Information ;
----------------------------
HTML report is unavailable in plain text report export.


Path #20: Hold slack is -2.480 (VIOLATED)
===============================================================================
+--------------------------------------------------------------------------------------------------------------------------------------------------------------------------------------------------------------+
; Path Summary                                                                                                                                                                                                 ;
+--------------------+-----------------------------------------------------------------------------------------------------------------------------------------------------------------------------------------+
; Property           ; Value                                                                                                                                                                                   ;
+--------------------+-----------------------------------------------------------------------------------------------------------------------------------------------------------------------------------------+
; From Node          ; soc:u_soc|axi_slave_top:crypto_accelerator|axi_slave_core:u_core|ro_puf_core:u_puf|measurement_engine:u_measurement_engine|measurement_controller:u_controller|current_state.ST_MEASURE ;
; To Node            ; soc:u_soc|axi_slave_top:crypto_accelerator|axi_slave_core:u_core|ro_puf_core:u_puf|measurement_engine:u_measurement_engine|measurement_controller:u_controller|measure_cnt[12]          ;
; Launch Clock       ; soc:u_soc|axi_slave_top:crypto_accelerator|axi_slave_core:u_core|ro_puf_core:u_puf|measurement_engine:u_measurement_engine|measurement_controller:u_controller|current_state.ST_MEASURE ;
; Latch Clock        ; CLOCK_50                                                                                                                                                                                ;
; Data Arrival Time  ; 1.852                                                                                                                                                                                   ;
; Data Required Time ; 4.332                                                                                                                                                                                   ;
; Slack              ; -2.480 (VIOLATED)                                                                                                                                                                       ;
+--------------------+-----------------------------------------------------------------------------------------------------------------------------------------------------------------------------------------+

+--------------------------------------------------------------------------------------+
; Statistics                                                                           ;
+---------------------------+-------+-------+-------------+------------+-------+-------+
; Property                  ; Value ; Count ; Total Delay ; % of Total ; Min   ; Max   ;
+---------------------------+-------+-------+-------------+------------+-------+-------+
; Hold Relationship         ; 0.000 ;       ;             ;            ;       ;       ;
; Clock Skew                ; 4.112 ;       ;             ;            ;       ;       ;
; Data Delay                ; 1.852 ;       ;             ;            ;       ;       ;
; Number of Logic Levels    ;       ; 0     ;             ;            ;       ;       ;
; Physical Delays           ;       ;       ;             ;            ;       ;       ;
;  Arrival Path             ;       ;       ;             ;            ;       ;       ;
;   Clock                   ;       ;       ;             ;            ;       ;       ;
;    Clock Network (Lumped) ;       ; 1     ; 0.000       ;            ; 0.000 ; 0.000 ;
;   Data                    ;       ;       ;             ;            ;       ;       ;
;    IC                     ;       ; 1     ; 0.000       ; 0          ; 0.000 ; 0.000 ;
;    Cell                   ;       ; 2     ; 0.392       ; 21         ; 0.000 ; 0.392 ;
;    Routing Element        ;       ; 10    ; 1.460       ; 79         ; 0.000 ; 0.325 ;
;  Required Path            ;       ;       ;             ;            ;       ;       ;
;   Clock                   ;       ;       ;             ;            ;       ;       ;
;    Clock Network (Lumped) ;       ; 1     ; 4.112       ; 100        ; 4.112 ; 4.112 ;
+---------------------------+-------+-------+-------------+------------+-------+-------+
Note: Negative delays are omitted from totals when calculating percentages

+----------------------------------------------------------------------------------------------------------------------------------------------------------------------------------------------------------------------------------------------------------------------+
; Data Arrival Path                                                                                                                                                                                                                                                    ;
+---------+---------+----+------+--------+--------------------------------------------+--------------------------------------------------------------------------------------------------------------------------------------------------------------------------------+
; Total   ; Incr    ; RF ; Type ; Fanout ; Location                                   ; Element                                                                                                                                                                        ;
+---------+---------+----+------+--------+--------------------------------------------+--------------------------------------------------------------------------------------------------------------------------------------------------------------------------------+
; 0.000   ; 0.000   ;    ;      ;        ;                                            ; launch edge time                                                                                                                                                               ;
; 0.000   ; 0.000   ;    ;      ;        ;                                            ; clock path                                                                                                                                                                     ;
;   0.000 ;   0.000 ; R  ;      ;        ;                                            ; clock network delay                                                                                                                                                            ;
; 1.852   ; 1.852   ;    ;      ;        ;                                            ; data path                                                                                                                                                                      ;
;   0.000 ;   0.000 ; RR ; CELL ; 108    ; FF_X18_Y50_N26                             ; u_soc|crypto_accelerator|u_core|u_puf|u_measurement_engine|u_controller|current_state.ST_MEASURE|q                                                                             ;
;   0.053 ;   0.053 ;    ; RE   ; 3      ; FF_X18_Y50_N26                             ; ARRIAV_FF                                                                                                                                                                      ;
;   0.230 ;   0.177 ;    ; RE   ; 10     ; LE_BUFFER_X18_Y50_N0_I17                   ; LE_BUFFER                                                                                                                                                                      ;
;   0.555 ;   0.325 ;    ; RE   ; 5      ; C4_X17_Y46_N0_I8                           ; V_SEG4                                                                                                                                                                         ;
;   0.739 ;   0.184 ;    ; RE   ; 3      ; C4_X17_Y42_N0_I8                           ; V_SEG4                                                                                                                                                                         ;
;   0.899 ;   0.160 ;    ; RE   ; 1      ; R3_X18_Y45_N0_I8                           ; H_SEG3                                                                                                                                                                         ;
;   1.122 ;   0.223 ;    ; RE   ; 1      ; R6_X21_Y45_N0_I4                           ; H_SEG6                                                                                                                                                                         ;
;   1.237 ;   0.115 ;    ; RE   ; 1      ; LOCAL_INTERCONNECT_X27_Y45_N0_I8           ; LAB_LINE                                                                                                                                                                       ;
;   1.460 ;   0.223 ;    ; RE   ; 1      ; BLOCK_INPUT_MUX_PASSTHROUGH_X27_Y45_N0_I81 ; LEIM                                                                                                                                                                           ;
;   1.460 ;   0.000 ;    ; RE   ; 1      ; LEIMSEL_X27_Y45_N0_I0                      ; LEIMSEL                                                                                                                                                                        ;
;   1.460 ;   0.000 ;    ; RE   ; 26     ; LAB_INPUT_X27_Y45_N0_I8                    ; LAB_INPUT                                                                                                                                                                      ;
;   1.460 ;   0.000 ; RR ; IC   ; 1      ; FF_X27_Y45_N38                             ; u_soc|crypto_accelerator|u_core|u_puf|u_measurement_engine|u_controller|measure_cnt[12]|sload                                                                                  ;
;   1.852 ;   0.392 ; RF ; CELL ; 1      ; FF_X27_Y45_N38                             ; soc:u_soc|axi_slave_top:crypto_accelerator|axi_slave_core:u_core|ro_puf_core:u_puf|measurement_engine:u_measurement_engine|measurement_controller:u_controller|measure_cnt[12] ;
+---------+---------+----+------+--------+--------------------------------------------+--------------------------------------------------------------------------------------------------------------------------------------------------------------------------------+

+------------------------------------------------------------------------------------------------------------------------------------------------------------------------------------------------------------------------------------------+
; Data Required Path                                                                                                                                                                                                                       ;
+---------+---------+----+------+--------+----------------+--------------------------------------------------------------------------------------------------------------------------------------------------------------------------------+
; Total   ; Incr    ; RF ; Type ; Fanout ; Location       ; Element                                                                                                                                                                        ;
+---------+---------+----+------+--------+----------------+--------------------------------------------------------------------------------------------------------------------------------------------------------------------------------+
; 0.000   ; 0.000   ;    ;      ;        ;                ; latch edge time                                                                                                                                                                ;
; 4.112   ; 4.112   ;    ;      ;        ;                ; clock path                                                                                                                                                                     ;
;   4.112 ;   4.112 ; R  ;      ;        ;                ; clock network delay                                                                                                                                                            ;
; 4.332   ; 0.220   ;    ;      ;        ;                ; clock uncertainty                                                                                                                                                              ;
; 4.332   ; 0.000   ;    ; uTh  ; 1      ; FF_X27_Y45_N38 ; soc:u_soc|axi_slave_top:crypto_accelerator|axi_slave_core:u_core|ro_puf_core:u_puf|measurement_engine:u_measurement_engine|measurement_controller:u_controller|measure_cnt[12] ;
+---------+---------+----+------+--------+----------------+--------------------------------------------------------------------------------------------------------------------------------------------------------------------------------+

----------------------------
; Extra Fitter Information ;
----------------------------
HTML report is unavailable in plain text report export.


