----------------
; Command Info ;
----------------
Report Timing: Found 20 setup paths (20 violated).  Worst case slack is -24.471 

Tcl Command:
    report_timing -setup -show_routing -file critical_setup.rpt -npaths 20 -detail path_only

Options:
    -setup 
    -npaths 20 
    -show_routing 
    -detail path_only 
    -file {critical_setup.rpt} 

Delay Model:
    Slow 1100mV 85C Model

+-----------------------------------------------------------------------------------------------------------------------------------------------------------------------------------------------------------------------------------------------------------------+
; Summary of Paths                                                                                                                                                                                                                                                ;
+---------+--------------------------------------------------------------------------------------+------------------------------------------------------------------------------------------+--------------+-------------+--------------+------------+------------+
; Slack   ; From Node                                                                            ; To Node                                                                                  ; Launch Clock ; Latch Clock ; Relationship ; Clock Skew ; Data Delay ;
+---------+--------------------------------------------------------------------------------------+------------------------------------------------------------------------------------------+--------------+-------------+--------------+------------+------------+
; -24.471 ; soc:u_soc|axi_slave_top:crypto_accelerator|axi_slave_core:u_core|aes:u_aes|kexp_i[1] ; soc:u_soc|axi_slave_top:crypto_accelerator|axi_slave_core:u_core|aes:u_aes|buf_a_f[5][7] ; CLOCK_50     ; CLOCK_50    ; 1.000        ; -0.423     ; 24.878     ;
; -24.422 ; soc:u_soc|axi_slave_top:crypto_accelerator|axi_slave_core:u_core|aes:u_aes|kexp_i[1] ; soc:u_soc|axi_slave_top:crypto_accelerator|axi_slave_core:u_core|aes:u_aes|buf_a_f[5][7] ; CLOCK_50     ; CLOCK_50    ; 1.000        ; -0.423     ; 24.829     ;
; -24.394 ; soc:u_soc|axi_slave_top:crypto_accelerator|axi_slave_core:u_core|aes:u_aes|kexp_i[1] ; soc:u_soc|axi_slave_top:crypto_accelerator|axi_slave_core:u_core|aes:u_aes|buf_a_f[5][7] ; CLOCK_50     ; CLOCK_50    ; 1.000        ; -0.423     ; 24.801     ;
; -24.393 ; soc:u_soc|axi_slave_top:crypto_accelerator|axi_slave_core:u_core|aes:u_aes|kexp_i[1] ; soc:u_soc|axi_slave_top:crypto_accelerator|axi_slave_core:u_core|aes:u_aes|buf_a_f[5][7] ; CLOCK_50     ; CLOCK_50    ; 1.000        ; -0.423     ; 24.800     ;
; -24.388 ; soc:u_soc|axi_slave_top:crypto_accelerator|axi_slave_core:u_core|aes:u_aes|kexp_i[1] ; soc:u_soc|axi_slave_top:crypto_accelerator|axi_slave_core:u_core|aes:u_aes|buf_a_f[5][7] ; CLOCK_50     ; CLOCK_50    ; 1.000        ; -0.423     ; 24.795     ;
; -24.372 ; soc:u_soc|axi_slave_top:crypto_accelerator|axi_slave_core:u_core|aes:u_aes|kexp_i[1] ; soc:u_soc|axi_slave_top:crypto_accelerator|axi_slave_core:u_core|aes:u_aes|buf_a_f[5][7] ; CLOCK_50     ; CLOCK_50    ; 1.000        ; -0.423     ; 24.779     ;
; -24.363 ; soc:u_soc|axi_slave_top:crypto_accelerator|axi_slave_core:u_core|aes:u_aes|kexp_i[1] ; soc:u_soc|axi_slave_top:crypto_accelerator|axi_slave_core:u_core|aes:u_aes|buf_a_f[0][7] ; CLOCK_50     ; CLOCK_50    ; 1.000        ; -0.438     ; 24.755     ;
; -24.354 ; soc:u_soc|axi_slave_top:crypto_accelerator|axi_slave_core:u_core|aes:u_aes|kexp_i[1] ; soc:u_soc|axi_slave_top:crypto_accelerator|axi_slave_core:u_core|aes:u_aes|buf_a_f[5][7] ; CLOCK_50     ; CLOCK_50    ; 1.000        ; -0.423     ; 24.761     ;
; -24.351 ; soc:u_soc|axi_slave_top:crypto_accelerator|axi_slave_core:u_core|aes:u_aes|kexp_i[1] ; soc:u_soc|axi_slave_top:crypto_accelerator|axi_slave_core:u_core|aes:u_aes|buf_a_f[5][7] ; CLOCK_50     ; CLOCK_50    ; 1.000        ; -0.423     ; 24.758     ;
; -24.342 ; soc:u_soc|axi_slave_top:crypto_accelerator|axi_slave_core:u_core|aes:u_aes|kexp_i[1] ; soc:u_soc|axi_slave_top:crypto_accelerator|axi_slave_core:u_core|aes:u_aes|buf_a_f[5][7] ; CLOCK_50     ; CLOCK_50    ; 1.000        ; -0.423     ; 24.749     ;
; -24.339 ; soc:u_soc|axi_slave_top:crypto_accelerator|axi_slave_core:u_core|aes:u_aes|kexp_i[1] ; soc:u_soc|axi_slave_top:crypto_accelerator|axi_slave_core:u_core|aes:u_aes|buf_a_f[5][7] ; CLOCK_50     ; CLOCK_50    ; 1.000        ; -0.423     ; 24.746     ;
; -24.338 ; soc:u_soc|axi_slave_top:crypto_accelerator|axi_slave_core:u_core|aes:u_aes|kexp_i[1] ; soc:u_soc|axi_slave_top:crypto_accelerator|axi_slave_core:u_core|aes:u_aes|buf_a_f[5][7] ; CLOCK_50     ; CLOCK_50    ; 1.000        ; -0.423     ; 24.745     ;
; -24.323 ; soc:u_soc|axi_slave_top:crypto_accelerator|axi_slave_core:u_core|aes:u_aes|kexp_i[1] ; soc:u_soc|axi_slave_top:crypto_accelerator|axi_slave_core:u_core|aes:u_aes|buf_a_f[5][7] ; CLOCK_50     ; CLOCK_50    ; 1.000        ; -0.423     ; 24.730     ;
; -24.318 ; soc:u_soc|axi_slave_top:crypto_accelerator|axi_slave_core:u_core|aes:u_aes|kexp_i[1] ; soc:u_soc|axi_slave_top:crypto_accelerator|axi_slave_core:u_core|aes:u_aes|buf_a_f[5][7] ; CLOCK_50     ; CLOCK_50    ; 1.000        ; -0.423     ; 24.725     ;
; -24.314 ; soc:u_soc|axi_slave_top:crypto_accelerator|axi_slave_core:u_core|aes:u_aes|kexp_i[1] ; soc:u_soc|axi_slave_top:crypto_accelerator|axi_slave_core:u_core|aes:u_aes|buf_a_f[0][7] ; CLOCK_50     ; CLOCK_50    ; 1.000        ; -0.438     ; 24.706     ;
; -24.311 ; soc:u_soc|axi_slave_top:crypto_accelerator|axi_slave_core:u_core|aes:u_aes|kexp_i[1] ; soc:u_soc|axi_slave_top:crypto_accelerator|axi_slave_core:u_core|aes:u_aes|buf_a_f[5][7] ; CLOCK_50     ; CLOCK_50    ; 1.000        ; -0.423     ; 24.718     ;
; -24.310 ; soc:u_soc|axi_slave_top:crypto_accelerator|axi_slave_core:u_core|aes:u_aes|kexp_i[1] ; soc:u_soc|axi_slave_top:crypto_accelerator|axi_slave_core:u_core|aes:u_aes|buf_a_f[5][7] ; CLOCK_50     ; CLOCK_50    ; 1.000        ; -0.423     ; 24.717     ;
; -24.305 ; soc:u_soc|axi_slave_top:crypto_accelerator|axi_slave_core:u_core|aes:u_aes|kexp_i[1] ; soc:u_soc|axi_slave_top:crypto_accelerator|axi_slave_core:u_core|aes:u_aes|buf_a_f[5][7] ; CLOCK_50     ; CLOCK_50    ; 1.000        ; -0.423     ; 24.712     ;
; -24.304 ; soc:u_soc|axi_slave_top:crypto_accelerator|axi_slave_core:u_core|aes:u_aes|kexp_i[1] ; soc:u_soc|axi_slave_top:crypto_accelerator|axi_slave_core:u_core|aes:u_aes|buf_a_f[5][7] ; CLOCK_50     ; CLOCK_50    ; 1.000        ; -0.423     ; 24.711     ;
; -24.295 ; soc:u_soc|axi_slave_top:crypto_accelerator|axi_slave_core:u_core|aes:u_aes|kexp_i[1] ; soc:u_soc|axi_slave_top:crypto_accelerator|axi_slave_core:u_core|aes:u_aes|buf_a_f[5][7] ; CLOCK_50     ; CLOCK_50    ; 1.000        ; -0.423     ; 24.702     ;
+---------+--------------------------------------------------------------------------------------+------------------------------------------------------------------------------------------+--------------+-------------+--------------+------------+------------+

Path #1: Setup slack is -24.471 (VIOLATED)
===============================================================================
+---------------------------------------------------------------------------------------------------------------+
; Path Summary                                                                                                  ;
+--------------------+------------------------------------------------------------------------------------------+
; Property           ; Value                                                                                    ;
+--------------------+------------------------------------------------------------------------------------------+
; From Node          ; soc:u_soc|axi_slave_top:crypto_accelerator|axi_slave_core:u_core|aes:u_aes|kexp_i[1]     ;
; To Node            ; soc:u_soc|axi_slave_top:crypto_accelerator|axi_slave_core:u_core|aes:u_aes|buf_a_f[5][7] ;
; Launch Clock       ; CLOCK_50                                                                                 ;
; Latch Clock        ; CLOCK_50                                                                                 ;
; Data Arrival Time  ; 28.937                                                                                   ;
; Data Required Time ; 4.466                                                                                    ;
; Slack              ; -24.471 (VIOLATED)                                                                       ;
+--------------------+------------------------------------------------------------------------------------------+

+----------------------------------------------------------------------------------------+
; Statistics                                                                             ;
+---------------------------+--------+-------+-------------+------------+--------+-------+
; Property                  ; Value  ; Count ; Total Delay ; % of Total ; Min    ; Max   ;
+---------------------------+--------+-------+-------------+------------+--------+-------+
; Setup Relationship        ; 1.000  ;       ;             ;            ;        ;       ;
; Clock Skew                ; -0.423 ;       ;             ;            ;        ;       ;
; Data Delay                ; 24.878 ;       ;             ;            ;        ;       ;
; Number of Logic Levels    ;        ; 32    ;             ;            ;        ;       ;
; Physical Delays           ;        ;       ;             ;            ;        ;       ;
;  Arrival Path             ;        ;       ;             ;            ;        ;       ;
;   Clock                   ;        ;       ;             ;            ;        ;       ;
;    Clock Network (Lumped) ;        ; 1     ; 4.059       ; 100        ; 4.059  ; 4.059 ;
;   Data                    ;        ;       ;             ;            ;        ;       ;
;    IC                     ;        ; 33    ; 0.001       ; 0          ; -0.001 ; 0.001 ;
;    Cell                   ;        ; 34    ; 8.401       ; 34         ; 0.000  ; 0.515 ;
;    uTco                   ;        ; 1     ; 0.000       ; 0          ; 0.000  ; 0.000 ;
;    Routing Element        ;        ; 152   ; 16.476      ; 66         ; 0.000  ; 0.401 ;
;  Required Path            ;        ;       ;             ;            ;        ;       ;
;   Clock                   ;        ;       ;             ;            ;        ;       ;
;    Clock Network (Lumped) ;        ; 1     ; 3.580       ; 100        ; 3.580  ; 3.580 ;
+---------------------------+--------+-------+-------------+------------+--------+-------+
Note: Negative delays are omitted from totals when calculating percentages

+------------------------------------------------------------------------------------------------------------------------------------------------------------------------------------+
; Data Arrival Path                                                                                                                                                                  ;
+----------+----------+----+------+--------+-------------------------------------------+---------------------------------------------------------------------------------------------+
; Total    ; Incr     ; RF ; Type ; Fanout ; Location                                  ; Element                                                                                     ;
+----------+----------+----+------+--------+-------------------------------------------+---------------------------------------------------------------------------------------------+
; 0.000    ; 0.000    ;    ;      ;        ;                                           ; launch edge time                                                                            ;
; 4.059    ; 4.059    ;    ;      ;        ;                                           ; clock path                                                                                  ;
;   4.059  ;   4.059  ; R  ;      ;        ;                                           ; clock network delay                                                                         ;
; 28.937   ; 24.878   ;    ;      ;        ;                                           ; data path                                                                                   ;
;   4.059  ;   0.000  ;    ; uTco ; 1      ; FF_X30_Y23_N2                             ; soc:u_soc|axi_slave_top:crypto_accelerator|axi_slave_core:u_core|aes:u_aes|kexp_i[1]        ;
;   4.059  ;   0.000  ; FF ; CELL ; 239    ; FF_X30_Y23_N2                             ; u_soc|crypto_accelerator|u_core|u_aes|kexp_i[1]|q                                           ;
;   4.109  ;   0.050  ;    ; RE   ; 3      ; FF_X30_Y23_N2                             ; ARRIAV_FF                                                                                   ;
;   4.197  ;   0.088  ;    ; RE   ; 5      ; LE_BUFFER_X30_Y23_N0_I1                   ; LE_BUFFER                                                                                   ;
;   4.598  ;   0.401  ;    ; RE   ; 8      ; R6_X30_Y23_N0_I11                         ; H_SEG6                                                                                      ;
;   4.941  ;   0.343  ;    ; RE   ; 3      ; R6_X35_Y23_N0_I10                         ; H_SEG6                                                                                      ;
;   5.177  ;   0.236  ;    ; RE   ; 2      ; LOCAL_INTERCONNECT_X36_Y23_N0_I1          ; LAB_LINE                                                                                    ;
;   5.299  ;   0.122  ;    ; RE   ; 1      ; BLOCK_INPUT_MUX_X36_Y23_N0_I64            ; LEIM_INPUT                                                                                  ;
;   5.299  ;   0.000  ; FF ; IC   ; 1      ; LABCELL_X36_Y23_N48                       ; u_soc|crypto_accelerator|u_core|u_aes|sb_in_f~20|datad                                      ;
;   5.587  ;   0.288  ; FF ; CELL ; 3      ; LABCELL_X36_Y23_N48                       ; u_soc|crypto_accelerator|u_core|u_aes|sb_in_f~20|combout                                    ;
;   5.587  ;   0.000  ;    ; RE   ; 2      ; LABCELL_X36_Y23_N48                       ; ARRIAV_LCELL_COMB                                                                           ;
;   5.664  ;   0.077  ;    ; RE   ; 1      ; LOCAL_LINE_X36_Y23_N0_I16                 ; LOCAL_LINE                                                                                  ;
;   5.785  ;   0.121  ;    ; RE   ; 1      ; BLOCK_INPUT_MUX_X36_Y23_N0_I28            ; LEIM_INPUT                                                                                  ;
;   5.785  ;   0.000  ; FF ; IC   ; 1      ; LABCELL_X36_Y23_N18                       ; u_soc|crypto_accelerator|u_core|u_aes|sb_in_f~22|datac                                      ;
;   6.202  ;   0.417  ; FF ; CELL ; 48     ; LABCELL_X36_Y23_N18                       ; u_soc|crypto_accelerator|u_core|u_aes|sb_in_f~22|combout                                    ;
;   6.202  ;   0.000  ;    ; RE   ; 2      ; LABCELL_X36_Y23_N18                       ; ARRIAV_LCELL_COMB                                                                           ;
;   6.299  ;   0.097  ;    ; RE   ; 2      ; LE_BUFFER_X36_Y23_N0_I13                  ; LE_BUFFER                                                                                   ;
;   6.497  ;   0.198  ;    ; RE   ; 2      ; R3_X36_Y23_N0_I1                          ; H_SEG3                                                                                      ;
;   6.497  ;   0.000  ;    ; RE   ; 2      ; R14_C12_INTERCONNECT_DRIVER_X36_Y23_N0_I1 ; WIRE_MUX                                                                                    ;
;   6.740  ;   0.243  ;    ; RE   ; 2      ; R14_X23_Y23_N0_I1                         ; H_SEG14                                                                                     ;
;   6.966  ;   0.226  ;    ; RE   ; 1      ; C2_X22_Y21_N0_I15                         ; V_SEG2                                                                                      ;
;   7.290  ;   0.324  ;    ; RE   ; 1      ; R6_X17_Y21_N0_I26                         ; H_SEG6                                                                                      ;
;   7.504  ;   0.214  ;    ; RE   ; 3      ; LOCAL_INTERCONNECT_X19_Y21_N0_I12         ; LAB_LINE                                                                                    ;
;   7.618  ;   0.114  ;    ; RE   ; 1      ; BLOCK_INPUT_MUX_X19_Y21_N0_I71            ; LEIM_INPUT                                                                                  ;
;   7.618  ;   0.000  ; FF ; IC   ; 1      ; LABCELL_X19_Y21_N51                       ; u_soc|crypto_accelerator|u_core|u_aes|sb_in_f~545|dataf                                     ;
;   7.689  ;   0.071  ; FF ; CELL ; 1      ; LABCELL_X19_Y21_N51                       ; u_soc|crypto_accelerator|u_core|u_aes|sb_in_f~545|combout                                   ;
;   7.689  ;   0.000  ;    ; RE   ; 1      ; LABCELL_X19_Y21_N51                       ; ARRIAV_LCELL_COMB                                                                           ;
;   7.745  ;   0.056  ;    ; RE   ; 1      ; LE_BUFFER_X19_Y21_N0_I34                  ; LE_BUFFER                                                                                   ;
;   7.885  ;   0.140  ;    ; RE   ; 1      ; R3_X17_Y21_N0_I21                         ; H_SEG3                                                                                      ;
;   7.885  ;   0.000  ;    ; RE   ; 1      ; R14_C12_INTERCONNECT_DRIVER_X19_Y21_N0_I2 ; WIRE_MUX                                                                                    ;
;   8.123  ;   0.238  ;    ; RE   ; 1      ; R14_X20_Y21_N0_I0                         ; H_SEG14                                                                                     ;
;   8.332  ;   0.209  ;    ; RE   ; 1      ; C2_X30_Y22_N0_I7                          ; V_SEG2                                                                                      ;
;   8.509  ;   0.177  ;    ; RE   ; 1      ; R6_X31_Y22_N0_I16                         ; H_SEG6                                                                                      ;
;   8.677  ;   0.168  ;    ; RE   ; 1      ; LOCAL_INTERCONNECT_X31_Y22_N0_I16         ; LAB_LINE                                                                                    ;
;   8.784  ;   0.107  ;    ; RE   ; 1      ; BLOCK_INPUT_MUX_X31_Y22_N0_I56            ; LEIM_INPUT                                                                                  ;
;   8.784  ;   0.000  ; FF ; IC   ; 1      ; LABCELL_X31_Y22_N42                       ; u_soc|crypto_accelerator|u_core|u_aes|sb_in_f~761|datad                                     ;
;   9.086  ;   0.302  ; FR ; CELL ; 1      ; LABCELL_X31_Y22_N42                       ; u_soc|crypto_accelerator|u_core|u_aes|sb_in_f~761|combout                                   ;
;   9.086  ;   0.000  ;    ; RE   ; 1      ; LABCELL_X31_Y22_N42                       ; ARRIAV_LCELL_COMB                                                                           ;
;   9.174  ;   0.088  ;    ; RE   ; 1      ; LOCAL_LINE_X31_Y22_N0_I14                 ; LOCAL_LINE                                                                                  ;
;   9.279  ;   0.105  ;    ; RE   ; 1      ; BLOCK_INPUT_MUX_X31_Y22_N0_I65            ; LEIM_INPUT                                                                                  ;
;   9.279  ;   0.000  ; RR ; IC   ; 1      ; LABCELL_X31_Y22_N48                       ; u_soc|crypto_accelerator|u_core|u_aes|sb_in_f~546|dataf                                     ;
;   9.357  ;   0.078  ; RR ; CELL ; 1      ; LABCELL_X31_Y22_N48                       ; u_soc|crypto_accelerator|u_core|u_aes|sb_in_f~546|combout                                   ;
;   9.357  ;   0.000  ;    ; RE   ; 1      ; LABCELL_X31_Y22_N48                       ; ARRIAV_LCELL_COMB                                                                           ;
;   9.457  ;   0.100  ;    ; RE   ; 1      ; LOCAL_LINE_X31_Y22_N0_I16                 ; LOCAL_LINE                                                                                  ;
;   9.564  ;   0.107  ;    ; RE   ; 1      ; BLOCK_INPUT_MUX_X31_Y22_N0_I17            ; LEIM_INPUT                                                                                  ;
;   9.564  ;   0.000  ; RR ; IC   ; 1      ; LABCELL_X31_Y22_N12                       ; u_soc|crypto_accelerator|u_core|u_aes|sb_in_f~548|dataf                                     ;
;   9.648  ;   0.084  ; RF ; CELL ; 1      ; LABCELL_X31_Y22_N12                       ; u_soc|crypto_accelerator|u_core|u_aes|sb_in_f~548|combout                                   ;
;   9.648  ;   0.000  ;    ; RE   ; 1      ; LABCELL_X31_Y22_N12                       ; ARRIAV_LCELL_COMB                                                                           ;
;   9.730  ;   0.082  ;    ; RE   ; 1      ; LOCAL_LINE_X31_Y22_N0_I4                  ; LOCAL_LINE                                                                                  ;
;   9.855  ;   0.125  ;    ; RE   ; 1      ; BLOCK_INPUT_MUX_X31_Y22_N0_I55            ; LEIM_INPUT                                                                                  ;
;   9.855  ;   0.000  ; FF ; IC   ; 1      ; LABCELL_X31_Y22_N39                       ; u_soc|crypto_accelerator|u_core|u_aes|sb_in_f~550|dataf                                     ;
;   9.926  ;   0.071  ; FF ; CELL ; 1      ; LABCELL_X31_Y22_N39                       ; u_soc|crypto_accelerator|u_core|u_aes|sb_in_f~550|combout                                   ;
;   9.926  ;   0.000  ;    ; RE   ; 1      ; LABCELL_X31_Y22_N39                       ; ARRIAV_LCELL_COMB                                                                           ;
;   9.995  ;   0.069  ;    ; RE   ; 1      ; LE_BUFFER_X31_Y22_N0_I27                  ; LE_BUFFER                                                                                   ;
;   10.173 ;   0.178  ;    ; RE   ; 1      ; C2_X30_Y20_N0_I14                         ; V_SEG2                                                                                      ;
;   10.381 ;   0.208  ;    ; RE   ; 1      ; C2_X30_Y18_N0_I14                         ; V_SEG2                                                                                      ;
;   10.747 ;   0.366  ;    ; RE   ; 1      ; R6_X31_Y18_N0_I5                          ; H_SEG6                                                                                      ;
;   10.991 ;   0.244  ;    ; RE   ; 1      ; LOCAL_INTERCONNECT_X36_Y18_N0_I39         ; LAB_LINE                                                                                    ;
;   11.107 ;   0.116  ;    ; RE   ; 1      ; BLOCK_INPUT_MUX_X36_Y18_N0_I9             ; LEIM_INPUT                                                                                  ;
;   11.107 ;   0.000  ; FF ; IC   ; 1      ; LABCELL_X36_Y18_N6                        ; u_soc|crypto_accelerator|u_core|u_aes|sb_in_f~553|dataf                                     ;
;   11.189 ;   0.082  ; FR ; CELL ; 1      ; LABCELL_X36_Y18_N6                        ; u_soc|crypto_accelerator|u_core|u_aes|sb_in_f~553|combout                                   ;
;   11.189 ;   0.000  ;    ; RE   ; 1      ; LABCELL_X36_Y18_N6                        ; ARRIAV_LCELL_COMB                                                                           ;
;   11.292 ;   0.103  ;    ; RE   ; 1      ; LOCAL_LINE_X36_Y18_N0_I2                  ; LOCAL_LINE                                                                                  ;
;   11.399 ;   0.107  ;    ; RE   ; 1      ; BLOCK_INPUT_MUX_X36_Y18_N0_I65            ; LEIM_INPUT                                                                                  ;
;   11.399 ;   0.000  ; RR ; IC   ; 1      ; LABCELL_X36_Y18_N48                       ; u_soc|crypto_accelerator|u_core|u_aes|sb_in_f~555|dataf                                     ;
;   11.477 ;   0.078  ; RR ; CELL ; 1      ; LABCELL_X36_Y18_N48                       ; u_soc|crypto_accelerator|u_core|u_aes|sb_in_f~555|combout                                   ;
;   11.477 ;   0.000  ;    ; RE   ; 1      ; LABCELL_X36_Y18_N48                       ; ARRIAV_LCELL_COMB                                                                           ;
;   11.570 ;   0.093  ;    ; RE   ; 1      ; LOCAL_LINE_X36_Y18_N0_I16                 ; LOCAL_LINE                                                                                  ;
;   11.675 ;   0.105  ;    ; RE   ; 1      ; BLOCK_INPUT_MUX_X36_Y18_N0_I41            ; LEIM_INPUT                                                                                  ;
;   11.675 ;   0.000  ; RR ; IC   ; 1      ; LABCELL_X36_Y18_N30                       ; u_soc|crypto_accelerator|u_core|u_aes|sb_in_f~557|dataf                                     ;
;   11.753 ;   0.078  ; RR ; CELL ; 1      ; LABCELL_X36_Y18_N30                       ; u_soc|crypto_accelerator|u_core|u_aes|sb_in_f~557|combout                                   ;
;   11.753 ;   0.000  ;    ; RE   ; 1      ; LABCELL_X36_Y18_N30                       ; ARRIAV_LCELL_COMB                                                                           ;
;   11.865 ;   0.112  ;    ; RE   ; 1      ; LOCAL_LINE_X36_Y18_N0_I10                 ; LOCAL_LINE                                                                                  ;
;   11.971 ;   0.106  ;    ; RE   ; 1      ; BLOCK_INPUT_MUX_X36_Y18_N0_I17            ; LEIM_INPUT                                                                                  ;
;   11.972 ;   0.001  ; RR ; IC   ; 1      ; LABCELL_X36_Y18_N12                       ; u_soc|crypto_accelerator|u_core|u_aes|sb_in_f~559|dataf                                     ;
;   12.050 ;   0.078  ; RR ; CELL ; 1      ; LABCELL_X36_Y18_N12                       ; u_soc|crypto_accelerator|u_core|u_aes|sb_in_f~559|combout                                   ;
;   12.050 ;   0.000  ;    ; RE   ; 1      ; LABCELL_X36_Y18_N12                       ; ARRIAV_LCELL_COMB                                                                           ;
;   12.142 ;   0.092  ;    ; RE   ; 1      ; LOCAL_LINE_X36_Y18_N0_I4                  ; LOCAL_LINE                                                                                  ;
;   12.248 ;   0.106  ;    ; RE   ; 1      ; BLOCK_INPUT_MUX_X36_Y18_N0_I25            ; LEIM_INPUT                                                                                  ;
;   12.248 ;   0.000  ; RR ; IC   ; 1      ; LABCELL_X36_Y18_N18                       ; u_soc|crypto_accelerator|u_core|u_aes|sb_in_f~561|dataf                                     ;
;   12.325 ;   0.077  ; RR ; CELL ; 1      ; LABCELL_X36_Y18_N18                       ; u_soc|crypto_accelerator|u_core|u_aes|sb_in_f~561|combout                                   ;
;   12.325 ;   0.000  ;    ; RE   ; 1      ; LABCELL_X36_Y18_N18                       ; ARRIAV_LCELL_COMB                                                                           ;
;   12.434 ;   0.109  ;    ; RE   ; 1      ; LE_BUFFER_X36_Y18_N0_I13                  ; LE_BUFFER                                                                                   ;
;   12.538 ;   0.104  ;    ; RE   ; 1      ; LOCAL_INTERCONNECT_X35_Y18_N0_I36         ; LAB_LINE                                                                                    ;
;   12.641 ;   0.103  ;    ; RE   ; 1      ; BLOCK_INPUT_MUX_X35_Y18_N0_I33            ; LEIM_INPUT                                                                                  ;
;   12.642 ;   0.001  ; RR ; IC   ; 1      ; LABCELL_X35_Y18_N24                       ; u_soc|crypto_accelerator|u_core|u_aes|sb_in_f~563|dataf                                     ;
;   12.720 ;   0.078  ; RR ; CELL ; 1      ; LABCELL_X35_Y18_N24                       ; u_soc|crypto_accelerator|u_core|u_aes|sb_in_f~563|combout                                   ;
;   12.720 ;   0.000  ;    ; RE   ; 1      ; LABCELL_X35_Y18_N24                       ; ARRIAV_LCELL_COMB                                                                           ;
;   12.809 ;   0.089  ;    ; RE   ; 1      ; LOCAL_LINE_X35_Y18_N0_I8                  ; LOCAL_LINE                                                                                  ;
;   12.913 ;   0.104  ;    ; RE   ; 1      ; BLOCK_INPUT_MUX_X35_Y18_N0_I25            ; LEIM_INPUT                                                                                  ;
;   12.913 ;   0.000  ; RR ; IC   ; 1      ; LABCELL_X35_Y18_N18                       ; u_soc|crypto_accelerator|u_core|u_aes|sb_in_f~565|dataf                                     ;
;   12.990 ;   0.077  ; RR ; CELL ; 1      ; LABCELL_X35_Y18_N18                       ; u_soc|crypto_accelerator|u_core|u_aes|sb_in_f~565|combout                                   ;
;   12.990 ;   0.000  ;    ; RE   ; 1      ; LABCELL_X35_Y18_N18                       ; ARRIAV_LCELL_COMB                                                                           ;
;   13.075 ;   0.085  ;    ; RE   ; 1      ; LE_BUFFER_X35_Y18_N0_I13                  ; LE_BUFFER                                                                                   ;
;   13.182 ;   0.107  ;    ; RE   ; 1      ; LOCAL_INTERCONNECT_X34_Y18_N0_I36         ; LAB_LINE                                                                                    ;
;   13.286 ;   0.104  ;    ; RE   ; 1      ; BLOCK_INPUT_MUX_X34_Y18_N0_I1             ; LEIM_INPUT                                                                                  ;
;   13.287 ;   0.001  ; RR ; IC   ; 1      ; MLABCELL_X34_Y18_N0                       ; u_soc|crypto_accelerator|u_core|u_aes|sb_in_f~567|dataf                                     ;
;   13.364 ;   0.077  ; RR ; CELL ; 1      ; MLABCELL_X34_Y18_N0                       ; u_soc|crypto_accelerator|u_core|u_aes|sb_in_f~567|combout                                   ;
;   13.364 ;   0.000  ;    ; RE   ; 1      ; MLABCELL_X34_Y18_N0                       ; ARRIAV_LCELL_COMB                                                                           ;
;   13.469 ;   0.105  ;    ; RE   ; 1      ; LE_BUFFER_X34_Y18_N0_I1                   ; LE_BUFFER                                                                                   ;
;   13.647 ;   0.178  ;    ; RE   ; 1      ; C2_X33_Y16_N0_I18                         ; V_SEG2                                                                                      ;
;   13.831 ;   0.184  ;    ; RE   ; 1      ; R3_X31_Y17_N0_I20                         ; H_SEG3                                                                                      ;
;   13.970 ;   0.139  ;    ; RE   ; 1      ; LOCAL_INTERCONNECT_X31_Y17_N0_I28         ; LAB_LINE                                                                                    ;
;   14.073 ;   0.103  ;    ; RE   ; 1      ; BLOCK_INPUT_MUX_X31_Y17_N0_I17            ; LEIM_INPUT                                                                                  ;
;   14.072 ;   -0.001 ; RR ; IC   ; 1      ; LABCELL_X31_Y17_N12                       ; u_soc|crypto_accelerator|u_core|u_aes|sb_in_f~569|dataf                                     ;
;   14.150 ;   0.078  ; RR ; CELL ; 1      ; LABCELL_X31_Y17_N12                       ; u_soc|crypto_accelerator|u_core|u_aes|sb_in_f~569|combout                                   ;
;   14.150 ;   0.000  ;    ; RE   ; 1      ; LABCELL_X31_Y17_N12                       ; ARRIAV_LCELL_COMB                                                                           ;
;   14.247 ;   0.097  ;    ; RE   ; 1      ; LOCAL_LINE_X31_Y17_N0_I4                  ; LOCAL_LINE                                                                                  ;
;   14.353 ;   0.106  ;    ; RE   ; 1      ; BLOCK_INPUT_MUX_X31_Y17_N0_I1             ; LEIM_INPUT                                                                                  ;
;   14.353 ;   0.000  ; RR ; IC   ; 1      ; LABCELL_X31_Y17_N0                        ; u_soc|crypto_accelerator|u_core|u_aes|Selector4548~1|dataf                                  ;
;   14.439 ;   0.086  ; RF ; CELL ; 4      ; LABCELL_X31_Y17_N0                        ; u_soc|crypto_accelerator|u_core|u_aes|Selector4548~1|combout                                ;
;   14.439 ;   0.000  ;    ; RE   ; 2      ; LABCELL_X31_Y17_N0                        ; ARRIAV_LCELL_COMB                                                                           ;
;   14.494 ;   0.055  ;    ; RE   ; 1      ; LE_BUFFER_X31_Y17_N0_I0                   ; LE_BUFFER                                                                                   ;
;   14.644 ;   0.150  ;    ; RE   ; 1      ; R6_X26_Y17_N0_I22                         ; H_SEG6                                                                                      ;
;   14.831 ;   0.187  ;    ; RE   ; 1      ; LOCAL_INTERCONNECT_X31_Y17_N0_I35         ; LAB_LINE                                                                                    ;
;   14.942 ;   0.111  ;    ; RE   ; 1      ; BLOCK_INPUT_MUX_X31_Y17_N0_I77            ; LEIM_INPUT                                                                                  ;
;   14.942 ;   0.000  ; FF ; IC   ; 1      ; LABCELL_X31_Y17_N57                       ; u_soc|crypto_accelerator|u_core|u_aes|u_sub_byte_core|gf_in_f[4]~1|datac                    ;
;   15.355 ;   0.413  ; FF ; CELL ; 8      ; LABCELL_X31_Y17_N57                       ; u_soc|crypto_accelerator|u_core|u_aes|u_sub_byte_core|gf_in_f[4]~1|combout                  ;
;   15.355 ;   0.000  ;    ; RE   ; 2      ; LABCELL_X31_Y17_N57                       ; ARRIAV_LCELL_COMB                                                                           ;
;   15.414 ;   0.059  ;    ; RE   ; 2      ; LE_BUFFER_X31_Y17_N0_I38                  ; LE_BUFFER                                                                                   ;
;   15.578 ;   0.164  ;    ; RE   ; 3      ; C4_X31_Y13_N0_I9                          ; V_SEG4                                                                                      ;
;   15.832 ;   0.254  ;    ; RE   ; 1      ; R6_X26_Y16_N0_I24                         ; H_SEG6                                                                                      ;
;   16.039 ;   0.207  ;    ; RE   ; 1      ; LOCAL_INTERCONNECT_X30_Y16_N0_I37         ; LAB_LINE                                                                                    ;
;   16.158 ;   0.119  ;    ; RE   ; 1      ; BLOCK_INPUT_MUX_X30_Y16_N0_I29            ; LEIM_INPUT                                                                                  ;
;   16.158 ;   0.000  ; FF ; IC   ; 1      ; LABCELL_X30_Y16_N21                       ; u_soc|crypto_accelerator|u_core|u_aes|u_sub_byte_core|gf_0|al_sq_f[3]|datac                 ;
;   16.575 ;   0.417  ; FF ; CELL ; 12     ; LABCELL_X30_Y16_N21                       ; u_soc|crypto_accelerator|u_core|u_aes|u_sub_byte_core|gf_0|al_sq_f[3]|combout               ;
;   16.575 ;   0.000  ;    ; RE   ; 3      ; LABCELL_X30_Y16_N21                       ; ARRIAV_LCELL_COMB                                                                           ;
;   16.647 ;   0.072  ;    ; RE   ; 3      ; LE_BUFFER_X30_Y16_N0_I14                  ; LE_BUFFER                                                                                   ;
;   16.783 ;   0.136  ;    ; RE   ; 3      ; LOCAL_INTERCONNECT_X31_Y16_N0_I25         ; LAB_LINE                                                                                    ;
;   16.874 ;   0.091  ;    ; RE   ; 1      ; BLOCK_INPUT_MUX_X31_Y16_N0_I50            ; LEIM_INPUT                                                                                  ;
;   16.874 ;   0.000  ; FF ; IC   ; 1      ; LABCELL_X31_Y16_N39                       ; u_soc|crypto_accelerator|u_core|u_aes|u_sub_byte_core|gf_0|dr_xor2~18|dataa                 ;
;   17.343 ;   0.469  ; FR ; CELL ; 3      ; LABCELL_X31_Y16_N39                       ; u_soc|crypto_accelerator|u_core|u_aes|u_sub_byte_core|gf_0|dr_xor2~18|combout               ;
;   17.343 ;   0.000  ;    ; RE   ; 2      ; LABCELL_X31_Y16_N39                       ; ARRIAV_LCELL_COMB                                                                           ;
;   17.449 ;   0.106  ;    ; RE   ; 2      ; LOCAL_LINE_X31_Y16_N0_I13                 ; LOCAL_LINE                                                                                  ;
;   17.559 ;   0.110  ;    ; RE   ; 1      ; BLOCK_INPUT_MUX_X31_Y16_N0_I5             ; LEIM_INPUT                                                                                  ;
;   17.559 ;   0.000  ; RR ; IC   ; 1      ; LABCELL_X31_Y16_N0                        ; u_soc|crypto_accelerator|u_core|u_aes|u_sub_byte_core|gf_0|dr_xor2~19|datad                 ;
;   17.982 ;   0.423  ; RF ; CELL ; 4      ; LABCELL_X31_Y16_N0                        ; u_soc|crypto_accelerator|u_core|u_aes|u_sub_byte_core|gf_0|dr_xor2~19|combout               ;
;   17.982 ;   0.000  ;    ; RE   ; 1      ; LABCELL_X31_Y16_N0                        ; ARRIAV_LCELL_COMB                                                                           ;
;   18.044 ;   0.062  ;    ; RE   ; 2      ; LE_BUFFER_X31_Y16_N0_I0                   ; LE_BUFFER                                                                                   ;
;   18.196 ;   0.152  ;    ; RE   ; 1      ; C2_X31_Y14_N0_I18                         ; V_SEG2                                                                                      ;
;   18.394 ;   0.198  ;    ; RE   ; 1      ; R6_X26_Y15_N0_I25                         ; H_SEG6                                                                                      ;
;   18.589 ;   0.195  ;    ; RE   ; 1      ; LOCAL_INTERCONNECT_X31_Y15_N0_I40         ; LAB_LINE                                                                                    ;
;   18.682 ;   0.093  ;    ; RE   ; 2      ; BLOCK_INPUT_MUX_X31_Y15_N0_I75            ; LEIM_INPUT                                                                                  ;
;   18.682 ;   0.000  ; FF ; IC   ; 1      ; LABCELL_X31_Y15_N54                       ; u_soc|crypto_accelerator|u_core|u_aes|u_sub_byte_core|gf_0|ah_mul_al_t[1]~1|datab           ;
;   19.162 ;   0.480  ; FF ; CELL ; 2      ; LABCELL_X31_Y15_N54                       ; u_soc|crypto_accelerator|u_core|u_aes|u_sub_byte_core|gf_0|ah_mul_al_t[1]~1|combout         ;
;   19.162 ;   0.000  ;    ; RE   ; 2      ; LABCELL_X31_Y15_N54                       ; ARRIAV_LCELL_COMB                                                                           ;
;   19.243 ;   0.081  ;    ; RE   ; 1      ; LOCAL_LINE_X31_Y15_N0_I18                 ; LOCAL_LINE                                                                                  ;
;   19.366 ;   0.123  ;    ; RE   ; 1      ; BLOCK_INPUT_MUX_X31_Y15_N0_I46            ; LEIM_INPUT                                                                                  ;
;   19.366 ;   0.000  ; FF ; IC   ; 1      ; LABCELL_X31_Y15_N33                       ; u_soc|crypto_accelerator|u_core|u_aes|u_sub_byte_core|gf_0|dr_xor2~27|datae                 ;
;   19.622 ;   0.256  ; FF ; CELL ; 6      ; LABCELL_X31_Y15_N33                       ; u_soc|crypto_accelerator|u_core|u_aes|u_sub_byte_core|gf_0|dr_xor2~27|combout               ;
;   19.622 ;   0.000  ;    ; RE   ; 2      ; LABCELL_X31_Y15_N33                       ; ARRIAV_LCELL_COMB                                                                           ;
;   19.692 ;   0.070  ;    ; RE   ; 1      ; LE_BUFFER_X31_Y15_N0_I23                  ; LE_BUFFER                                                                                   ;
;   19.845 ;   0.153  ;    ; RE   ; 1      ; R6_X31_Y15_N0_I16                         ; H_SEG6                                                                                      ;
;   20.013 ;   0.168  ;    ; RE   ; 1      ; LOCAL_INTERCONNECT_X31_Y15_N0_I16         ; LAB_LINE                                                                                    ;
;   20.115 ;   0.102  ;    ; RE   ; 1      ; BLOCK_INPUT_MUX_X31_Y15_N0_I54            ; LEIM_INPUT                                                                                  ;
;   20.114 ;   -0.001 ; FF ; IC   ; 1      ; LABCELL_X31_Y15_N39                       ; u_soc|crypto_accelerator|u_core|u_aes|u_sub_byte_core|gf_0|d_f[1]|datad                     ;
;   20.418 ;   0.304  ; FF ; CELL ; 17     ; LABCELL_X31_Y15_N39                       ; u_soc|crypto_accelerator|u_core|u_aes|u_sub_byte_core|gf_0|d_f[1]|combout                   ;
;   20.418 ;   0.000  ;    ; RE   ; 2      ; LABCELL_X31_Y15_N39                       ; ARRIAV_LCELL_COMB                                                                           ;
;   20.491 ;   0.073  ;    ; RE   ; 2      ; LE_BUFFER_X31_Y15_N0_I27                  ; LE_BUFFER                                                                                   ;
;   20.655 ;   0.164  ;    ; RE   ; 2      ; R3_X28_Y15_N0_I23                         ; H_SEG3                                                                                      ;
;   20.836 ;   0.181  ;    ; RE   ; 2      ; LOCAL_INTERCONNECT_X28_Y15_N0_I19         ; LAB_LINE                                                                                    ;
;   20.950 ;   0.114  ;    ; RE   ; 1      ; BLOCK_INPUT_MUX_X28_Y15_N0_I16            ; LEIM_INPUT                                                                                  ;
;   20.951 ;   0.001  ; FF ; IC   ; 1      ; MLABCELL_X28_Y15_N12                      ; u_soc|crypto_accelerator|u_core|u_aes|u_sub_byte_core|gf_0|dr_and~11|datad                  ;
;   21.255 ;   0.304  ; FR ; CELL ; 5      ; MLABCELL_X28_Y15_N12                      ; u_soc|crypto_accelerator|u_core|u_aes|u_sub_byte_core|gf_0|dr_and~11|combout                ;
;   21.255 ;   0.000  ;    ; RE   ; 2      ; MLABCELL_X28_Y15_N12                      ; ARRIAV_LCELL_COMB                                                                           ;
;   21.355 ;   0.100  ;    ; RE   ; 2      ; LOCAL_LINE_X28_Y15_N0_I4                  ; LOCAL_LINE                                                                                  ;
;   21.442 ;   0.087  ;    ; RE   ; 1      ; BLOCK_INPUT_MUX_X28_Y15_N0_I3             ; LEIM_INPUT                                                                                  ;
;   21.442 ;   0.000  ; RR ; IC   ; 1      ; MLABCELL_X28_Y15_N0                       ; u_soc|crypto_accelerator|u_core|u_aes|u_sub_byte_core|gf_0|d_inv_f[3]|datab                 ;
;   21.919 ;   0.477  ; RF ; CELL ; 9      ; MLABCELL_X28_Y15_N0                       ; u_soc|crypto_accelerator|u_core|u_aes|u_sub_byte_core|gf_0|d_inv_f[3]|combout               ;
;   21.919 ;   0.000  ;    ; RE   ; 3      ; MLABCELL_X28_Y15_N0                       ; ARRIAV_LCELL_COMB                                                                           ;
;   21.981 ;   0.062  ;    ; RE   ; 2      ; LE_BUFFER_X28_Y15_N0_I0                   ; LE_BUFFER                                                                                   ;
;   22.143 ;   0.162  ;    ; RE   ; 2      ; C2_X28_Y13_N0_I18                         ; V_SEG2                                                                                      ;
;   22.317 ;   0.174  ;    ; RE   ; 1      ; R3_X26_Y14_N0_I22                         ; H_SEG3                                                                                      ;
;   22.485 ;   0.168  ;    ; RE   ; 1      ; LOCAL_INTERCONNECT_X28_Y14_N0_I44         ; LAB_LINE                                                                                    ;
;   22.601 ;   0.116  ;    ; RE   ; 1      ; BLOCK_INPUT_MUX_X28_Y14_N0_I54            ; LEIM_INPUT                                                                                  ;
;   22.602 ;   0.001  ; FF ; IC   ; 1      ; MLABCELL_X28_Y14_N39                      ; u_soc|crypto_accelerator|u_core|u_aes|u_sub_byte_core|gf_0|dr_xor2~62|datae                 ;
;   22.883 ;   0.281  ; FR ; CELL ; 3      ; MLABCELL_X28_Y14_N39                      ; u_soc|crypto_accelerator|u_core|u_aes|u_sub_byte_core|gf_0|dr_xor2~62|combout               ;
;   22.883 ;   0.000  ;    ; RE   ; 1      ; MLABCELL_X28_Y14_N39                      ; ARRIAV_LCELL_COMB                                                                           ;
;   22.992 ;   0.109  ;    ; RE   ; 3      ; LOCAL_LINE_X28_Y14_N0_I13                 ; LOCAL_LINE                                                                                  ;
;   23.105 ;   0.113  ;    ; RE   ; 1      ; BLOCK_INPUT_MUX_X28_Y14_N0_I45            ; LEIM_INPUT                                                                                  ;
;   23.104 ;   -0.001 ; RR ; IC   ; 1      ; MLABCELL_X28_Y14_N33                      ; u_soc|crypto_accelerator|u_core|u_aes|u_sub_byte_core|gf_0|dr_xor2~63|datac                 ;
;   23.460 ;   0.356  ; RR ; CELL ; 3      ; MLABCELL_X28_Y14_N33                      ; u_soc|crypto_accelerator|u_core|u_aes|u_sub_byte_core|gf_0|dr_xor2~63|combout               ;
;   23.460 ;   0.000  ;    ; RE   ; 1      ; MLABCELL_X28_Y14_N33                      ; ARRIAV_LCELL_COMB                                                                           ;
;   23.569 ;   0.109  ;    ; RE   ; 2      ; LOCAL_LINE_X28_Y14_N0_I11                 ; LOCAL_LINE                                                                                  ;
;   23.690 ;   0.121  ;    ; RE   ; 1      ; BLOCK_INPUT_MUX_X28_Y14_N0_I68            ; LEIM_INPUT                                                                                  ;
;   23.690 ;   0.000  ; RR ; IC   ; 1      ; MLABCELL_X28_Y14_N48                      ; u_soc|crypto_accelerator|u_core|u_aes|u_sub_byte_core|gf_0|ah_out_f[0]~2|datac              ;
;   24.038 ;   0.348  ; RR ; CELL ; 6      ; MLABCELL_X28_Y14_N48                      ; u_soc|crypto_accelerator|u_core|u_aes|u_sub_byte_core|gf_0|ah_out_f[0]~2|combout            ;
;   24.038 ;   0.000  ;    ; RE   ; 1      ; MLABCELL_X28_Y14_N48                      ; ARRIAV_LCELL_COMB                                                                           ;
;   24.118 ;   0.080  ;    ; RE   ; 2      ; LE_BUFFER_X28_Y14_N0_I32                  ; LE_BUFFER                                                                                   ;
;   24.264 ;   0.146  ;    ; RE   ; 1      ; C2_X28_Y15_N0_I4                          ; V_SEG2                                                                                      ;
;   24.398 ;   0.134  ;    ; RE   ; 1      ; R3_X26_Y16_N0_I20                         ; H_SEG3                                                                                      ;
;   24.524 ;   0.126  ;    ; RE   ; 2      ; LOCAL_INTERCONNECT_X28_Y16_N0_I28         ; LAB_LINE                                                                                    ;
;   24.638 ;   0.114  ;    ; RE   ; 2      ; BLOCK_INPUT_MUX_X28_Y16_N0_I60            ; LEIM_INPUT                                                                                  ;
;   24.637 ;   -0.001 ; RR ; IC   ; 1      ; MLABCELL_X28_Y16_N45                      ; u_soc|crypto_accelerator|u_core|u_aes|u_sub_byte_core|gf_0|data_out_f[5]~5|datad            ;
;   25.073 ;   0.436  ; RF ; CELL ; 5      ; MLABCELL_X28_Y16_N45                      ; u_soc|crypto_accelerator|u_core|u_aes|u_sub_byte_core|gf_0|data_out_f[5]~5|combout          ;
;   25.073 ;   0.000  ;    ; RE   ; 2      ; MLABCELL_X28_Y16_N45                      ; ARRIAV_LCELL_COMB                                                                           ;
;   25.129 ;   0.056  ;    ; RE   ; 1      ; LE_BUFFER_X28_Y16_N0_I30                  ; LE_BUFFER                                                                                   ;
;   25.277 ;   0.148  ;    ; RE   ; 1      ; C2_X28_Y14_N0_I15                         ; V_SEG2                                                                                      ;
;   25.452 ;   0.175  ;    ; RE   ; 1      ; R3_X26_Y15_N0_I13                         ; H_SEG3                                                                                      ;
;   25.638 ;   0.186  ;    ; RE   ; 1      ; LOCAL_INTERCONNECT_X27_Y15_N0_I19         ; LAB_LINE                                                                                    ;
;   25.757 ;   0.119  ;    ; RE   ; 1      ; BLOCK_INPUT_MUX_X27_Y15_N0_I53            ; LEIM_INPUT                                                                                  ;
;   25.757 ;   0.000  ; FF ; IC   ; 1      ; LABCELL_X27_Y15_N39                       ; u_soc|crypto_accelerator|u_core|u_aes|u_sub_byte_core|aff_trans_0|aff_trans_out_f~0|datac   ;
;   26.165 ;   0.408  ; FF ; CELL ; 5      ; LABCELL_X27_Y15_N39                       ; u_soc|crypto_accelerator|u_core|u_aes|u_sub_byte_core|aff_trans_0|aff_trans_out_f~0|combout ;
;   26.165 ;   0.000  ;    ; RE   ; 1      ; LABCELL_X27_Y15_N39                       ; ARRIAV_LCELL_COMB                                                                           ;
;   26.247 ;   0.082  ;    ; RE   ; 3      ; LE_BUFFER_X27_Y15_N0_I27                  ; LE_BUFFER                                                                                   ;
;   26.431 ;   0.184  ;    ; RE   ; 1      ; C4_X26_Y16_N0_I0                          ; V_SEG4                                                                                      ;
;   26.643 ;   0.212  ;    ; RE   ; 1      ; LOCAL_INTERCONNECT_X27_Y16_N0_I12         ; LAB_LINE                                                                                    ;
;   26.758 ;   0.115  ;    ; RE   ; 1      ; BLOCK_INPUT_MUX_X27_Y16_N0_I28            ; LEIM_INPUT                                                                                  ;
;   26.757 ;   -0.001 ; FF ; IC   ; 1      ; LABCELL_X27_Y16_N18                       ; u_soc|crypto_accelerator|u_core|u_aes|u_sub_byte_core|data_out_f[7]~7|datac                 ;
;   27.171 ;   0.414  ; FF ; CELL ; 20     ; LABCELL_X27_Y16_N18                       ; u_soc|crypto_accelerator|u_core|u_aes|u_sub_byte_core|data_out_f[7]~7|combout               ;
;   27.171 ;   0.000  ;    ; RE   ; 2      ; LABCELL_X27_Y16_N18                       ; ARRIAV_LCELL_COMB                                                                           ;
;   27.266 ;   0.095  ;    ; RE   ; 5      ; LE_BUFFER_X27_Y16_N0_I12                  ; LE_BUFFER                                                                                   ;
;   27.493 ;   0.227  ;    ; RE   ; 2      ; C2_X27_Y14_N0_I12                         ; V_SEG2                                                                                      ;
;   27.722 ;   0.229  ;    ; RE   ; 3      ; C2_X27_Y12_N0_I12                         ; V_SEG2                                                                                      ;
;   27.943 ;   0.221  ;    ; RE   ; 1      ; R6_X28_Y13_N0_I17                         ; H_SEG6                                                                                      ;
;   28.152 ;   0.209  ;    ; RE   ; 1      ; R3_X28_Y13_N0_I7                          ; H_SEG3                                                                                      ;
;   28.303 ;   0.151  ;    ; RE   ; 1      ; LOCAL_INTERCONNECT_X28_Y13_N0_I42         ; LAB_LINE                                                                                    ;
;   28.421 ;   0.118  ;    ; RE   ; 1      ; BLOCK_INPUT_MUX_X28_Y13_N0_I70            ; LEIM_INPUT                                                                                  ;
;   28.422 ;   0.001  ; FF ; IC   ; 1      ; FF_X28_Y13_N53                            ; u_soc|crypto_accelerator|u_core|u_aes|buf_a_f[5][7]|asdata                                  ;
;   28.937 ;   0.515  ; FF ; CELL ; 1      ; FF_X28_Y13_N53                            ; soc:u_soc|axi_slave_top:crypto_accelerator|axi_slave_core:u_core|aes:u_aes|buf_a_f[5][7]    ;
+----------+----------+----+------+--------+-------------------------------------------+---------------------------------------------------------------------------------------------+

+----------------------------------------------------------------------------------------------------------------------------------------------------+
; Data Required Path                                                                                                                                 ;
+---------+---------+----+------+--------+----------------+------------------------------------------------------------------------------------------+
; Total   ; Incr    ; RF ; Type ; Fanout ; Location       ; Element                                                                                  ;
+---------+---------+----+------+--------+----------------+------------------------------------------------------------------------------------------+
; 1.000   ; 1.000   ;    ;      ;        ;                ; latch edge time                                                                          ;
; 4.636   ; 3.636   ;    ;      ;        ;                ; clock path                                                                               ;
;   4.580 ;   3.580 ; R  ;      ;        ;                ; clock network delay                                                                      ;
;   4.636 ;   0.056 ;    ;      ;        ;                ; clock pessimism removed                                                                  ;
; 4.466   ; -0.170  ;    ;      ;        ;                ; clock uncertainty                                                                        ;
; 4.466   ; 0.000   ;    ; uTsu ; 1      ; FF_X28_Y13_N53 ; soc:u_soc|axi_slave_top:crypto_accelerator|axi_slave_core:u_core|aes:u_aes|buf_a_f[5][7] ;
+---------+---------+----+------+--------+----------------+------------------------------------------------------------------------------------------+

----------------------------
; Extra Fitter Information ;
----------------------------
HTML report is unavailable in plain text report export.


Path #2: Setup slack is -24.422 (VIOLATED)
===============================================================================
+---------------------------------------------------------------------------------------------------------------+
; Path Summary                                                                                                  ;
+--------------------+------------------------------------------------------------------------------------------+
; Property           ; Value                                                                                    ;
+--------------------+------------------------------------------------------------------------------------------+
; From Node          ; soc:u_soc|axi_slave_top:crypto_accelerator|axi_slave_core:u_core|aes:u_aes|kexp_i[1]     ;
; To Node            ; soc:u_soc|axi_slave_top:crypto_accelerator|axi_slave_core:u_core|aes:u_aes|buf_a_f[5][7] ;
; Launch Clock       ; CLOCK_50                                                                                 ;
; Latch Clock        ; CLOCK_50                                                                                 ;
; Data Arrival Time  ; 28.888                                                                                   ;
; Data Required Time ; 4.466                                                                                    ;
; Slack              ; -24.422 (VIOLATED)                                                                       ;
+--------------------+------------------------------------------------------------------------------------------+

+----------------------------------------------------------------------------------------+
; Statistics                                                                             ;
+---------------------------+--------+-------+-------------+------------+--------+-------+
; Property                  ; Value  ; Count ; Total Delay ; % of Total ; Min    ; Max   ;
+---------------------------+--------+-------+-------------+------------+--------+-------+
; Setup Relationship        ; 1.000  ;       ;             ;            ;        ;       ;
; Clock Skew                ; -0.423 ;       ;             ;            ;        ;       ;
; Data Delay                ; 24.829 ;       ;             ;            ;        ;       ;
; Number of Logic Levels    ;        ; 32    ;             ;            ;        ;       ;
; Physical Delays           ;        ;       ;             ;            ;        ;       ;
;  Arrival Path             ;        ;       ;             ;            ;        ;       ;
;   Clock                   ;        ;       ;             ;            ;        ;       ;
;    Clock Network (Lumped) ;        ; 1     ; 4.059       ; 100        ; 4.059  ; 4.059 ;
;   Data                    ;        ;       ;             ;            ;        ;       ;
;    IC                     ;        ; 33    ; 0.001       ; 0          ; -0.001 ; 0.001 ;
;    Cell                   ;        ; 34    ; 7.907       ; 32         ; 0.000  ; 0.515 ;
;    uTco                   ;        ; 1     ; 0.000       ; 0          ; 0.000  ; 0.000 ;
;    Routing Element        ;        ; 155   ; 16.921      ; 68         ; 0.000  ; 0.401 ;
;  Required Path            ;        ;       ;             ;            ;        ;       ;
;   Clock                   ;        ;       ;             ;            ;        ;       ;
;    Clock Network (Lumped) ;        ; 1     ; 3.580       ; 100        ; 3.580  ; 3.580 ;
+---------------------------+--------+-------+-------------+------------+--------+-------+
Note: Negative delays are omitted from totals when calculating percentages

+------------------------------------------------------------------------------------------------------------------------------------------------------------------------------------+
; Data Arrival Path                                                                                                                                                                  ;
+----------+----------+----+------+--------+-------------------------------------------+---------------------------------------------------------------------------------------------+
; Total    ; Incr     ; RF ; Type ; Fanout ; Location                                  ; Element                                                                                     ;
+----------+----------+----+------+--------+-------------------------------------------+---------------------------------------------------------------------------------------------+
; 0.000    ; 0.000    ;    ;      ;        ;                                           ; launch edge time                                                                            ;
; 4.059    ; 4.059    ;    ;      ;        ;                                           ; clock path                                                                                  ;
;   4.059  ;   4.059  ; R  ;      ;        ;                                           ; clock network delay                                                                         ;
; 28.888   ; 24.829   ;    ;      ;        ;                                           ; data path                                                                                   ;
;   4.059  ;   0.000  ;    ; uTco ; 1      ; FF_X30_Y23_N2                             ; soc:u_soc|axi_slave_top:crypto_accelerator|axi_slave_core:u_core|aes:u_aes|kexp_i[1]        ;
;   4.059  ;   0.000  ; FF ; CELL ; 239    ; FF_X30_Y23_N2                             ; u_soc|crypto_accelerator|u_core|u_aes|kexp_i[1]|q                                           ;
;   4.109  ;   0.050  ;    ; RE   ; 3      ; FF_X30_Y23_N2                             ; ARRIAV_FF                                                                                   ;
;   4.197  ;   0.088  ;    ; RE   ; 5      ; LE_BUFFER_X30_Y23_N0_I1                   ; LE_BUFFER                                                                                   ;
;   4.598  ;   0.401  ;    ; RE   ; 8      ; R6_X30_Y23_N0_I11                         ; H_SEG6                                                                                      ;
;   4.941  ;   0.343  ;    ; RE   ; 3      ; R6_X35_Y23_N0_I10                         ; H_SEG6                                                                                      ;
;   5.177  ;   0.236  ;    ; RE   ; 2      ; LOCAL_INTERCONNECT_X36_Y23_N0_I1          ; LAB_LINE                                                                                    ;
;   5.299  ;   0.122  ;    ; RE   ; 1      ; BLOCK_INPUT_MUX_X36_Y23_N0_I64            ; LEIM_INPUT                                                                                  ;
;   5.299  ;   0.000  ; FF ; IC   ; 1      ; LABCELL_X36_Y23_N48                       ; u_soc|crypto_accelerator|u_core|u_aes|sb_in_f~20|datad                                      ;
;   5.587  ;   0.288  ; FF ; CELL ; 3      ; LABCELL_X36_Y23_N48                       ; u_soc|crypto_accelerator|u_core|u_aes|sb_in_f~20|combout                                    ;
;   5.587  ;   0.000  ;    ; RE   ; 2      ; LABCELL_X36_Y23_N48                       ; ARRIAV_LCELL_COMB                                                                           ;
;   5.664  ;   0.077  ;    ; RE   ; 1      ; LOCAL_LINE_X36_Y23_N0_I16                 ; LOCAL_LINE                                                                                  ;
;   5.785  ;   0.121  ;    ; RE   ; 1      ; BLOCK_INPUT_MUX_X36_Y23_N0_I28            ; LEIM_INPUT                                                                                  ;
;   5.785  ;   0.000  ; FF ; IC   ; 1      ; LABCELL_X36_Y23_N18                       ; u_soc|crypto_accelerator|u_core|u_aes|sb_in_f~22|datac                                      ;
;   6.202  ;   0.417  ; FF ; CELL ; 48     ; LABCELL_X36_Y23_N18                       ; u_soc|crypto_accelerator|u_core|u_aes|sb_in_f~22|combout                                    ;
;   6.202  ;   0.000  ;    ; RE   ; 2      ; LABCELL_X36_Y23_N18                       ; ARRIAV_LCELL_COMB                                                                           ;
;   6.299  ;   0.097  ;    ; RE   ; 2      ; LE_BUFFER_X36_Y23_N0_I13                  ; LE_BUFFER                                                                                   ;
;   6.497  ;   0.198  ;    ; RE   ; 2      ; R3_X36_Y23_N0_I1                          ; H_SEG3                                                                                      ;
;   6.497  ;   0.000  ;    ; RE   ; 2      ; R14_C12_INTERCONNECT_DRIVER_X36_Y23_N0_I1 ; WIRE_MUX                                                                                    ;
;   6.740  ;   0.243  ;    ; RE   ; 2      ; R14_X23_Y23_N0_I1                         ; H_SEG14                                                                                     ;
;   6.966  ;   0.226  ;    ; RE   ; 1      ; C2_X22_Y21_N0_I15                         ; V_SEG2                                                                                      ;
;   7.290  ;   0.324  ;    ; RE   ; 1      ; R6_X17_Y21_N0_I26                         ; H_SEG6                                                                                      ;
;   7.504  ;   0.214  ;    ; RE   ; 3      ; LOCAL_INTERCONNECT_X19_Y21_N0_I12         ; LAB_LINE                                                                                    ;
;   7.618  ;   0.114  ;    ; RE   ; 1      ; BLOCK_INPUT_MUX_X19_Y21_N0_I71            ; LEIM_INPUT                                                                                  ;
;   7.618  ;   0.000  ; FF ; IC   ; 1      ; LABCELL_X19_Y21_N51                       ; u_soc|crypto_accelerator|u_core|u_aes|sb_in_f~545|dataf                                     ;
;   7.689  ;   0.071  ; FF ; CELL ; 1      ; LABCELL_X19_Y21_N51                       ; u_soc|crypto_accelerator|u_core|u_aes|sb_in_f~545|combout                                   ;
;   7.689  ;   0.000  ;    ; RE   ; 1      ; LABCELL_X19_Y21_N51                       ; ARRIAV_LCELL_COMB                                                                           ;
;   7.745  ;   0.056  ;    ; RE   ; 1      ; LE_BUFFER_X19_Y21_N0_I34                  ; LE_BUFFER                                                                                   ;
;   7.885  ;   0.140  ;    ; RE   ; 1      ; R3_X17_Y21_N0_I21                         ; H_SEG3                                                                                      ;
;   7.885  ;   0.000  ;    ; RE   ; 1      ; R14_C12_INTERCONNECT_DRIVER_X19_Y21_N0_I2 ; WIRE_MUX                                                                                    ;
;   8.123  ;   0.238  ;    ; RE   ; 1      ; R14_X20_Y21_N0_I0                         ; H_SEG14                                                                                     ;
;   8.332  ;   0.209  ;    ; RE   ; 1      ; C2_X30_Y22_N0_I7                          ; V_SEG2                                                                                      ;
;   8.509  ;   0.177  ;    ; RE   ; 1      ; R6_X31_Y22_N0_I16                         ; H_SEG6                                                                                      ;
;   8.677  ;   0.168  ;    ; RE   ; 1      ; LOCAL_INTERCONNECT_X31_Y22_N0_I16         ; LAB_LINE                                                                                    ;
;   8.784  ;   0.107  ;    ; RE   ; 1      ; BLOCK_INPUT_MUX_X31_Y22_N0_I56            ; LEIM_INPUT                                                                                  ;
;   8.784  ;   0.000  ; FF ; IC   ; 1      ; LABCELL_X31_Y22_N42                       ; u_soc|crypto_accelerator|u_core|u_aes|sb_in_f~761|datad                                     ;
;   9.086  ;   0.302  ; FR ; CELL ; 1      ; LABCELL_X31_Y22_N42                       ; u_soc|crypto_accelerator|u_core|u_aes|sb_in_f~761|combout                                   ;
;   9.086  ;   0.000  ;    ; RE   ; 1      ; LABCELL_X31_Y22_N42                       ; ARRIAV_LCELL_COMB                                                                           ;
;   9.174  ;   0.088  ;    ; RE   ; 1      ; LOCAL_LINE_X31_Y22_N0_I14                 ; LOCAL_LINE                                                                                  ;
;   9.279  ;   0.105  ;    ; RE   ; 1      ; BLOCK_INPUT_MUX_X31_Y22_N0_I65            ; LEIM_INPUT                                                                                  ;
;   9.279  ;   0.000  ; RR ; IC   ; 1      ; LABCELL_X31_Y22_N48                       ; u_soc|crypto_accelerator|u_core|u_aes|sb_in_f~546|dataf                                     ;
;   9.357  ;   0.078  ; RR ; CELL ; 1      ; LABCELL_X31_Y22_N48                       ; u_soc|crypto_accelerator|u_core|u_aes|sb_in_f~546|combout                                   ;
;   9.357  ;   0.000  ;    ; RE   ; 1      ; LABCELL_X31_Y22_N48                       ; ARRIAV_LCELL_COMB                                                                           ;
;   9.457  ;   0.100  ;    ; RE   ; 1      ; LOCAL_LINE_X31_Y22_N0_I16                 ; LOCAL_LINE                                                                                  ;
;   9.564  ;   0.107  ;    ; RE   ; 1      ; BLOCK_INPUT_MUX_X31_Y22_N0_I17            ; LEIM_INPUT                                                                                  ;
;   9.564  ;   0.000  ; RR ; IC   ; 1      ; LABCELL_X31_Y22_N12                       ; u_soc|crypto_accelerator|u_core|u_aes|sb_in_f~548|dataf                                     ;
;   9.648  ;   0.084  ; RF ; CELL ; 1      ; LABCELL_X31_Y22_N12                       ; u_soc|crypto_accelerator|u_core|u_aes|sb_in_f~548|combout                                   ;
;   9.648  ;   0.000  ;    ; RE   ; 1      ; LABCELL_X31_Y22_N12                       ; ARRIAV_LCELL_COMB                                                                           ;
;   9.730  ;   0.082  ;    ; RE   ; 1      ; LOCAL_LINE_X31_Y22_N0_I4                  ; LOCAL_LINE                                                                                  ;
;   9.855  ;   0.125  ;    ; RE   ; 1      ; BLOCK_INPUT_MUX_X31_Y22_N0_I55            ; LEIM_INPUT                                                                                  ;
;   9.855  ;   0.000  ; FF ; IC   ; 1      ; LABCELL_X31_Y22_N39                       ; u_soc|crypto_accelerator|u_core|u_aes|sb_in_f~550|dataf                                     ;
;   9.926  ;   0.071  ; FF ; CELL ; 1      ; LABCELL_X31_Y22_N39                       ; u_soc|crypto_accelerator|u_core|u_aes|sb_in_f~550|combout                                   ;
;   9.926  ;   0.000  ;    ; RE   ; 1      ; LABCELL_X31_Y22_N39                       ; ARRIAV_LCELL_COMB                                                                           ;
;   9.995  ;   0.069  ;    ; RE   ; 1      ; LE_BUFFER_X31_Y22_N0_I27                  ; LE_BUFFER                                                                                   ;
;   10.173 ;   0.178  ;    ; RE   ; 1      ; C2_X30_Y20_N0_I14                         ; V_SEG2                                                                                      ;
;   10.381 ;   0.208  ;    ; RE   ; 1      ; C2_X30_Y18_N0_I14                         ; V_SEG2                                                                                      ;
;   10.747 ;   0.366  ;    ; RE   ; 1      ; R6_X31_Y18_N0_I5                          ; H_SEG6                                                                                      ;
;   10.991 ;   0.244  ;    ; RE   ; 1      ; LOCAL_INTERCONNECT_X36_Y18_N0_I39         ; LAB_LINE                                                                                    ;
;   11.107 ;   0.116  ;    ; RE   ; 1      ; BLOCK_INPUT_MUX_X36_Y18_N0_I9             ; LEIM_INPUT                                                                                  ;
;   11.107 ;   0.000  ; FF ; IC   ; 1      ; LABCELL_X36_Y18_N6                        ; u_soc|crypto_accelerator|u_core|u_aes|sb_in_f~553|dataf                                     ;
;   11.189 ;   0.082  ; FR ; CELL ; 1      ; LABCELL_X36_Y18_N6                        ; u_soc|crypto_accelerator|u_core|u_aes|sb_in_f~553|combout                                   ;
;   11.189 ;   0.000  ;    ; RE   ; 1      ; LABCELL_X36_Y18_N6                        ; ARRIAV_LCELL_COMB                                                                           ;
;   11.292 ;   0.103  ;    ; RE   ; 1      ; LOCAL_LINE_X36_Y18_N0_I2                  ; LOCAL_LINE                                                                                  ;
;   11.399 ;   0.107  ;    ; RE   ; 1      ; BLOCK_INPUT_MUX_X36_Y18_N0_I65            ; LEIM_INPUT                                                                                  ;
;   11.399 ;   0.000  ; RR ; IC   ; 1      ; LABCELL_X36_Y18_N48                       ; u_soc|crypto_accelerator|u_core|u_aes|sb_in_f~555|dataf                                     ;
;   11.477 ;   0.078  ; RR ; CELL ; 1      ; LABCELL_X36_Y18_N48                       ; u_soc|crypto_accelerator|u_core|u_aes|sb_in_f~555|combout                                   ;
;   11.477 ;   0.000  ;    ; RE   ; 1      ; LABCELL_X36_Y18_N48                       ; ARRIAV_LCELL_COMB                                                                           ;
;   11.570 ;   0.093  ;    ; RE   ; 1      ; LOCAL_LINE_X36_Y18_N0_I16                 ; LOCAL_LINE                                                                                  ;
;   11.675 ;   0.105  ;    ; RE   ; 1      ; BLOCK_INPUT_MUX_X36_Y18_N0_I41            ; LEIM_INPUT                                                                                  ;
;   11.675 ;   0.000  ; RR ; IC   ; 1      ; LABCELL_X36_Y18_N30                       ; u_soc|crypto_accelerator|u_core|u_aes|sb_in_f~557|dataf                                     ;
;   11.753 ;   0.078  ; RR ; CELL ; 1      ; LABCELL_X36_Y18_N30                       ; u_soc|crypto_accelerator|u_core|u_aes|sb_in_f~557|combout                                   ;
;   11.753 ;   0.000  ;    ; RE   ; 1      ; LABCELL_X36_Y18_N30                       ; ARRIAV_LCELL_COMB                                                                           ;
;   11.865 ;   0.112  ;    ; RE   ; 1      ; LOCAL_LINE_X36_Y18_N0_I10                 ; LOCAL_LINE                                                                                  ;
;   11.971 ;   0.106  ;    ; RE   ; 1      ; BLOCK_INPUT_MUX_X36_Y18_N0_I17            ; LEIM_INPUT                                                                                  ;
;   11.972 ;   0.001  ; RR ; IC   ; 1      ; LABCELL_X36_Y18_N12                       ; u_soc|crypto_accelerator|u_core|u_aes|sb_in_f~559|dataf                                     ;
;   12.050 ;   0.078  ; RR ; CELL ; 1      ; LABCELL_X36_Y18_N12                       ; u_soc|crypto_accelerator|u_core|u_aes|sb_in_f~559|combout                                   ;
;   12.050 ;   0.000  ;    ; RE   ; 1      ; LABCELL_X36_Y18_N12                       ; ARRIAV_LCELL_COMB                                                                           ;
;   12.142 ;   0.092  ;    ; RE   ; 1      ; LOCAL_LINE_X36_Y18_N0_I4                  ; LOCAL_LINE                                                                                  ;
;   12.248 ;   0.106  ;    ; RE   ; 1      ; BLOCK_INPUT_MUX_X36_Y18_N0_I25            ; LEIM_INPUT                                                                                  ;
;   12.248 ;   0.000  ; RR ; IC   ; 1      ; LABCELL_X36_Y18_N18                       ; u_soc|crypto_accelerator|u_core|u_aes|sb_in_f~561|dataf                                     ;
;   12.325 ;   0.077  ; RR ; CELL ; 1      ; LABCELL_X36_Y18_N18                       ; u_soc|crypto_accelerator|u_core|u_aes|sb_in_f~561|combout                                   ;
;   12.325 ;   0.000  ;    ; RE   ; 1      ; LABCELL_X36_Y18_N18                       ; ARRIAV_LCELL_COMB                                                                           ;
;   12.434 ;   0.109  ;    ; RE   ; 1      ; LE_BUFFER_X36_Y18_N0_I13                  ; LE_BUFFER                                                                                   ;
;   12.538 ;   0.104  ;    ; RE   ; 1      ; LOCAL_INTERCONNECT_X35_Y18_N0_I36         ; LAB_LINE                                                                                    ;
;   12.641 ;   0.103  ;    ; RE   ; 1      ; BLOCK_INPUT_MUX_X35_Y18_N0_I33            ; LEIM_INPUT                                                                                  ;
;   12.642 ;   0.001  ; RR ; IC   ; 1      ; LABCELL_X35_Y18_N24                       ; u_soc|crypto_accelerator|u_core|u_aes|sb_in_f~563|dataf                                     ;
;   12.720 ;   0.078  ; RR ; CELL ; 1      ; LABCELL_X35_Y18_N24                       ; u_soc|crypto_accelerator|u_core|u_aes|sb_in_f~563|combout                                   ;
;   12.720 ;   0.000  ;    ; RE   ; 1      ; LABCELL_X35_Y18_N24                       ; ARRIAV_LCELL_COMB                                                                           ;
;   12.809 ;   0.089  ;    ; RE   ; 1      ; LOCAL_LINE_X35_Y18_N0_I8                  ; LOCAL_LINE                                                                                  ;
;   12.913 ;   0.104  ;    ; RE   ; 1      ; BLOCK_INPUT_MUX_X35_Y18_N0_I25            ; LEIM_INPUT                                                                                  ;
;   12.913 ;   0.000  ; RR ; IC   ; 1      ; LABCELL_X35_Y18_N18                       ; u_soc|crypto_accelerator|u_core|u_aes|sb_in_f~565|dataf                                     ;
;   12.990 ;   0.077  ; RR ; CELL ; 1      ; LABCELL_X35_Y18_N18                       ; u_soc|crypto_accelerator|u_core|u_aes|sb_in_f~565|combout                                   ;
;   12.990 ;   0.000  ;    ; RE   ; 1      ; LABCELL_X35_Y18_N18                       ; ARRIAV_LCELL_COMB                                                                           ;
;   13.075 ;   0.085  ;    ; RE   ; 1      ; LE_BUFFER_X35_Y18_N0_I13                  ; LE_BUFFER                                                                                   ;
;   13.182 ;   0.107  ;    ; RE   ; 1      ; LOCAL_INTERCONNECT_X34_Y18_N0_I36         ; LAB_LINE                                                                                    ;
;   13.286 ;   0.104  ;    ; RE   ; 1      ; BLOCK_INPUT_MUX_X34_Y18_N0_I1             ; LEIM_INPUT                                                                                  ;
;   13.287 ;   0.001  ; RR ; IC   ; 1      ; MLABCELL_X34_Y18_N0                       ; u_soc|crypto_accelerator|u_core|u_aes|sb_in_f~567|dataf                                     ;
;   13.364 ;   0.077  ; RR ; CELL ; 1      ; MLABCELL_X34_Y18_N0                       ; u_soc|crypto_accelerator|u_core|u_aes|sb_in_f~567|combout                                   ;
;   13.364 ;   0.000  ;    ; RE   ; 1      ; MLABCELL_X34_Y18_N0                       ; ARRIAV_LCELL_COMB                                                                           ;
;   13.469 ;   0.105  ;    ; RE   ; 1      ; LE_BUFFER_X34_Y18_N0_I1                   ; LE_BUFFER                                                                                   ;
;   13.647 ;   0.178  ;    ; RE   ; 1      ; C2_X33_Y16_N0_I18                         ; V_SEG2                                                                                      ;
;   13.831 ;   0.184  ;    ; RE   ; 1      ; R3_X31_Y17_N0_I20                         ; H_SEG3                                                                                      ;
;   13.970 ;   0.139  ;    ; RE   ; 1      ; LOCAL_INTERCONNECT_X31_Y17_N0_I28         ; LAB_LINE                                                                                    ;
;   14.073 ;   0.103  ;    ; RE   ; 1      ; BLOCK_INPUT_MUX_X31_Y17_N0_I17            ; LEIM_INPUT                                                                                  ;
;   14.072 ;   -0.001 ; RR ; IC   ; 1      ; LABCELL_X31_Y17_N12                       ; u_soc|crypto_accelerator|u_core|u_aes|sb_in_f~569|dataf                                     ;
;   14.150 ;   0.078  ; RR ; CELL ; 1      ; LABCELL_X31_Y17_N12                       ; u_soc|crypto_accelerator|u_core|u_aes|sb_in_f~569|combout                                   ;
;   14.150 ;   0.000  ;    ; RE   ; 1      ; LABCELL_X31_Y17_N12                       ; ARRIAV_LCELL_COMB                                                                           ;
;   14.247 ;   0.097  ;    ; RE   ; 1      ; LOCAL_LINE_X31_Y17_N0_I4                  ; LOCAL_LINE                                                                                  ;
;   14.353 ;   0.106  ;    ; RE   ; 1      ; BLOCK_INPUT_MUX_X31_Y17_N0_I1             ; LEIM_INPUT                                                                                  ;
;   14.353 ;   0.000  ; RR ; IC   ; 1      ; LABCELL_X31_Y17_N0                        ; u_soc|crypto_accelerator|u_core|u_aes|Selector4548~1|dataf                                  ;
;   14.439 ;   0.086  ; RF ; CELL ; 4      ; LABCELL_X31_Y17_N0                        ; u_soc|crypto_accelerator|u_core|u_aes|Selector4548~1|combout                                ;
;   14.439 ;   0.000  ;    ; RE   ; 2      ; LABCELL_X31_Y17_N0                        ; ARRIAV_LCELL_COMB                                                                           ;
;   14.494 ;   0.055  ;    ; RE   ; 1      ; LE_BUFFER_X31_Y17_N0_I0                   ; LE_BUFFER                                                                                   ;
;   14.644 ;   0.150  ;    ; RE   ; 1      ; R6_X26_Y17_N0_I22                         ; H_SEG6                                                                                      ;
;   14.831 ;   0.187  ;    ; RE   ; 1      ; LOCAL_INTERCONNECT_X31_Y17_N0_I35         ; LAB_LINE                                                                                    ;
;   14.942 ;   0.111  ;    ; RE   ; 1      ; BLOCK_INPUT_MUX_X31_Y17_N0_I77            ; LEIM_INPUT                                                                                  ;
;   14.942 ;   0.000  ; FF ; IC   ; 1      ; LABCELL_X31_Y17_N57                       ; u_soc|crypto_accelerator|u_core|u_aes|u_sub_byte_core|gf_in_f[4]~1|datac                    ;
;   15.355 ;   0.413  ; FF ; CELL ; 8      ; LABCELL_X31_Y17_N57                       ; u_soc|crypto_accelerator|u_core|u_aes|u_sub_byte_core|gf_in_f[4]~1|combout                  ;
;   15.355 ;   0.000  ;    ; RE   ; 2      ; LABCELL_X31_Y17_N57                       ; ARRIAV_LCELL_COMB                                                                           ;
;   15.414 ;   0.059  ;    ; RE   ; 2      ; LE_BUFFER_X31_Y17_N0_I38                  ; LE_BUFFER                                                                                   ;
;   15.578 ;   0.164  ;    ; RE   ; 3      ; C4_X31_Y13_N0_I9                          ; V_SEG4                                                                                      ;
;   15.832 ;   0.254  ;    ; RE   ; 1      ; R6_X26_Y16_N0_I24                         ; H_SEG6                                                                                      ;
;   16.039 ;   0.207  ;    ; RE   ; 1      ; LOCAL_INTERCONNECT_X30_Y16_N0_I37         ; LAB_LINE                                                                                    ;
;   16.158 ;   0.119  ;    ; RE   ; 1      ; BLOCK_INPUT_MUX_X30_Y16_N0_I29            ; LEIM_INPUT                                                                                  ;
;   16.158 ;   0.000  ; FF ; IC   ; 1      ; LABCELL_X30_Y16_N21                       ; u_soc|crypto_accelerator|u_core|u_aes|u_sub_byte_core|gf_0|al_sq_f[3]|datac                 ;
;   16.575 ;   0.417  ; FF ; CELL ; 12     ; LABCELL_X30_Y16_N21                       ; u_soc|crypto_accelerator|u_core|u_aes|u_sub_byte_core|gf_0|al_sq_f[3]|combout               ;
;   16.575 ;   0.000  ;    ; RE   ; 3      ; LABCELL_X30_Y16_N21                       ; ARRIAV_LCELL_COMB                                                                           ;
;   16.647 ;   0.072  ;    ; RE   ; 3      ; LE_BUFFER_X30_Y16_N0_I14                  ; LE_BUFFER                                                                                   ;
;   16.783 ;   0.136  ;    ; RE   ; 3      ; LOCAL_INTERCONNECT_X31_Y16_N0_I25         ; LAB_LINE                                                                                    ;
;   16.874 ;   0.091  ;    ; RE   ; 1      ; BLOCK_INPUT_MUX_X31_Y16_N0_I50            ; LEIM_INPUT                                                                                  ;
;   16.874 ;   0.000  ; FF ; IC   ; 1      ; LABCELL_X31_Y16_N39                       ; u_soc|crypto_accelerator|u_core|u_aes|u_sub_byte_core|gf_0|dr_xor2~18|dataa                 ;
;   17.343 ;   0.469  ; FR ; CELL ; 3      ; LABCELL_X31_Y16_N39                       ; u_soc|crypto_accelerator|u_core|u_aes|u_sub_byte_core|gf_0|dr_xor2~18|combout               ;
;   17.343 ;   0.000  ;    ; RE   ; 2      ; LABCELL_X31_Y16_N39                       ; ARRIAV_LCELL_COMB                                                                           ;
;   17.449 ;   0.106  ;    ; RE   ; 2      ; LOCAL_LINE_X31_Y16_N0_I13                 ; LOCAL_LINE                                                                                  ;
;   17.559 ;   0.110  ;    ; RE   ; 1      ; BLOCK_INPUT_MUX_X31_Y16_N0_I5             ; LEIM_INPUT                                                                                  ;
;   17.559 ;   0.000  ; RR ; IC   ; 1      ; LABCELL_X31_Y16_N0                        ; u_soc|crypto_accelerator|u_core|u_aes|u_sub_byte_core|gf_0|dr_xor2~19|datad                 ;
;   17.982 ;   0.423  ; RF ; CELL ; 4      ; LABCELL_X31_Y16_N0                        ; u_soc|crypto_accelerator|u_core|u_aes|u_sub_byte_core|gf_0|dr_xor2~19|combout               ;
;   17.982 ;   0.000  ;    ; RE   ; 1      ; LABCELL_X31_Y16_N0                        ; ARRIAV_LCELL_COMB                                                                           ;
;   18.044 ;   0.062  ;    ; RE   ; 2      ; LE_BUFFER_X31_Y16_N0_I0                   ; LE_BUFFER                                                                                   ;
;   18.196 ;   0.152  ;    ; RE   ; 1      ; C2_X31_Y14_N0_I18                         ; V_SEG2                                                                                      ;
;   18.394 ;   0.198  ;    ; RE   ; 1      ; R6_X26_Y15_N0_I25                         ; H_SEG6                                                                                      ;
;   18.589 ;   0.195  ;    ; RE   ; 1      ; LOCAL_INTERCONNECT_X31_Y15_N0_I40         ; LAB_LINE                                                                                    ;
;   18.682 ;   0.093  ;    ; RE   ; 2      ; BLOCK_INPUT_MUX_X31_Y15_N0_I75            ; LEIM_INPUT                                                                                  ;
;   18.682 ;   0.000  ; FF ; IC   ; 1      ; LABCELL_X31_Y15_N54                       ; u_soc|crypto_accelerator|u_core|u_aes|u_sub_byte_core|gf_0|ah_mul_al_t[1]~1|datab           ;
;   19.162 ;   0.480  ; FF ; CELL ; 2      ; LABCELL_X31_Y15_N54                       ; u_soc|crypto_accelerator|u_core|u_aes|u_sub_byte_core|gf_0|ah_mul_al_t[1]~1|combout         ;
;   19.162 ;   0.000  ;    ; RE   ; 2      ; LABCELL_X31_Y15_N54                       ; ARRIAV_LCELL_COMB                                                                           ;
;   19.243 ;   0.081  ;    ; RE   ; 1      ; LOCAL_LINE_X31_Y15_N0_I18                 ; LOCAL_LINE                                                                                  ;
;   19.366 ;   0.123  ;    ; RE   ; 1      ; BLOCK_INPUT_MUX_X31_Y15_N0_I46            ; LEIM_INPUT                                                                                  ;
;   19.366 ;   0.000  ; FF ; IC   ; 1      ; LABCELL_X31_Y15_N33                       ; u_soc|crypto_accelerator|u_core|u_aes|u_sub_byte_core|gf_0|dr_xor2~27|datae                 ;
;   19.622 ;   0.256  ; FF ; CELL ; 6      ; LABCELL_X31_Y15_N33                       ; u_soc|crypto_accelerator|u_core|u_aes|u_sub_byte_core|gf_0|dr_xor2~27|combout               ;
;   19.622 ;   0.000  ;    ; RE   ; 2      ; LABCELL_X31_Y15_N33                       ; ARRIAV_LCELL_COMB                                                                           ;
;   19.692 ;   0.070  ;    ; RE   ; 1      ; LE_BUFFER_X31_Y15_N0_I23                  ; LE_BUFFER                                                                                   ;
;   19.845 ;   0.153  ;    ; RE   ; 1      ; R6_X31_Y15_N0_I16                         ; H_SEG6                                                                                      ;
;   20.013 ;   0.168  ;    ; RE   ; 1      ; LOCAL_INTERCONNECT_X31_Y15_N0_I16         ; LAB_LINE                                                                                    ;
;   20.115 ;   0.102  ;    ; RE   ; 1      ; BLOCK_INPUT_MUX_X31_Y15_N0_I54            ; LEIM_INPUT                                                                                  ;
;   20.114 ;   -0.001 ; FF ; IC   ; 1      ; LABCELL_X31_Y15_N39                       ; u_soc|crypto_accelerator|u_core|u_aes|u_sub_byte_core|gf_0|d_f[1]|datad                     ;
;   20.418 ;   0.304  ; FF ; CELL ; 17     ; LABCELL_X31_Y15_N39                       ; u_soc|crypto_accelerator|u_core|u_aes|u_sub_byte_core|gf_0|d_f[1]|combout                   ;
;   20.418 ;   0.000  ;    ; RE   ; 2      ; LABCELL_X31_Y15_N39                       ; ARRIAV_LCELL_COMB                                                                           ;
;   20.502 ;   0.084  ;    ; RE   ; 5      ; LE_BUFFER_X31_Y15_N0_I26                  ; LE_BUFFER                                                                                   ;
;   20.671 ;   0.169  ;    ; RE   ; 1      ; C2_X31_Y16_N0_I10                         ; V_SEG2                                                                                      ;
;   20.871 ;   0.200  ;    ; RE   ; 2      ; R3_X29_Y16_N0_I14                         ; H_SEG3                                                                                      ;
;   21.011 ;   0.140  ;    ; RE   ; 1      ; LOCAL_INTERCONNECT_X29_Y16_N0_I2          ; LAB_LINE                                                                                    ;
;   21.112 ;   0.101  ;    ; RE   ; 1      ; BLOCK_INPUT_MUX_X29_Y16_N0_I30            ; LEIM_INPUT                                                                                  ;
;   21.111 ;   -0.001 ; FF ; IC   ; 1      ; LABCELL_X29_Y16_N21                       ; u_soc|crypto_accelerator|u_core|u_aes|u_sub_byte_core|gf_0|d_inv_t[3]~6|datae               ;
;   21.367 ;   0.256  ; FF ; CELL ; 3      ; LABCELL_X29_Y16_N21                       ; u_soc|crypto_accelerator|u_core|u_aes|u_sub_byte_core|gf_0|d_inv_t[3]~6|combout             ;
;   21.367 ;   0.000  ;    ; RE   ; 2      ; LABCELL_X29_Y16_N21                       ; ARRIAV_LCELL_COMB                                                                           ;
;   21.443 ;   0.076  ;    ; RE   ; 2      ; LOCAL_LINE_X29_Y16_N0_I7                  ; LOCAL_LINE                                                                                  ;
;   21.566 ;   0.123  ;    ; RE   ; 1      ; BLOCK_INPUT_MUX_X29_Y16_N0_I8             ; LEIM_INPUT                                                                                  ;
;   21.566 ;   0.000  ; FF ; IC   ; 1      ; LABCELL_X29_Y16_N6                        ; u_soc|crypto_accelerator|u_core|u_aes|u_sub_byte_core|gf_0|d_inv_t[3]~7|datad               ;
;   21.869 ;   0.303  ; FR ; CELL ; 8      ; LABCELL_X29_Y16_N6                        ; u_soc|crypto_accelerator|u_core|u_aes|u_sub_byte_core|gf_0|d_inv_t[3]~7|combout             ;
;   21.869 ;   0.000  ;    ; RE   ; 2      ; LABCELL_X29_Y16_N6                        ; ARRIAV_LCELL_COMB                                                                           ;
;   21.958 ;   0.089  ;    ; RE   ; 2      ; LE_BUFFER_X29_Y16_N0_I4                   ; LE_BUFFER                                                                                   ;
;   22.094 ;   0.136  ;    ; RE   ; 1      ; C2_X29_Y14_N0_I19                         ; V_SEG2                                                                                      ;
;   22.224 ;   0.130  ;    ; RE   ; 1      ; R3_X27_Y15_N0_I12                         ; H_SEG3                                                                                      ;
;   22.350 ;   0.126  ;    ; RE   ; 1      ; LOCAL_INTERCONNECT_X28_Y15_N0_I9          ; LAB_LINE                                                                                    ;
;   22.461 ;   0.111  ;    ; RE   ; 1      ; BLOCK_INPUT_MUX_X28_Y15_N0_I32            ; LEIM_INPUT                                                                                  ;
;   22.461 ;   0.000  ; RR ; IC   ; 1      ; MLABCELL_X28_Y15_N24                      ; u_soc|crypto_accelerator|u_core|u_aes|u_sub_byte_core|gf_0|dr_xor2~67|datae                 ;
;   22.718 ;   0.257  ; RF ; CELL ; 4      ; MLABCELL_X28_Y15_N24                      ; u_soc|crypto_accelerator|u_core|u_aes|u_sub_byte_core|gf_0|dr_xor2~67|combout               ;
;   22.718 ;   0.000  ;    ; RE   ; 1      ; MLABCELL_X28_Y15_N24                      ; ARRIAV_LCELL_COMB                                                                           ;
;   22.781 ;   0.063  ;    ; RE   ; 2      ; LE_BUFFER_X28_Y15_N0_I16                  ; LE_BUFFER                                                                                   ;
;   22.935 ;   0.154  ;    ; RE   ; 1      ; C2_X28_Y16_N0_I9                          ; V_SEG2                                                                                      ;
;   23.111 ;   0.176  ;    ; RE   ; 1      ; R6_X23_Y16_N0_I26                         ; H_SEG6                                                                                      ;
;   23.293 ;   0.182  ;    ; RE   ; 2      ; LOCAL_INTERCONNECT_X28_Y16_N0_I41         ; LAB_LINE                                                                                    ;
;   23.420 ;   0.127  ;    ; RE   ; 1      ; BLOCK_INPUT_MUX_X28_Y16_N0_I72            ; LEIM_INPUT                                                                                  ;
;   23.421 ;   0.001  ; FF ; IC   ; 1      ; MLABCELL_X28_Y16_N54                      ; u_soc|crypto_accelerator|u_core|u_aes|u_sub_byte_core|gf_0|dr_xor2~69|datad                 ;
;   23.727 ;   0.306  ; FR ; CELL ; 2      ; MLABCELL_X28_Y16_N54                      ; u_soc|crypto_accelerator|u_core|u_aes|u_sub_byte_core|gf_0|dr_xor2~69|combout               ;
;   23.727 ;   0.000  ;    ; RE   ; 2      ; MLABCELL_X28_Y16_N54                      ; ARRIAV_LCELL_COMB                                                                           ;
;   23.836 ;   0.109  ;    ; RE   ; 1      ; LE_BUFFER_X28_Y16_N0_I37                  ; LE_BUFFER                                                                                   ;
;   23.966 ;   0.130  ;    ; RE   ; 1      ; R3_X28_Y16_N0_I7                          ; H_SEG3                                                                                      ;
;   24.100 ;   0.134  ;    ; RE   ; 1      ; LOCAL_INTERCONNECT_X28_Y16_N0_I15         ; LAB_LINE                                                                                    ;
;   24.212 ;   0.112  ;    ; RE   ; 1      ; BLOCK_INPUT_MUX_X28_Y16_N0_I23            ; LEIM_INPUT                                                                                  ;
;   24.212 ;   0.000  ; RR ; IC   ; 1      ; MLABCELL_X28_Y16_N15                      ; u_soc|crypto_accelerator|u_core|u_aes|u_sub_byte_core|gf_0|al_out_t[2]|dataf                ;
;   24.299 ;   0.087  ; RF ; CELL ; 6      ; MLABCELL_X28_Y16_N15                      ; u_soc|crypto_accelerator|u_core|u_aes|u_sub_byte_core|gf_0|al_out_t[2]|combout              ;
;   24.299 ;   0.000  ;    ; RE   ; 2      ; MLABCELL_X28_Y16_N15                      ; ARRIAV_LCELL_COMB                                                                           ;
;   24.395 ;   0.096  ;    ; RE   ; 2      ; LOCAL_LINE_X28_Y16_N0_I5                  ; LOCAL_LINE                                                                                  ;
;   24.525 ;   0.130  ;    ; RE   ; 2      ; BLOCK_INPUT_MUX_X28_Y16_N0_I61            ; LEIM_INPUT                                                                                  ;
;   24.525 ;   0.000  ; FF ; IC   ; 1      ; MLABCELL_X28_Y16_N45                      ; u_soc|crypto_accelerator|u_core|u_aes|u_sub_byte_core|gf_0|data_out_f[5]~5|datac            ;
;   25.024 ;   0.499  ; FF ; CELL ; 5      ; MLABCELL_X28_Y16_N45                      ; u_soc|crypto_accelerator|u_core|u_aes|u_sub_byte_core|gf_0|data_out_f[5]~5|combout          ;
;   25.024 ;   0.000  ;    ; RE   ; 2      ; MLABCELL_X28_Y16_N45                      ; ARRIAV_LCELL_COMB                                                                           ;
;   25.080 ;   0.056  ;    ; RE   ; 1      ; LE_BUFFER_X28_Y16_N0_I30                  ; LE_BUFFER                                                                                   ;
;   25.228 ;   0.148  ;    ; RE   ; 1      ; C2_X28_Y14_N0_I15                         ; V_SEG2                                                                                      ;
;   25.403 ;   0.175  ;    ; RE   ; 1      ; R3_X26_Y15_N0_I13                         ; H_SEG3                                                                                      ;
;   25.589 ;   0.186  ;    ; RE   ; 1      ; LOCAL_INTERCONNECT_X27_Y15_N0_I19         ; LAB_LINE                                                                                    ;
;   25.708 ;   0.119  ;    ; RE   ; 1      ; BLOCK_INPUT_MUX_X27_Y15_N0_I53            ; LEIM_INPUT                                                                                  ;
;   25.708 ;   0.000  ; FF ; IC   ; 1      ; LABCELL_X27_Y15_N39                       ; u_soc|crypto_accelerator|u_core|u_aes|u_sub_byte_core|aff_trans_0|aff_trans_out_f~0|datac   ;
;   26.116 ;   0.408  ; FF ; CELL ; 5      ; LABCELL_X27_Y15_N39                       ; u_soc|crypto_accelerator|u_core|u_aes|u_sub_byte_core|aff_trans_0|aff_trans_out_f~0|combout ;
;   26.116 ;   0.000  ;    ; RE   ; 1      ; LABCELL_X27_Y15_N39                       ; ARRIAV_LCELL_COMB                                                                           ;
;   26.198 ;   0.082  ;    ; RE   ; 3      ; LE_BUFFER_X27_Y15_N0_I27                  ; LE_BUFFER                                                                                   ;
;   26.382 ;   0.184  ;    ; RE   ; 1      ; C4_X26_Y16_N0_I0                          ; V_SEG4                                                                                      ;
;   26.594 ;   0.212  ;    ; RE   ; 1      ; LOCAL_INTERCONNECT_X27_Y16_N0_I12         ; LAB_LINE                                                                                    ;
;   26.709 ;   0.115  ;    ; RE   ; 1      ; BLOCK_INPUT_MUX_X27_Y16_N0_I28            ; LEIM_INPUT                                                                                  ;
;   26.708 ;   -0.001 ; FF ; IC   ; 1      ; LABCELL_X27_Y16_N18                       ; u_soc|crypto_accelerator|u_core|u_aes|u_sub_byte_core|data_out_f[7]~7|datac                 ;
;   27.122 ;   0.414  ; FF ; CELL ; 20     ; LABCELL_X27_Y16_N18                       ; u_soc|crypto_accelerator|u_core|u_aes|u_sub_byte_core|data_out_f[7]~7|combout               ;
;   27.122 ;   0.000  ;    ; RE   ; 2      ; LABCELL_X27_Y16_N18                       ; ARRIAV_LCELL_COMB                                                                           ;
;   27.217 ;   0.095  ;    ; RE   ; 5      ; LE_BUFFER_X27_Y16_N0_I12                  ; LE_BUFFER                                                                                   ;
;   27.444 ;   0.227  ;    ; RE   ; 2      ; C2_X27_Y14_N0_I12                         ; V_SEG2                                                                                      ;
;   27.673 ;   0.229  ;    ; RE   ; 3      ; C2_X27_Y12_N0_I12                         ; V_SEG2                                                                                      ;
;   27.894 ;   0.221  ;    ; RE   ; 1      ; R6_X28_Y13_N0_I17                         ; H_SEG6                                                                                      ;
;   28.103 ;   0.209  ;    ; RE   ; 1      ; R3_X28_Y13_N0_I7                          ; H_SEG3                                                                                      ;
;   28.254 ;   0.151  ;    ; RE   ; 1      ; LOCAL_INTERCONNECT_X28_Y13_N0_I42         ; LAB_LINE                                                                                    ;
;   28.372 ;   0.118  ;    ; RE   ; 1      ; BLOCK_INPUT_MUX_X28_Y13_N0_I70            ; LEIM_INPUT                                                                                  ;
;   28.373 ;   0.001  ; FF ; IC   ; 1      ; FF_X28_Y13_N53                            ; u_soc|crypto_accelerator|u_core|u_aes|buf_a_f[5][7]|asdata                                  ;
;   28.888 ;   0.515  ; FF ; CELL ; 1      ; FF_X28_Y13_N53                            ; soc:u_soc|axi_slave_top:crypto_accelerator|axi_slave_core:u_core|aes:u_aes|buf_a_f[5][7]    ;
+----------+----------+----+------+--------+-------------------------------------------+---------------------------------------------------------------------------------------------+

+----------------------------------------------------------------------------------------------------------------------------------------------------+
; Data Required Path                                                                                                                                 ;
+---------+---------+----+------+--------+----------------+------------------------------------------------------------------------------------------+
; Total   ; Incr    ; RF ; Type ; Fanout ; Location       ; Element                                                                                  ;
+---------+---------+----+------+--------+----------------+------------------------------------------------------------------------------------------+
; 1.000   ; 1.000   ;    ;      ;        ;                ; latch edge time                                                                          ;
; 4.636   ; 3.636   ;    ;      ;        ;                ; clock path                                                                               ;
;   4.580 ;   3.580 ; R  ;      ;        ;                ; clock network delay                                                                      ;
;   4.636 ;   0.056 ;    ;      ;        ;                ; clock pessimism removed                                                                  ;
; 4.466   ; -0.170  ;    ;      ;        ;                ; clock uncertainty                                                                        ;
; 4.466   ; 0.000   ;    ; uTsu ; 1      ; FF_X28_Y13_N53 ; soc:u_soc|axi_slave_top:crypto_accelerator|axi_slave_core:u_core|aes:u_aes|buf_a_f[5][7] ;
+---------+---------+----+------+--------+----------------+------------------------------------------------------------------------------------------+

----------------------------
; Extra Fitter Information ;
----------------------------
HTML report is unavailable in plain text report export.


Path #3: Setup slack is -24.394 (VIOLATED)
===============================================================================
+---------------------------------------------------------------------------------------------------------------+
; Path Summary                                                                                                  ;
+--------------------+------------------------------------------------------------------------------------------+
; Property           ; Value                                                                                    ;
+--------------------+------------------------------------------------------------------------------------------+
; From Node          ; soc:u_soc|axi_slave_top:crypto_accelerator|axi_slave_core:u_core|aes:u_aes|kexp_i[1]     ;
; To Node            ; soc:u_soc|axi_slave_top:crypto_accelerator|axi_slave_core:u_core|aes:u_aes|buf_a_f[5][7] ;
; Launch Clock       ; CLOCK_50                                                                                 ;
; Latch Clock        ; CLOCK_50                                                                                 ;
; Data Arrival Time  ; 28.860                                                                                   ;
; Data Required Time ; 4.466                                                                                    ;
; Slack              ; -24.394 (VIOLATED)                                                                       ;
+--------------------+------------------------------------------------------------------------------------------+

+----------------------------------------------------------------------------------------+
; Statistics                                                                             ;
+---------------------------+--------+-------+-------------+------------+--------+-------+
; Property                  ; Value  ; Count ; Total Delay ; % of Total ; Min    ; Max   ;
+---------------------------+--------+-------+-------------+------------+--------+-------+
; Setup Relationship        ; 1.000  ;       ;             ;            ;        ;       ;
; Clock Skew                ; -0.423 ;       ;             ;            ;        ;       ;
; Data Delay                ; 24.801 ;       ;             ;            ;        ;       ;
; Number of Logic Levels    ;        ; 32    ;             ;            ;        ;       ;
; Physical Delays           ;        ;       ;             ;            ;        ;       ;
;  Arrival Path             ;        ;       ;             ;            ;        ;       ;
;   Clock                   ;        ;       ;             ;            ;        ;       ;
;    Clock Network (Lumped) ;        ; 1     ; 4.059       ; 100        ; 4.059  ; 4.059 ;
;   Data                    ;        ;       ;             ;            ;        ;       ;
;    IC                     ;        ; 33    ; -0.002      ; 0          ; -0.001 ; 0.001 ;
;    Cell                   ;        ; 34    ; 8.268       ; 33         ; 0.000  ; 0.515 ;
;    uTco                   ;        ; 1     ; 0.000       ; 0          ; 0.000  ; 0.000 ;
;    Routing Element        ;        ; 152   ; 16.535      ; 67         ; 0.000  ; 0.401 ;
;  Required Path            ;        ;       ;             ;            ;        ;       ;
;   Clock                   ;        ;       ;             ;            ;        ;       ;
;    Clock Network (Lumped) ;        ; 1     ; 3.580       ; 100        ; 3.580  ; 3.580 ;
+---------------------------+--------+-------+-------------+------------+--------+-------+
Note: Negative delays are omitted from totals when calculating percentages

+------------------------------------------------------------------------------------------------------------------------------------------------------------------------------------+
; Data Arrival Path                                                                                                                                                                  ;
+----------+----------+----+------+--------+-------------------------------------------+---------------------------------------------------------------------------------------------+
; Total    ; Incr     ; RF ; Type ; Fanout ; Location                                  ; Element                                                                                     ;
+----------+----------+----+------+--------+-------------------------------------------+---------------------------------------------------------------------------------------------+
; 0.000    ; 0.000    ;    ;      ;        ;                                           ; launch edge time                                                                            ;
; 4.059    ; 4.059    ;    ;      ;        ;                                           ; clock path                                                                                  ;
;   4.059  ;   4.059  ; R  ;      ;        ;                                           ; clock network delay                                                                         ;
; 28.860   ; 24.801   ;    ;      ;        ;                                           ; data path                                                                                   ;
;   4.059  ;   0.000  ;    ; uTco ; 1      ; FF_X30_Y23_N2                             ; soc:u_soc|axi_slave_top:crypto_accelerator|axi_slave_core:u_core|aes:u_aes|kexp_i[1]        ;
;   4.059  ;   0.000  ; FF ; CELL ; 239    ; FF_X30_Y23_N2                             ; u_soc|crypto_accelerator|u_core|u_aes|kexp_i[1]|q                                           ;
;   4.109  ;   0.050  ;    ; RE   ; 3      ; FF_X30_Y23_N2                             ; ARRIAV_FF                                                                                   ;
;   4.197  ;   0.088  ;    ; RE   ; 5      ; LE_BUFFER_X30_Y23_N0_I1                   ; LE_BUFFER                                                                                   ;
;   4.598  ;   0.401  ;    ; RE   ; 8      ; R6_X30_Y23_N0_I11                         ; H_SEG6                                                                                      ;
;   4.941  ;   0.343  ;    ; RE   ; 3      ; R6_X35_Y23_N0_I10                         ; H_SEG6                                                                                      ;
;   5.177  ;   0.236  ;    ; RE   ; 2      ; LOCAL_INTERCONNECT_X36_Y23_N0_I1          ; LAB_LINE                                                                                    ;
;   5.299  ;   0.122  ;    ; RE   ; 1      ; BLOCK_INPUT_MUX_X36_Y23_N0_I64            ; LEIM_INPUT                                                                                  ;
;   5.299  ;   0.000  ; FF ; IC   ; 1      ; LABCELL_X36_Y23_N48                       ; u_soc|crypto_accelerator|u_core|u_aes|sb_in_f~20|datad                                      ;
;   5.587  ;   0.288  ; FF ; CELL ; 3      ; LABCELL_X36_Y23_N48                       ; u_soc|crypto_accelerator|u_core|u_aes|sb_in_f~20|combout                                    ;
;   5.587  ;   0.000  ;    ; RE   ; 2      ; LABCELL_X36_Y23_N48                       ; ARRIAV_LCELL_COMB                                                                           ;
;   5.664  ;   0.077  ;    ; RE   ; 1      ; LOCAL_LINE_X36_Y23_N0_I16                 ; LOCAL_LINE                                                                                  ;
;   5.785  ;   0.121  ;    ; RE   ; 1      ; BLOCK_INPUT_MUX_X36_Y23_N0_I28            ; LEIM_INPUT                                                                                  ;
;   5.785  ;   0.000  ; FF ; IC   ; 1      ; LABCELL_X36_Y23_N18                       ; u_soc|crypto_accelerator|u_core|u_aes|sb_in_f~22|datac                                      ;
;   6.202  ;   0.417  ; FF ; CELL ; 48     ; LABCELL_X36_Y23_N18                       ; u_soc|crypto_accelerator|u_core|u_aes|sb_in_f~22|combout                                    ;
;   6.202  ;   0.000  ;    ; RE   ; 2      ; LABCELL_X36_Y23_N18                       ; ARRIAV_LCELL_COMB                                                                           ;
;   6.299  ;   0.097  ;    ; RE   ; 2      ; LE_BUFFER_X36_Y23_N0_I13                  ; LE_BUFFER                                                                                   ;
;   6.497  ;   0.198  ;    ; RE   ; 2      ; R3_X36_Y23_N0_I1                          ; H_SEG3                                                                                      ;
;   6.497  ;   0.000  ;    ; RE   ; 2      ; R14_C12_INTERCONNECT_DRIVER_X36_Y23_N0_I1 ; WIRE_MUX                                                                                    ;
;   6.740  ;   0.243  ;    ; RE   ; 2      ; R14_X23_Y23_N0_I1                         ; H_SEG14                                                                                     ;
;   6.966  ;   0.226  ;    ; RE   ; 1      ; C2_X22_Y21_N0_I15                         ; V_SEG2                                                                                      ;
;   7.290  ;   0.324  ;    ; RE   ; 1      ; R6_X17_Y21_N0_I26                         ; H_SEG6                                                                                      ;
;   7.504  ;   0.214  ;    ; RE   ; 3      ; LOCAL_INTERCONNECT_X19_Y21_N0_I12         ; LAB_LINE                                                                                    ;
;   7.618  ;   0.114  ;    ; RE   ; 1      ; BLOCK_INPUT_MUX_X19_Y21_N0_I71            ; LEIM_INPUT                                                                                  ;
;   7.618  ;   0.000  ; FF ; IC   ; 1      ; LABCELL_X19_Y21_N51                       ; u_soc|crypto_accelerator|u_core|u_aes|sb_in_f~545|dataf                                     ;
;   7.689  ;   0.071  ; FF ; CELL ; 1      ; LABCELL_X19_Y21_N51                       ; u_soc|crypto_accelerator|u_core|u_aes|sb_in_f~545|combout                                   ;
;   7.689  ;   0.000  ;    ; RE   ; 1      ; LABCELL_X19_Y21_N51                       ; ARRIAV_LCELL_COMB                                                                           ;
;   7.745  ;   0.056  ;    ; RE   ; 1      ; LE_BUFFER_X19_Y21_N0_I34                  ; LE_BUFFER                                                                                   ;
;   7.885  ;   0.140  ;    ; RE   ; 1      ; R3_X17_Y21_N0_I21                         ; H_SEG3                                                                                      ;
;   7.885  ;   0.000  ;    ; RE   ; 1      ; R14_C12_INTERCONNECT_DRIVER_X19_Y21_N0_I2 ; WIRE_MUX                                                                                    ;
;   8.123  ;   0.238  ;    ; RE   ; 1      ; R14_X20_Y21_N0_I0                         ; H_SEG14                                                                                     ;
;   8.332  ;   0.209  ;    ; RE   ; 1      ; C2_X30_Y22_N0_I7                          ; V_SEG2                                                                                      ;
;   8.509  ;   0.177  ;    ; RE   ; 1      ; R6_X31_Y22_N0_I16                         ; H_SEG6                                                                                      ;
;   8.677  ;   0.168  ;    ; RE   ; 1      ; LOCAL_INTERCONNECT_X31_Y22_N0_I16         ; LAB_LINE                                                                                    ;
;   8.784  ;   0.107  ;    ; RE   ; 1      ; BLOCK_INPUT_MUX_X31_Y22_N0_I56            ; LEIM_INPUT                                                                                  ;
;   8.784  ;   0.000  ; FF ; IC   ; 1      ; LABCELL_X31_Y22_N42                       ; u_soc|crypto_accelerator|u_core|u_aes|sb_in_f~761|datad                                     ;
;   9.086  ;   0.302  ; FR ; CELL ; 1      ; LABCELL_X31_Y22_N42                       ; u_soc|crypto_accelerator|u_core|u_aes|sb_in_f~761|combout                                   ;
;   9.086  ;   0.000  ;    ; RE   ; 1      ; LABCELL_X31_Y22_N42                       ; ARRIAV_LCELL_COMB                                                                           ;
;   9.174  ;   0.088  ;    ; RE   ; 1      ; LOCAL_LINE_X31_Y22_N0_I14                 ; LOCAL_LINE                                                                                  ;
;   9.279  ;   0.105  ;    ; RE   ; 1      ; BLOCK_INPUT_MUX_X31_Y22_N0_I65            ; LEIM_INPUT                                                                                  ;
;   9.279  ;   0.000  ; RR ; IC   ; 1      ; LABCELL_X31_Y22_N48                       ; u_soc|crypto_accelerator|u_core|u_aes|sb_in_f~546|dataf                                     ;
;   9.357  ;   0.078  ; RR ; CELL ; 1      ; LABCELL_X31_Y22_N48                       ; u_soc|crypto_accelerator|u_core|u_aes|sb_in_f~546|combout                                   ;
;   9.357  ;   0.000  ;    ; RE   ; 1      ; LABCELL_X31_Y22_N48                       ; ARRIAV_LCELL_COMB                                                                           ;
;   9.457  ;   0.100  ;    ; RE   ; 1      ; LOCAL_LINE_X31_Y22_N0_I16                 ; LOCAL_LINE                                                                                  ;
;   9.564  ;   0.107  ;    ; RE   ; 1      ; BLOCK_INPUT_MUX_X31_Y22_N0_I17            ; LEIM_INPUT                                                                                  ;
;   9.564  ;   0.000  ; RR ; IC   ; 1      ; LABCELL_X31_Y22_N12                       ; u_soc|crypto_accelerator|u_core|u_aes|sb_in_f~548|dataf                                     ;
;   9.648  ;   0.084  ; RF ; CELL ; 1      ; LABCELL_X31_Y22_N12                       ; u_soc|crypto_accelerator|u_core|u_aes|sb_in_f~548|combout                                   ;
;   9.648  ;   0.000  ;    ; RE   ; 1      ; LABCELL_X31_Y22_N12                       ; ARRIAV_LCELL_COMB                                                                           ;
;   9.730  ;   0.082  ;    ; RE   ; 1      ; LOCAL_LINE_X31_Y22_N0_I4                  ; LOCAL_LINE                                                                                  ;
;   9.855  ;   0.125  ;    ; RE   ; 1      ; BLOCK_INPUT_MUX_X31_Y22_N0_I55            ; LEIM_INPUT                                                                                  ;
;   9.855  ;   0.000  ; FF ; IC   ; 1      ; LABCELL_X31_Y22_N39                       ; u_soc|crypto_accelerator|u_core|u_aes|sb_in_f~550|dataf                                     ;
;   9.926  ;   0.071  ; FF ; CELL ; 1      ; LABCELL_X31_Y22_N39                       ; u_soc|crypto_accelerator|u_core|u_aes|sb_in_f~550|combout                                   ;
;   9.926  ;   0.000  ;    ; RE   ; 1      ; LABCELL_X31_Y22_N39                       ; ARRIAV_LCELL_COMB                                                                           ;
;   9.995  ;   0.069  ;    ; RE   ; 1      ; LE_BUFFER_X31_Y22_N0_I27                  ; LE_BUFFER                                                                                   ;
;   10.173 ;   0.178  ;    ; RE   ; 1      ; C2_X30_Y20_N0_I14                         ; V_SEG2                                                                                      ;
;   10.381 ;   0.208  ;    ; RE   ; 1      ; C2_X30_Y18_N0_I14                         ; V_SEG2                                                                                      ;
;   10.747 ;   0.366  ;    ; RE   ; 1      ; R6_X31_Y18_N0_I5                          ; H_SEG6                                                                                      ;
;   10.991 ;   0.244  ;    ; RE   ; 1      ; LOCAL_INTERCONNECT_X36_Y18_N0_I39         ; LAB_LINE                                                                                    ;
;   11.107 ;   0.116  ;    ; RE   ; 1      ; BLOCK_INPUT_MUX_X36_Y18_N0_I9             ; LEIM_INPUT                                                                                  ;
;   11.107 ;   0.000  ; FF ; IC   ; 1      ; LABCELL_X36_Y18_N6                        ; u_soc|crypto_accelerator|u_core|u_aes|sb_in_f~553|dataf                                     ;
;   11.189 ;   0.082  ; FR ; CELL ; 1      ; LABCELL_X36_Y18_N6                        ; u_soc|crypto_accelerator|u_core|u_aes|sb_in_f~553|combout                                   ;
;   11.189 ;   0.000  ;    ; RE   ; 1      ; LABCELL_X36_Y18_N6                        ; ARRIAV_LCELL_COMB                                                                           ;
;   11.292 ;   0.103  ;    ; RE   ; 1      ; LOCAL_LINE_X36_Y18_N0_I2                  ; LOCAL_LINE                                                                                  ;
;   11.399 ;   0.107  ;    ; RE   ; 1      ; BLOCK_INPUT_MUX_X36_Y18_N0_I65            ; LEIM_INPUT                                                                                  ;
;   11.399 ;   0.000  ; RR ; IC   ; 1      ; LABCELL_X36_Y18_N48                       ; u_soc|crypto_accelerator|u_core|u_aes|sb_in_f~555|dataf                                     ;
;   11.477 ;   0.078  ; RR ; CELL ; 1      ; LABCELL_X36_Y18_N48                       ; u_soc|crypto_accelerator|u_core|u_aes|sb_in_f~555|combout                                   ;
;   11.477 ;   0.000  ;    ; RE   ; 1      ; LABCELL_X36_Y18_N48                       ; ARRIAV_LCELL_COMB                                                                           ;
;   11.570 ;   0.093  ;    ; RE   ; 1      ; LOCAL_LINE_X36_Y18_N0_I16                 ; LOCAL_LINE                                                                                  ;
;   11.675 ;   0.105  ;    ; RE   ; 1      ; BLOCK_INPUT_MUX_X36_Y18_N0_I41            ; LEIM_INPUT                                                                                  ;
;   11.675 ;   0.000  ; RR ; IC   ; 1      ; LABCELL_X36_Y18_N30                       ; u_soc|crypto_accelerator|u_core|u_aes|sb_in_f~557|dataf                                     ;
;   11.753 ;   0.078  ; RR ; CELL ; 1      ; LABCELL_X36_Y18_N30                       ; u_soc|crypto_accelerator|u_core|u_aes|sb_in_f~557|combout                                   ;
;   11.753 ;   0.000  ;    ; RE   ; 1      ; LABCELL_X36_Y18_N30                       ; ARRIAV_LCELL_COMB                                                                           ;
;   11.865 ;   0.112  ;    ; RE   ; 1      ; LOCAL_LINE_X36_Y18_N0_I10                 ; LOCAL_LINE                                                                                  ;
;   11.971 ;   0.106  ;    ; RE   ; 1      ; BLOCK_INPUT_MUX_X36_Y18_N0_I17            ; LEIM_INPUT                                                                                  ;
;   11.972 ;   0.001  ; RR ; IC   ; 1      ; LABCELL_X36_Y18_N12                       ; u_soc|crypto_accelerator|u_core|u_aes|sb_in_f~559|dataf                                     ;
;   12.050 ;   0.078  ; RR ; CELL ; 1      ; LABCELL_X36_Y18_N12                       ; u_soc|crypto_accelerator|u_core|u_aes|sb_in_f~559|combout                                   ;
;   12.050 ;   0.000  ;    ; RE   ; 1      ; LABCELL_X36_Y18_N12                       ; ARRIAV_LCELL_COMB                                                                           ;
;   12.142 ;   0.092  ;    ; RE   ; 1      ; LOCAL_LINE_X36_Y18_N0_I4                  ; LOCAL_LINE                                                                                  ;
;   12.248 ;   0.106  ;    ; RE   ; 1      ; BLOCK_INPUT_MUX_X36_Y18_N0_I25            ; LEIM_INPUT                                                                                  ;
;   12.248 ;   0.000  ; RR ; IC   ; 1      ; LABCELL_X36_Y18_N18                       ; u_soc|crypto_accelerator|u_core|u_aes|sb_in_f~561|dataf                                     ;
;   12.325 ;   0.077  ; RR ; CELL ; 1      ; LABCELL_X36_Y18_N18                       ; u_soc|crypto_accelerator|u_core|u_aes|sb_in_f~561|combout                                   ;
;   12.325 ;   0.000  ;    ; RE   ; 1      ; LABCELL_X36_Y18_N18                       ; ARRIAV_LCELL_COMB                                                                           ;
;   12.434 ;   0.109  ;    ; RE   ; 1      ; LE_BUFFER_X36_Y18_N0_I13                  ; LE_BUFFER                                                                                   ;
;   12.538 ;   0.104  ;    ; RE   ; 1      ; LOCAL_INTERCONNECT_X35_Y18_N0_I36         ; LAB_LINE                                                                                    ;
;   12.641 ;   0.103  ;    ; RE   ; 1      ; BLOCK_INPUT_MUX_X35_Y18_N0_I33            ; LEIM_INPUT                                                                                  ;
;   12.642 ;   0.001  ; RR ; IC   ; 1      ; LABCELL_X35_Y18_N24                       ; u_soc|crypto_accelerator|u_core|u_aes|sb_in_f~563|dataf                                     ;
;   12.720 ;   0.078  ; RR ; CELL ; 1      ; LABCELL_X35_Y18_N24                       ; u_soc|crypto_accelerator|u_core|u_aes|sb_in_f~563|combout                                   ;
;   12.720 ;   0.000  ;    ; RE   ; 1      ; LABCELL_X35_Y18_N24                       ; ARRIAV_LCELL_COMB                                                                           ;
;   12.809 ;   0.089  ;    ; RE   ; 1      ; LOCAL_LINE_X35_Y18_N0_I8                  ; LOCAL_LINE                                                                                  ;
;   12.913 ;   0.104  ;    ; RE   ; 1      ; BLOCK_INPUT_MUX_X35_Y18_N0_I25            ; LEIM_INPUT                                                                                  ;
;   12.913 ;   0.000  ; RR ; IC   ; 1      ; LABCELL_X35_Y18_N18                       ; u_soc|crypto_accelerator|u_core|u_aes|sb_in_f~565|dataf                                     ;
;   12.990 ;   0.077  ; RR ; CELL ; 1      ; LABCELL_X35_Y18_N18                       ; u_soc|crypto_accelerator|u_core|u_aes|sb_in_f~565|combout                                   ;
;   12.990 ;   0.000  ;    ; RE   ; 1      ; LABCELL_X35_Y18_N18                       ; ARRIAV_LCELL_COMB                                                                           ;
;   13.075 ;   0.085  ;    ; RE   ; 1      ; LE_BUFFER_X35_Y18_N0_I13                  ; LE_BUFFER                                                                                   ;
;   13.182 ;   0.107  ;    ; RE   ; 1      ; LOCAL_INTERCONNECT_X34_Y18_N0_I36         ; LAB_LINE                                                                                    ;
;   13.286 ;   0.104  ;    ; RE   ; 1      ; BLOCK_INPUT_MUX_X34_Y18_N0_I1             ; LEIM_INPUT                                                                                  ;
;   13.287 ;   0.001  ; RR ; IC   ; 1      ; MLABCELL_X34_Y18_N0                       ; u_soc|crypto_accelerator|u_core|u_aes|sb_in_f~567|dataf                                     ;
;   13.364 ;   0.077  ; RR ; CELL ; 1      ; MLABCELL_X34_Y18_N0                       ; u_soc|crypto_accelerator|u_core|u_aes|sb_in_f~567|combout                                   ;
;   13.364 ;   0.000  ;    ; RE   ; 1      ; MLABCELL_X34_Y18_N0                       ; ARRIAV_LCELL_COMB                                                                           ;
;   13.469 ;   0.105  ;    ; RE   ; 1      ; LE_BUFFER_X34_Y18_N0_I1                   ; LE_BUFFER                                                                                   ;
;   13.647 ;   0.178  ;    ; RE   ; 1      ; C2_X33_Y16_N0_I18                         ; V_SEG2                                                                                      ;
;   13.831 ;   0.184  ;    ; RE   ; 1      ; R3_X31_Y17_N0_I20                         ; H_SEG3                                                                                      ;
;   13.970 ;   0.139  ;    ; RE   ; 1      ; LOCAL_INTERCONNECT_X31_Y17_N0_I28         ; LAB_LINE                                                                                    ;
;   14.073 ;   0.103  ;    ; RE   ; 1      ; BLOCK_INPUT_MUX_X31_Y17_N0_I17            ; LEIM_INPUT                                                                                  ;
;   14.072 ;   -0.001 ; RR ; IC   ; 1      ; LABCELL_X31_Y17_N12                       ; u_soc|crypto_accelerator|u_core|u_aes|sb_in_f~569|dataf                                     ;
;   14.150 ;   0.078  ; RR ; CELL ; 1      ; LABCELL_X31_Y17_N12                       ; u_soc|crypto_accelerator|u_core|u_aes|sb_in_f~569|combout                                   ;
;   14.150 ;   0.000  ;    ; RE   ; 1      ; LABCELL_X31_Y17_N12                       ; ARRIAV_LCELL_COMB                                                                           ;
;   14.247 ;   0.097  ;    ; RE   ; 1      ; LOCAL_LINE_X31_Y17_N0_I4                  ; LOCAL_LINE                                                                                  ;
;   14.353 ;   0.106  ;    ; RE   ; 1      ; BLOCK_INPUT_MUX_X31_Y17_N0_I1             ; LEIM_INPUT                                                                                  ;
;   14.353 ;   0.000  ; RR ; IC   ; 1      ; LABCELL_X31_Y17_N0                        ; u_soc|crypto_accelerator|u_core|u_aes|Selector4548~1|dataf                                  ;
;   14.439 ;   0.086  ; RF ; CELL ; 4      ; LABCELL_X31_Y17_N0                        ; u_soc|crypto_accelerator|u_core|u_aes|Selector4548~1|combout                                ;
;   14.439 ;   0.000  ;    ; RE   ; 2      ; LABCELL_X31_Y17_N0                        ; ARRIAV_LCELL_COMB                                                                           ;
;   14.494 ;   0.055  ;    ; RE   ; 1      ; LE_BUFFER_X31_Y17_N0_I0                   ; LE_BUFFER                                                                                   ;
;   14.644 ;   0.150  ;    ; RE   ; 1      ; R6_X26_Y17_N0_I22                         ; H_SEG6                                                                                      ;
;   14.831 ;   0.187  ;    ; RE   ; 1      ; LOCAL_INTERCONNECT_X31_Y17_N0_I35         ; LAB_LINE                                                                                    ;
;   14.942 ;   0.111  ;    ; RE   ; 1      ; BLOCK_INPUT_MUX_X31_Y17_N0_I77            ; LEIM_INPUT                                                                                  ;
;   14.942 ;   0.000  ; FF ; IC   ; 1      ; LABCELL_X31_Y17_N57                       ; u_soc|crypto_accelerator|u_core|u_aes|u_sub_byte_core|gf_in_f[4]~1|datac                    ;
;   15.355 ;   0.413  ; FF ; CELL ; 8      ; LABCELL_X31_Y17_N57                       ; u_soc|crypto_accelerator|u_core|u_aes|u_sub_byte_core|gf_in_f[4]~1|combout                  ;
;   15.355 ;   0.000  ;    ; RE   ; 2      ; LABCELL_X31_Y17_N57                       ; ARRIAV_LCELL_COMB                                                                           ;
;   15.414 ;   0.059  ;    ; RE   ; 2      ; LE_BUFFER_X31_Y17_N0_I38                  ; LE_BUFFER                                                                                   ;
;   15.578 ;   0.164  ;    ; RE   ; 3      ; C4_X31_Y13_N0_I9                          ; V_SEG4                                                                                      ;
;   15.832 ;   0.254  ;    ; RE   ; 1      ; R6_X26_Y16_N0_I24                         ; H_SEG6                                                                                      ;
;   16.039 ;   0.207  ;    ; RE   ; 1      ; LOCAL_INTERCONNECT_X30_Y16_N0_I37         ; LAB_LINE                                                                                    ;
;   16.158 ;   0.119  ;    ; RE   ; 1      ; BLOCK_INPUT_MUX_X30_Y16_N0_I29            ; LEIM_INPUT                                                                                  ;
;   16.158 ;   0.000  ; FF ; IC   ; 1      ; LABCELL_X30_Y16_N21                       ; u_soc|crypto_accelerator|u_core|u_aes|u_sub_byte_core|gf_0|al_sq_f[3]|datac                 ;
;   16.575 ;   0.417  ; FF ; CELL ; 12     ; LABCELL_X30_Y16_N21                       ; u_soc|crypto_accelerator|u_core|u_aes|u_sub_byte_core|gf_0|al_sq_f[3]|combout               ;
;   16.575 ;   0.000  ;    ; RE   ; 3      ; LABCELL_X30_Y16_N21                       ; ARRIAV_LCELL_COMB                                                                           ;
;   16.647 ;   0.072  ;    ; RE   ; 3      ; LE_BUFFER_X30_Y16_N0_I14                  ; LE_BUFFER                                                                                   ;
;   16.783 ;   0.136  ;    ; RE   ; 3      ; LOCAL_INTERCONNECT_X31_Y16_N0_I25         ; LAB_LINE                                                                                    ;
;   16.874 ;   0.091  ;    ; RE   ; 1      ; BLOCK_INPUT_MUX_X31_Y16_N0_I50            ; LEIM_INPUT                                                                                  ;
;   16.874 ;   0.000  ; FF ; IC   ; 1      ; LABCELL_X31_Y16_N39                       ; u_soc|crypto_accelerator|u_core|u_aes|u_sub_byte_core|gf_0|dr_xor2~18|dataa                 ;
;   17.343 ;   0.469  ; FR ; CELL ; 3      ; LABCELL_X31_Y16_N39                       ; u_soc|crypto_accelerator|u_core|u_aes|u_sub_byte_core|gf_0|dr_xor2~18|combout               ;
;   17.343 ;   0.000  ;    ; RE   ; 2      ; LABCELL_X31_Y16_N39                       ; ARRIAV_LCELL_COMB                                                                           ;
;   17.449 ;   0.106  ;    ; RE   ; 2      ; LOCAL_LINE_X31_Y16_N0_I13                 ; LOCAL_LINE                                                                                  ;
;   17.559 ;   0.110  ;    ; RE   ; 1      ; BLOCK_INPUT_MUX_X31_Y16_N0_I5             ; LEIM_INPUT                                                                                  ;
;   17.559 ;   0.000  ; RR ; IC   ; 1      ; LABCELL_X31_Y16_N0                        ; u_soc|crypto_accelerator|u_core|u_aes|u_sub_byte_core|gf_0|dr_xor2~19|datad                 ;
;   17.982 ;   0.423  ; RF ; CELL ; 4      ; LABCELL_X31_Y16_N0                        ; u_soc|crypto_accelerator|u_core|u_aes|u_sub_byte_core|gf_0|dr_xor2~19|combout               ;
;   17.982 ;   0.000  ;    ; RE   ; 1      ; LABCELL_X31_Y16_N0                        ; ARRIAV_LCELL_COMB                                                                           ;
;   18.044 ;   0.062  ;    ; RE   ; 2      ; LE_BUFFER_X31_Y16_N0_I0                   ; LE_BUFFER                                                                                   ;
;   18.196 ;   0.152  ;    ; RE   ; 1      ; C2_X31_Y14_N0_I18                         ; V_SEG2                                                                                      ;
;   18.394 ;   0.198  ;    ; RE   ; 1      ; R6_X26_Y15_N0_I25                         ; H_SEG6                                                                                      ;
;   18.589 ;   0.195  ;    ; RE   ; 1      ; LOCAL_INTERCONNECT_X31_Y15_N0_I40         ; LAB_LINE                                                                                    ;
;   18.682 ;   0.093  ;    ; RE   ; 2      ; BLOCK_INPUT_MUX_X31_Y15_N0_I75            ; LEIM_INPUT                                                                                  ;
;   18.682 ;   0.000  ; FF ; IC   ; 1      ; LABCELL_X31_Y15_N54                       ; u_soc|crypto_accelerator|u_core|u_aes|u_sub_byte_core|gf_0|ah_mul_al_t[1]~1|datab           ;
;   19.162 ;   0.480  ; FF ; CELL ; 2      ; LABCELL_X31_Y15_N54                       ; u_soc|crypto_accelerator|u_core|u_aes|u_sub_byte_core|gf_0|ah_mul_al_t[1]~1|combout         ;
;   19.162 ;   0.000  ;    ; RE   ; 2      ; LABCELL_X31_Y15_N54                       ; ARRIAV_LCELL_COMB                                                                           ;
;   19.243 ;   0.081  ;    ; RE   ; 1      ; LOCAL_LINE_X31_Y15_N0_I18                 ; LOCAL_LINE                                                                                  ;
;   19.366 ;   0.123  ;    ; RE   ; 1      ; BLOCK_INPUT_MUX_X31_Y15_N0_I46            ; LEIM_INPUT                                                                                  ;
;   19.366 ;   0.000  ; FF ; IC   ; 1      ; LABCELL_X31_Y15_N33                       ; u_soc|crypto_accelerator|u_core|u_aes|u_sub_byte_core|gf_0|dr_xor2~27|datae                 ;
;   19.622 ;   0.256  ; FF ; CELL ; 6      ; LABCELL_X31_Y15_N33                       ; u_soc|crypto_accelerator|u_core|u_aes|u_sub_byte_core|gf_0|dr_xor2~27|combout               ;
;   19.622 ;   0.000  ;    ; RE   ; 2      ; LABCELL_X31_Y15_N33                       ; ARRIAV_LCELL_COMB                                                                           ;
;   19.692 ;   0.070  ;    ; RE   ; 1      ; LE_BUFFER_X31_Y15_N0_I23                  ; LE_BUFFER                                                                                   ;
;   19.845 ;   0.153  ;    ; RE   ; 1      ; R6_X31_Y15_N0_I16                         ; H_SEG6                                                                                      ;
;   20.013 ;   0.168  ;    ; RE   ; 1      ; LOCAL_INTERCONNECT_X31_Y15_N0_I16         ; LAB_LINE                                                                                    ;
;   20.115 ;   0.102  ;    ; RE   ; 1      ; BLOCK_INPUT_MUX_X31_Y15_N0_I54            ; LEIM_INPUT                                                                                  ;
;   20.114 ;   -0.001 ; FF ; IC   ; 1      ; LABCELL_X31_Y15_N39                       ; u_soc|crypto_accelerator|u_core|u_aes|u_sub_byte_core|gf_0|d_f[1]|datad                     ;
;   20.418 ;   0.304  ; FF ; CELL ; 17     ; LABCELL_X31_Y15_N39                       ; u_soc|crypto_accelerator|u_core|u_aes|u_sub_byte_core|gf_0|d_f[1]|combout                   ;
;   20.418 ;   0.000  ;    ; RE   ; 2      ; LABCELL_X31_Y15_N39                       ; ARRIAV_LCELL_COMB                                                                           ;
;   20.502 ;   0.084  ;    ; RE   ; 5      ; LE_BUFFER_X31_Y15_N0_I26                  ; LE_BUFFER                                                                                   ;
;   20.671 ;   0.169  ;    ; RE   ; 1      ; C2_X31_Y16_N0_I10                         ; V_SEG2                                                                                      ;
;   20.871 ;   0.200  ;    ; RE   ; 2      ; R3_X29_Y16_N0_I14                         ; H_SEG3                                                                                      ;
;   21.011 ;   0.140  ;    ; RE   ; 1      ; LOCAL_INTERCONNECT_X29_Y16_N0_I2          ; LAB_LINE                                                                                    ;
;   21.112 ;   0.101  ;    ; RE   ; 1      ; BLOCK_INPUT_MUX_X29_Y16_N0_I30            ; LEIM_INPUT                                                                                  ;
;   21.111 ;   -0.001 ; FF ; IC   ; 1      ; LABCELL_X29_Y16_N21                       ; u_soc|crypto_accelerator|u_core|u_aes|u_sub_byte_core|gf_0|d_inv_t[3]~6|datae               ;
;   21.367 ;   0.256  ; FF ; CELL ; 3      ; LABCELL_X29_Y16_N21                       ; u_soc|crypto_accelerator|u_core|u_aes|u_sub_byte_core|gf_0|d_inv_t[3]~6|combout             ;
;   21.367 ;   0.000  ;    ; RE   ; 2      ; LABCELL_X29_Y16_N21                       ; ARRIAV_LCELL_COMB                                                                           ;
;   21.443 ;   0.076  ;    ; RE   ; 2      ; LOCAL_LINE_X29_Y16_N0_I7                  ; LOCAL_LINE                                                                                  ;
;   21.566 ;   0.123  ;    ; RE   ; 1      ; BLOCK_INPUT_MUX_X29_Y16_N0_I8             ; LEIM_INPUT                                                                                  ;
;   21.566 ;   0.000  ; FF ; IC   ; 1      ; LABCELL_X29_Y16_N6                        ; u_soc|crypto_accelerator|u_core|u_aes|u_sub_byte_core|gf_0|d_inv_t[3]~7|datad               ;
;   21.869 ;   0.303  ; FR ; CELL ; 8      ; LABCELL_X29_Y16_N6                        ; u_soc|crypto_accelerator|u_core|u_aes|u_sub_byte_core|gf_0|d_inv_t[3]~7|combout             ;
;   21.869 ;   0.000  ;    ; RE   ; 2      ; LABCELL_X29_Y16_N6                        ; ARRIAV_LCELL_COMB                                                                           ;
;   21.968 ;   0.099  ;    ; RE   ; 3      ; LE_BUFFER_X29_Y16_N0_I5                   ; LE_BUFFER                                                                                   ;
;   22.154 ;   0.186  ;    ; RE   ; 1      ; C4_X28_Y12_N0_I5                          ; V_SEG4                                                                                      ;
;   22.319 ;   0.165  ;    ; RE   ; 2      ; LOCAL_INTERCONNECT_X28_Y14_N0_I32         ; LAB_LINE                                                                                    ;
;   22.436 ;   0.117  ;    ; RE   ; 1      ; BLOCK_INPUT_MUX_X28_Y14_N0_I52            ; LEIM_INPUT                                                                                  ;
;   22.436 ;   0.000  ; RR ; IC   ; 1      ; MLABCELL_X28_Y14_N39                      ; u_soc|crypto_accelerator|u_core|u_aes|u_sub_byte_core|gf_0|dr_xor2~62|datad                 ;
;   22.806 ;   0.370  ; RR ; CELL ; 3      ; MLABCELL_X28_Y14_N39                      ; u_soc|crypto_accelerator|u_core|u_aes|u_sub_byte_core|gf_0|dr_xor2~62|combout               ;
;   22.806 ;   0.000  ;    ; RE   ; 1      ; MLABCELL_X28_Y14_N39                      ; ARRIAV_LCELL_COMB                                                                           ;
;   22.915 ;   0.109  ;    ; RE   ; 3      ; LOCAL_LINE_X28_Y14_N0_I13                 ; LOCAL_LINE                                                                                  ;
;   23.028 ;   0.113  ;    ; RE   ; 1      ; BLOCK_INPUT_MUX_X28_Y14_N0_I45            ; LEIM_INPUT                                                                                  ;
;   23.027 ;   -0.001 ; RR ; IC   ; 1      ; MLABCELL_X28_Y14_N33                      ; u_soc|crypto_accelerator|u_core|u_aes|u_sub_byte_core|gf_0|dr_xor2~63|datac                 ;
;   23.383 ;   0.356  ; RR ; CELL ; 3      ; MLABCELL_X28_Y14_N33                      ; u_soc|crypto_accelerator|u_core|u_aes|u_sub_byte_core|gf_0|dr_xor2~63|combout               ;
;   23.383 ;   0.000  ;    ; RE   ; 1      ; MLABCELL_X28_Y14_N33                      ; ARRIAV_LCELL_COMB                                                                           ;
;   23.492 ;   0.109  ;    ; RE   ; 2      ; LOCAL_LINE_X28_Y14_N0_I11                 ; LOCAL_LINE                                                                                  ;
;   23.613 ;   0.121  ;    ; RE   ; 1      ; BLOCK_INPUT_MUX_X28_Y14_N0_I68            ; LEIM_INPUT                                                                                  ;
;   23.613 ;   0.000  ; RR ; IC   ; 1      ; MLABCELL_X28_Y14_N48                      ; u_soc|crypto_accelerator|u_core|u_aes|u_sub_byte_core|gf_0|ah_out_f[0]~2|datac              ;
;   23.961 ;   0.348  ; RR ; CELL ; 6      ; MLABCELL_X28_Y14_N48                      ; u_soc|crypto_accelerator|u_core|u_aes|u_sub_byte_core|gf_0|ah_out_f[0]~2|combout            ;
;   23.961 ;   0.000  ;    ; RE   ; 1      ; MLABCELL_X28_Y14_N48                      ; ARRIAV_LCELL_COMB                                                                           ;
;   24.041 ;   0.080  ;    ; RE   ; 2      ; LE_BUFFER_X28_Y14_N0_I32                  ; LE_BUFFER                                                                                   ;
;   24.187 ;   0.146  ;    ; RE   ; 1      ; C2_X28_Y15_N0_I4                          ; V_SEG2                                                                                      ;
;   24.321 ;   0.134  ;    ; RE   ; 1      ; R3_X26_Y16_N0_I20                         ; H_SEG3                                                                                      ;
;   24.447 ;   0.126  ;    ; RE   ; 2      ; LOCAL_INTERCONNECT_X28_Y16_N0_I28         ; LAB_LINE                                                                                    ;
;   24.561 ;   0.114  ;    ; RE   ; 2      ; BLOCK_INPUT_MUX_X28_Y16_N0_I60            ; LEIM_INPUT                                                                                  ;
;   24.560 ;   -0.001 ; RR ; IC   ; 1      ; MLABCELL_X28_Y16_N45                      ; u_soc|crypto_accelerator|u_core|u_aes|u_sub_byte_core|gf_0|data_out_f[5]~5|datad            ;
;   24.996 ;   0.436  ; RF ; CELL ; 5      ; MLABCELL_X28_Y16_N45                      ; u_soc|crypto_accelerator|u_core|u_aes|u_sub_byte_core|gf_0|data_out_f[5]~5|combout          ;
;   24.996 ;   0.000  ;    ; RE   ; 2      ; MLABCELL_X28_Y16_N45                      ; ARRIAV_LCELL_COMB                                                                           ;
;   25.052 ;   0.056  ;    ; RE   ; 1      ; LE_BUFFER_X28_Y16_N0_I30                  ; LE_BUFFER                                                                                   ;
;   25.200 ;   0.148  ;    ; RE   ; 1      ; C2_X28_Y14_N0_I15                         ; V_SEG2                                                                                      ;
;   25.375 ;   0.175  ;    ; RE   ; 1      ; R3_X26_Y15_N0_I13                         ; H_SEG3                                                                                      ;
;   25.561 ;   0.186  ;    ; RE   ; 1      ; LOCAL_INTERCONNECT_X27_Y15_N0_I19         ; LAB_LINE                                                                                    ;
;   25.680 ;   0.119  ;    ; RE   ; 1      ; BLOCK_INPUT_MUX_X27_Y15_N0_I53            ; LEIM_INPUT                                                                                  ;
;   25.680 ;   0.000  ; FF ; IC   ; 1      ; LABCELL_X27_Y15_N39                       ; u_soc|crypto_accelerator|u_core|u_aes|u_sub_byte_core|aff_trans_0|aff_trans_out_f~0|datac   ;
;   26.088 ;   0.408  ; FF ; CELL ; 5      ; LABCELL_X27_Y15_N39                       ; u_soc|crypto_accelerator|u_core|u_aes|u_sub_byte_core|aff_trans_0|aff_trans_out_f~0|combout ;
;   26.088 ;   0.000  ;    ; RE   ; 1      ; LABCELL_X27_Y15_N39                       ; ARRIAV_LCELL_COMB                                                                           ;
;   26.170 ;   0.082  ;    ; RE   ; 3      ; LE_BUFFER_X27_Y15_N0_I27                  ; LE_BUFFER                                                                                   ;
;   26.354 ;   0.184  ;    ; RE   ; 1      ; C4_X26_Y16_N0_I0                          ; V_SEG4                                                                                      ;
;   26.566 ;   0.212  ;    ; RE   ; 1      ; LOCAL_INTERCONNECT_X27_Y16_N0_I12         ; LAB_LINE                                                                                    ;
;   26.681 ;   0.115  ;    ; RE   ; 1      ; BLOCK_INPUT_MUX_X27_Y16_N0_I28            ; LEIM_INPUT                                                                                  ;
;   26.680 ;   -0.001 ; FF ; IC   ; 1      ; LABCELL_X27_Y16_N18                       ; u_soc|crypto_accelerator|u_core|u_aes|u_sub_byte_core|data_out_f[7]~7|datac                 ;
;   27.094 ;   0.414  ; FF ; CELL ; 20     ; LABCELL_X27_Y16_N18                       ; u_soc|crypto_accelerator|u_core|u_aes|u_sub_byte_core|data_out_f[7]~7|combout               ;
;   27.094 ;   0.000  ;    ; RE   ; 2      ; LABCELL_X27_Y16_N18                       ; ARRIAV_LCELL_COMB                                                                           ;
;   27.189 ;   0.095  ;    ; RE   ; 5      ; LE_BUFFER_X27_Y16_N0_I12                  ; LE_BUFFER                                                                                   ;
;   27.416 ;   0.227  ;    ; RE   ; 2      ; C2_X27_Y14_N0_I12                         ; V_SEG2                                                                                      ;
;   27.645 ;   0.229  ;    ; RE   ; 3      ; C2_X27_Y12_N0_I12                         ; V_SEG2                                                                                      ;
;   27.866 ;   0.221  ;    ; RE   ; 1      ; R6_X28_Y13_N0_I17                         ; H_SEG6                                                                                      ;
;   28.075 ;   0.209  ;    ; RE   ; 1      ; R3_X28_Y13_N0_I7                          ; H_SEG3                                                                                      ;
;   28.226 ;   0.151  ;    ; RE   ; 1      ; LOCAL_INTERCONNECT_X28_Y13_N0_I42         ; LAB_LINE                                                                                    ;
;   28.344 ;   0.118  ;    ; RE   ; 1      ; BLOCK_INPUT_MUX_X28_Y13_N0_I70            ; LEIM_INPUT                                                                                  ;
;   28.345 ;   0.001  ; FF ; IC   ; 1      ; FF_X28_Y13_N53                            ; u_soc|crypto_accelerator|u_core|u_aes|buf_a_f[5][7]|asdata                                  ;
;   28.860 ;   0.515  ; FF ; CELL ; 1      ; FF_X28_Y13_N53                            ; soc:u_soc|axi_slave_top:crypto_accelerator|axi_slave_core:u_core|aes:u_aes|buf_a_f[5][7]    ;
+----------+----------+----+------+--------+-------------------------------------------+---------------------------------------------------------------------------------------------+

+----------------------------------------------------------------------------------------------------------------------------------------------------+
; Data Required Path                                                                                                                                 ;
+---------+---------+----+------+--------+----------------+------------------------------------------------------------------------------------------+
; Total   ; Incr    ; RF ; Type ; Fanout ; Location       ; Element                                                                                  ;
+---------+---------+----+------+--------+----------------+------------------------------------------------------------------------------------------+
; 1.000   ; 1.000   ;    ;      ;        ;                ; latch edge time                                                                          ;
; 4.636   ; 3.636   ;    ;      ;        ;                ; clock path                                                                               ;
;   4.580 ;   3.580 ; R  ;      ;        ;                ; clock network delay                                                                      ;
;   4.636 ;   0.056 ;    ;      ;        ;                ; clock pessimism removed                                                                  ;
; 4.466   ; -0.170  ;    ;      ;        ;                ; clock uncertainty                                                                        ;
; 4.466   ; 0.000   ;    ; uTsu ; 1      ; FF_X28_Y13_N53 ; soc:u_soc|axi_slave_top:crypto_accelerator|axi_slave_core:u_core|aes:u_aes|buf_a_f[5][7] ;
+---------+---------+----+------+--------+----------------+------------------------------------------------------------------------------------------+

----------------------------
; Extra Fitter Information ;
----------------------------
HTML report is unavailable in plain text report export.


Path #4: Setup slack is -24.393 (VIOLATED)
===============================================================================
+---------------------------------------------------------------------------------------------------------------+
; Path Summary                                                                                                  ;
+--------------------+------------------------------------------------------------------------------------------+
; Property           ; Value                                                                                    ;
+--------------------+------------------------------------------------------------------------------------------+
; From Node          ; soc:u_soc|axi_slave_top:crypto_accelerator|axi_slave_core:u_core|aes:u_aes|kexp_i[1]     ;
; To Node            ; soc:u_soc|axi_slave_top:crypto_accelerator|axi_slave_core:u_core|aes:u_aes|buf_a_f[5][7] ;
; Launch Clock       ; CLOCK_50                                                                                 ;
; Latch Clock        ; CLOCK_50                                                                                 ;
; Data Arrival Time  ; 28.859                                                                                   ;
; Data Required Time ; 4.466                                                                                    ;
; Slack              ; -24.393 (VIOLATED)                                                                       ;
+--------------------+------------------------------------------------------------------------------------------+

+----------------------------------------------------------------------------------------+
; Statistics                                                                             ;
+---------------------------+--------+-------+-------------+------------+--------+-------+
; Property                  ; Value  ; Count ; Total Delay ; % of Total ; Min    ; Max   ;
+---------------------------+--------+-------+-------------+------------+--------+-------+
; Setup Relationship        ; 1.000  ;       ;             ;            ;        ;       ;
; Clock Skew                ; -0.423 ;       ;             ;            ;        ;       ;
; Data Delay                ; 24.800 ;       ;             ;            ;        ;       ;
; Number of Logic Levels    ;        ; 31    ;             ;            ;        ;       ;
; Physical Delays           ;        ;       ;             ;            ;        ;       ;
;  Arrival Path             ;        ;       ;             ;            ;        ;       ;
;   Clock                   ;        ;       ;             ;            ;        ;       ;
;    Clock Network (Lumped) ;        ; 1     ; 4.059       ; 100        ; 4.059  ; 4.059 ;
;   Data                    ;        ;       ;             ;            ;        ;       ;
;    IC                     ;        ; 32    ; -0.001      ; 0          ; -0.001 ; 0.001 ;
;    Cell                   ;        ; 33    ; 7.606       ; 31         ; 0.000  ; 0.515 ;
;    uTco                   ;        ; 1     ; 0.000       ; 0          ; 0.000  ; 0.000 ;
;    Routing Element        ;        ; 153   ; 17.195      ; 69         ; 0.000  ; 0.401 ;
;  Required Path            ;        ;       ;             ;            ;        ;       ;
;   Clock                   ;        ;       ;             ;            ;        ;       ;
;    Clock Network (Lumped) ;        ; 1     ; 3.580       ; 100        ; 3.580  ; 3.580 ;
+---------------------------+--------+-------+-------------+------------+--------+-------+
Note: Negative delays are omitted from totals when calculating percentages

+------------------------------------------------------------------------------------------------------------------------------------------------------------------------------------+
; Data Arrival Path                                                                                                                                                                  ;
+----------+----------+----+------+--------+-------------------------------------------+---------------------------------------------------------------------------------------------+
; Total    ; Incr     ; RF ; Type ; Fanout ; Location                                  ; Element                                                                                     ;
+----------+----------+----+------+--------+-------------------------------------------+---------------------------------------------------------------------------------------------+
; 0.000    ; 0.000    ;    ;      ;        ;                                           ; launch edge time                                                                            ;
; 4.059    ; 4.059    ;    ;      ;        ;                                           ; clock path                                                                                  ;
;   4.059  ;   4.059  ; R  ;      ;        ;                                           ; clock network delay                                                                         ;
; 28.859   ; 24.800   ;    ;      ;        ;                                           ; data path                                                                                   ;
;   4.059  ;   0.000  ;    ; uTco ; 1      ; FF_X30_Y23_N2                             ; soc:u_soc|axi_slave_top:crypto_accelerator|axi_slave_core:u_core|aes:u_aes|kexp_i[1]        ;
;   4.059  ;   0.000  ; FF ; CELL ; 239    ; FF_X30_Y23_N2                             ; u_soc|crypto_accelerator|u_core|u_aes|kexp_i[1]|q                                           ;
;   4.109  ;   0.050  ;    ; RE   ; 3      ; FF_X30_Y23_N2                             ; ARRIAV_FF                                                                                   ;
;   4.197  ;   0.088  ;    ; RE   ; 5      ; LE_BUFFER_X30_Y23_N0_I1                   ; LE_BUFFER                                                                                   ;
;   4.598  ;   0.401  ;    ; RE   ; 8      ; R6_X30_Y23_N0_I11                         ; H_SEG6                                                                                      ;
;   4.941  ;   0.343  ;    ; RE   ; 3      ; R6_X35_Y23_N0_I10                         ; H_SEG6                                                                                      ;
;   5.177  ;   0.236  ;    ; RE   ; 2      ; LOCAL_INTERCONNECT_X36_Y23_N0_I1          ; LAB_LINE                                                                                    ;
;   5.299  ;   0.122  ;    ; RE   ; 1      ; BLOCK_INPUT_MUX_X36_Y23_N0_I64            ; LEIM_INPUT                                                                                  ;
;   5.299  ;   0.000  ; FF ; IC   ; 1      ; LABCELL_X36_Y23_N48                       ; u_soc|crypto_accelerator|u_core|u_aes|sb_in_f~20|datad                                      ;
;   5.587  ;   0.288  ; FF ; CELL ; 3      ; LABCELL_X36_Y23_N48                       ; u_soc|crypto_accelerator|u_core|u_aes|sb_in_f~20|combout                                    ;
;   5.587  ;   0.000  ;    ; RE   ; 2      ; LABCELL_X36_Y23_N48                       ; ARRIAV_LCELL_COMB                                                                           ;
;   5.664  ;   0.077  ;    ; RE   ; 1      ; LOCAL_LINE_X36_Y23_N0_I16                 ; LOCAL_LINE                                                                                  ;
;   5.785  ;   0.121  ;    ; RE   ; 1      ; BLOCK_INPUT_MUX_X36_Y23_N0_I28            ; LEIM_INPUT                                                                                  ;
;   5.785  ;   0.000  ; FF ; IC   ; 1      ; LABCELL_X36_Y23_N18                       ; u_soc|crypto_accelerator|u_core|u_aes|sb_in_f~22|datac                                      ;
;   6.202  ;   0.417  ; FF ; CELL ; 48     ; LABCELL_X36_Y23_N18                       ; u_soc|crypto_accelerator|u_core|u_aes|sb_in_f~22|combout                                    ;
;   6.202  ;   0.000  ;    ; RE   ; 2      ; LABCELL_X36_Y23_N18                       ; ARRIAV_LCELL_COMB                                                                           ;
;   6.299  ;   0.097  ;    ; RE   ; 2      ; LE_BUFFER_X36_Y23_N0_I13                  ; LE_BUFFER                                                                                   ;
;   6.497  ;   0.198  ;    ; RE   ; 2      ; R3_X36_Y23_N0_I1                          ; H_SEG3                                                                                      ;
;   6.497  ;   0.000  ;    ; RE   ; 2      ; R14_C12_INTERCONNECT_DRIVER_X36_Y23_N0_I1 ; WIRE_MUX                                                                                    ;
;   6.740  ;   0.243  ;    ; RE   ; 2      ; R14_X23_Y23_N0_I1                         ; H_SEG14                                                                                     ;
;   6.966  ;   0.226  ;    ; RE   ; 1      ; C2_X22_Y21_N0_I15                         ; V_SEG2                                                                                      ;
;   7.290  ;   0.324  ;    ; RE   ; 1      ; R6_X17_Y21_N0_I26                         ; H_SEG6                                                                                      ;
;   7.504  ;   0.214  ;    ; RE   ; 3      ; LOCAL_INTERCONNECT_X19_Y21_N0_I12         ; LAB_LINE                                                                                    ;
;   7.618  ;   0.114  ;    ; RE   ; 1      ; BLOCK_INPUT_MUX_X19_Y21_N0_I71            ; LEIM_INPUT                                                                                  ;
;   7.618  ;   0.000  ; FF ; IC   ; 1      ; LABCELL_X19_Y21_N51                       ; u_soc|crypto_accelerator|u_core|u_aes|sb_in_f~545|dataf                                     ;
;   7.689  ;   0.071  ; FF ; CELL ; 1      ; LABCELL_X19_Y21_N51                       ; u_soc|crypto_accelerator|u_core|u_aes|sb_in_f~545|combout                                   ;
;   7.689  ;   0.000  ;    ; RE   ; 1      ; LABCELL_X19_Y21_N51                       ; ARRIAV_LCELL_COMB                                                                           ;
;   7.745  ;   0.056  ;    ; RE   ; 1      ; LE_BUFFER_X19_Y21_N0_I34                  ; LE_BUFFER                                                                                   ;
;   7.885  ;   0.140  ;    ; RE   ; 1      ; R3_X17_Y21_N0_I21                         ; H_SEG3                                                                                      ;
;   7.885  ;   0.000  ;    ; RE   ; 1      ; R14_C12_INTERCONNECT_DRIVER_X19_Y21_N0_I2 ; WIRE_MUX                                                                                    ;
;   8.123  ;   0.238  ;    ; RE   ; 1      ; R14_X20_Y21_N0_I0                         ; H_SEG14                                                                                     ;
;   8.332  ;   0.209  ;    ; RE   ; 1      ; C2_X30_Y22_N0_I7                          ; V_SEG2                                                                                      ;
;   8.509  ;   0.177  ;    ; RE   ; 1      ; R6_X31_Y22_N0_I16                         ; H_SEG6                                                                                      ;
;   8.677  ;   0.168  ;    ; RE   ; 1      ; LOCAL_INTERCONNECT_X31_Y22_N0_I16         ; LAB_LINE                                                                                    ;
;   8.784  ;   0.107  ;    ; RE   ; 1      ; BLOCK_INPUT_MUX_X31_Y22_N0_I56            ; LEIM_INPUT                                                                                  ;
;   8.784  ;   0.000  ; FF ; IC   ; 1      ; LABCELL_X31_Y22_N42                       ; u_soc|crypto_accelerator|u_core|u_aes|sb_in_f~761|datad                                     ;
;   9.086  ;   0.302  ; FR ; CELL ; 1      ; LABCELL_X31_Y22_N42                       ; u_soc|crypto_accelerator|u_core|u_aes|sb_in_f~761|combout                                   ;
;   9.086  ;   0.000  ;    ; RE   ; 1      ; LABCELL_X31_Y22_N42                       ; ARRIAV_LCELL_COMB                                                                           ;
;   9.174  ;   0.088  ;    ; RE   ; 1      ; LOCAL_LINE_X31_Y22_N0_I14                 ; LOCAL_LINE                                                                                  ;
;   9.279  ;   0.105  ;    ; RE   ; 1      ; BLOCK_INPUT_MUX_X31_Y22_N0_I65            ; LEIM_INPUT                                                                                  ;
;   9.279  ;   0.000  ; RR ; IC   ; 1      ; LABCELL_X31_Y22_N48                       ; u_soc|crypto_accelerator|u_core|u_aes|sb_in_f~546|dataf                                     ;
;   9.357  ;   0.078  ; RR ; CELL ; 1      ; LABCELL_X31_Y22_N48                       ; u_soc|crypto_accelerator|u_core|u_aes|sb_in_f~546|combout                                   ;
;   9.357  ;   0.000  ;    ; RE   ; 1      ; LABCELL_X31_Y22_N48                       ; ARRIAV_LCELL_COMB                                                                           ;
;   9.457  ;   0.100  ;    ; RE   ; 1      ; LOCAL_LINE_X31_Y22_N0_I16                 ; LOCAL_LINE                                                                                  ;
;   9.564  ;   0.107  ;    ; RE   ; 1      ; BLOCK_INPUT_MUX_X31_Y22_N0_I17            ; LEIM_INPUT                                                                                  ;
;   9.564  ;   0.000  ; RR ; IC   ; 1      ; LABCELL_X31_Y22_N12                       ; u_soc|crypto_accelerator|u_core|u_aes|sb_in_f~548|dataf                                     ;
;   9.648  ;   0.084  ; RF ; CELL ; 1      ; LABCELL_X31_Y22_N12                       ; u_soc|crypto_accelerator|u_core|u_aes|sb_in_f~548|combout                                   ;
;   9.648  ;   0.000  ;    ; RE   ; 1      ; LABCELL_X31_Y22_N12                       ; ARRIAV_LCELL_COMB                                                                           ;
;   9.730  ;   0.082  ;    ; RE   ; 1      ; LOCAL_LINE_X31_Y22_N0_I4                  ; LOCAL_LINE                                                                                  ;
;   9.855  ;   0.125  ;    ; RE   ; 1      ; BLOCK_INPUT_MUX_X31_Y22_N0_I55            ; LEIM_INPUT                                                                                  ;
;   9.855  ;   0.000  ; FF ; IC   ; 1      ; LABCELL_X31_Y22_N39                       ; u_soc|crypto_accelerator|u_core|u_aes|sb_in_f~550|dataf                                     ;
;   9.926  ;   0.071  ; FF ; CELL ; 1      ; LABCELL_X31_Y22_N39                       ; u_soc|crypto_accelerator|u_core|u_aes|sb_in_f~550|combout                                   ;
;   9.926  ;   0.000  ;    ; RE   ; 1      ; LABCELL_X31_Y22_N39                       ; ARRIAV_LCELL_COMB                                                                           ;
;   9.995  ;   0.069  ;    ; RE   ; 1      ; LE_BUFFER_X31_Y22_N0_I27                  ; LE_BUFFER                                                                                   ;
;   10.173 ;   0.178  ;    ; RE   ; 1      ; C2_X30_Y20_N0_I14                         ; V_SEG2                                                                                      ;
;   10.381 ;   0.208  ;    ; RE   ; 1      ; C2_X30_Y18_N0_I14                         ; V_SEG2                                                                                      ;
;   10.747 ;   0.366  ;    ; RE   ; 1      ; R6_X31_Y18_N0_I5                          ; H_SEG6                                                                                      ;
;   10.991 ;   0.244  ;    ; RE   ; 1      ; LOCAL_INTERCONNECT_X36_Y18_N0_I39         ; LAB_LINE                                                                                    ;
;   11.107 ;   0.116  ;    ; RE   ; 1      ; BLOCK_INPUT_MUX_X36_Y18_N0_I9             ; LEIM_INPUT                                                                                  ;
;   11.107 ;   0.000  ; FF ; IC   ; 1      ; LABCELL_X36_Y18_N6                        ; u_soc|crypto_accelerator|u_core|u_aes|sb_in_f~553|dataf                                     ;
;   11.189 ;   0.082  ; FR ; CELL ; 1      ; LABCELL_X36_Y18_N6                        ; u_soc|crypto_accelerator|u_core|u_aes|sb_in_f~553|combout                                   ;
;   11.189 ;   0.000  ;    ; RE   ; 1      ; LABCELL_X36_Y18_N6                        ; ARRIAV_LCELL_COMB                                                                           ;
;   11.292 ;   0.103  ;    ; RE   ; 1      ; LOCAL_LINE_X36_Y18_N0_I2                  ; LOCAL_LINE                                                                                  ;
;   11.399 ;   0.107  ;    ; RE   ; 1      ; BLOCK_INPUT_MUX_X36_Y18_N0_I65            ; LEIM_INPUT                                                                                  ;
;   11.399 ;   0.000  ; RR ; IC   ; 1      ; LABCELL_X36_Y18_N48                       ; u_soc|crypto_accelerator|u_core|u_aes|sb_in_f~555|dataf                                     ;
;   11.477 ;   0.078  ; RR ; CELL ; 1      ; LABCELL_X36_Y18_N48                       ; u_soc|crypto_accelerator|u_core|u_aes|sb_in_f~555|combout                                   ;
;   11.477 ;   0.000  ;    ; RE   ; 1      ; LABCELL_X36_Y18_N48                       ; ARRIAV_LCELL_COMB                                                                           ;
;   11.570 ;   0.093  ;    ; RE   ; 1      ; LOCAL_LINE_X36_Y18_N0_I16                 ; LOCAL_LINE                                                                                  ;
;   11.675 ;   0.105  ;    ; RE   ; 1      ; BLOCK_INPUT_MUX_X36_Y18_N0_I41            ; LEIM_INPUT                                                                                  ;
;   11.675 ;   0.000  ; RR ; IC   ; 1      ; LABCELL_X36_Y18_N30                       ; u_soc|crypto_accelerator|u_core|u_aes|sb_in_f~557|dataf                                     ;
;   11.753 ;   0.078  ; RR ; CELL ; 1      ; LABCELL_X36_Y18_N30                       ; u_soc|crypto_accelerator|u_core|u_aes|sb_in_f~557|combout                                   ;
;   11.753 ;   0.000  ;    ; RE   ; 1      ; LABCELL_X36_Y18_N30                       ; ARRIAV_LCELL_COMB                                                                           ;
;   11.865 ;   0.112  ;    ; RE   ; 1      ; LOCAL_LINE_X36_Y18_N0_I10                 ; LOCAL_LINE                                                                                  ;
;   11.971 ;   0.106  ;    ; RE   ; 1      ; BLOCK_INPUT_MUX_X36_Y18_N0_I17            ; LEIM_INPUT                                                                                  ;
;   11.972 ;   0.001  ; RR ; IC   ; 1      ; LABCELL_X36_Y18_N12                       ; u_soc|crypto_accelerator|u_core|u_aes|sb_in_f~559|dataf                                     ;
;   12.050 ;   0.078  ; RR ; CELL ; 1      ; LABCELL_X36_Y18_N12                       ; u_soc|crypto_accelerator|u_core|u_aes|sb_in_f~559|combout                                   ;
;   12.050 ;   0.000  ;    ; RE   ; 1      ; LABCELL_X36_Y18_N12                       ; ARRIAV_LCELL_COMB                                                                           ;
;   12.142 ;   0.092  ;    ; RE   ; 1      ; LOCAL_LINE_X36_Y18_N0_I4                  ; LOCAL_LINE                                                                                  ;
;   12.248 ;   0.106  ;    ; RE   ; 1      ; BLOCK_INPUT_MUX_X36_Y18_N0_I25            ; LEIM_INPUT                                                                                  ;
;   12.248 ;   0.000  ; RR ; IC   ; 1      ; LABCELL_X36_Y18_N18                       ; u_soc|crypto_accelerator|u_core|u_aes|sb_in_f~561|dataf                                     ;
;   12.325 ;   0.077  ; RR ; CELL ; 1      ; LABCELL_X36_Y18_N18                       ; u_soc|crypto_accelerator|u_core|u_aes|sb_in_f~561|combout                                   ;
;   12.325 ;   0.000  ;    ; RE   ; 1      ; LABCELL_X36_Y18_N18                       ; ARRIAV_LCELL_COMB                                                                           ;
;   12.434 ;   0.109  ;    ; RE   ; 1      ; LE_BUFFER_X36_Y18_N0_I13                  ; LE_BUFFER                                                                                   ;
;   12.538 ;   0.104  ;    ; RE   ; 1      ; LOCAL_INTERCONNECT_X35_Y18_N0_I36         ; LAB_LINE                                                                                    ;
;   12.641 ;   0.103  ;    ; RE   ; 1      ; BLOCK_INPUT_MUX_X35_Y18_N0_I33            ; LEIM_INPUT                                                                                  ;
;   12.642 ;   0.001  ; RR ; IC   ; 1      ; LABCELL_X35_Y18_N24                       ; u_soc|crypto_accelerator|u_core|u_aes|sb_in_f~563|dataf                                     ;
;   12.720 ;   0.078  ; RR ; CELL ; 1      ; LABCELL_X35_Y18_N24                       ; u_soc|crypto_accelerator|u_core|u_aes|sb_in_f~563|combout                                   ;
;   12.720 ;   0.000  ;    ; RE   ; 1      ; LABCELL_X35_Y18_N24                       ; ARRIAV_LCELL_COMB                                                                           ;
;   12.809 ;   0.089  ;    ; RE   ; 1      ; LOCAL_LINE_X35_Y18_N0_I8                  ; LOCAL_LINE                                                                                  ;
;   12.913 ;   0.104  ;    ; RE   ; 1      ; BLOCK_INPUT_MUX_X35_Y18_N0_I25            ; LEIM_INPUT                                                                                  ;
;   12.913 ;   0.000  ; RR ; IC   ; 1      ; LABCELL_X35_Y18_N18                       ; u_soc|crypto_accelerator|u_core|u_aes|sb_in_f~565|dataf                                     ;
;   12.990 ;   0.077  ; RR ; CELL ; 1      ; LABCELL_X35_Y18_N18                       ; u_soc|crypto_accelerator|u_core|u_aes|sb_in_f~565|combout                                   ;
;   12.990 ;   0.000  ;    ; RE   ; 1      ; LABCELL_X35_Y18_N18                       ; ARRIAV_LCELL_COMB                                                                           ;
;   13.075 ;   0.085  ;    ; RE   ; 1      ; LE_BUFFER_X35_Y18_N0_I13                  ; LE_BUFFER                                                                                   ;
;   13.182 ;   0.107  ;    ; RE   ; 1      ; LOCAL_INTERCONNECT_X34_Y18_N0_I36         ; LAB_LINE                                                                                    ;
;   13.286 ;   0.104  ;    ; RE   ; 1      ; BLOCK_INPUT_MUX_X34_Y18_N0_I1             ; LEIM_INPUT                                                                                  ;
;   13.287 ;   0.001  ; RR ; IC   ; 1      ; MLABCELL_X34_Y18_N0                       ; u_soc|crypto_accelerator|u_core|u_aes|sb_in_f~567|dataf                                     ;
;   13.364 ;   0.077  ; RR ; CELL ; 1      ; MLABCELL_X34_Y18_N0                       ; u_soc|crypto_accelerator|u_core|u_aes|sb_in_f~567|combout                                   ;
;   13.364 ;   0.000  ;    ; RE   ; 1      ; MLABCELL_X34_Y18_N0                       ; ARRIAV_LCELL_COMB                                                                           ;
;   13.469 ;   0.105  ;    ; RE   ; 1      ; LE_BUFFER_X34_Y18_N0_I1                   ; LE_BUFFER                                                                                   ;
;   13.647 ;   0.178  ;    ; RE   ; 1      ; C2_X33_Y16_N0_I18                         ; V_SEG2                                                                                      ;
;   13.831 ;   0.184  ;    ; RE   ; 1      ; R3_X31_Y17_N0_I20                         ; H_SEG3                                                                                      ;
;   13.970 ;   0.139  ;    ; RE   ; 1      ; LOCAL_INTERCONNECT_X31_Y17_N0_I28         ; LAB_LINE                                                                                    ;
;   14.073 ;   0.103  ;    ; RE   ; 1      ; BLOCK_INPUT_MUX_X31_Y17_N0_I17            ; LEIM_INPUT                                                                                  ;
;   14.072 ;   -0.001 ; RR ; IC   ; 1      ; LABCELL_X31_Y17_N12                       ; u_soc|crypto_accelerator|u_core|u_aes|sb_in_f~569|dataf                                     ;
;   14.150 ;   0.078  ; RR ; CELL ; 1      ; LABCELL_X31_Y17_N12                       ; u_soc|crypto_accelerator|u_core|u_aes|sb_in_f~569|combout                                   ;
;   14.150 ;   0.000  ;    ; RE   ; 1      ; LABCELL_X31_Y17_N12                       ; ARRIAV_LCELL_COMB                                                                           ;
;   14.247 ;   0.097  ;    ; RE   ; 1      ; LOCAL_LINE_X31_Y17_N0_I4                  ; LOCAL_LINE                                                                                  ;
;   14.353 ;   0.106  ;    ; RE   ; 1      ; BLOCK_INPUT_MUX_X31_Y17_N0_I1             ; LEIM_INPUT                                                                                  ;
;   14.353 ;   0.000  ; RR ; IC   ; 1      ; LABCELL_X31_Y17_N0                        ; u_soc|crypto_accelerator|u_core|u_aes|Selector4548~1|dataf                                  ;
;   14.439 ;   0.086  ; RF ; CELL ; 4      ; LABCELL_X31_Y17_N0                        ; u_soc|crypto_accelerator|u_core|u_aes|Selector4548~1|combout                                ;
;   14.439 ;   0.000  ;    ; RE   ; 2      ; LABCELL_X31_Y17_N0                        ; ARRIAV_LCELL_COMB                                                                           ;
;   14.494 ;   0.055  ;    ; RE   ; 1      ; LE_BUFFER_X31_Y17_N0_I0                   ; LE_BUFFER                                                                                   ;
;   14.644 ;   0.150  ;    ; RE   ; 1      ; R6_X26_Y17_N0_I22                         ; H_SEG6                                                                                      ;
;   14.831 ;   0.187  ;    ; RE   ; 1      ; LOCAL_INTERCONNECT_X31_Y17_N0_I35         ; LAB_LINE                                                                                    ;
;   14.942 ;   0.111  ;    ; RE   ; 1      ; BLOCK_INPUT_MUX_X31_Y17_N0_I77            ; LEIM_INPUT                                                                                  ;
;   14.942 ;   0.000  ; FF ; IC   ; 1      ; LABCELL_X31_Y17_N57                       ; u_soc|crypto_accelerator|u_core|u_aes|u_sub_byte_core|gf_in_f[4]~1|datac                    ;
;   15.355 ;   0.413  ; FF ; CELL ; 8      ; LABCELL_X31_Y17_N57                       ; u_soc|crypto_accelerator|u_core|u_aes|u_sub_byte_core|gf_in_f[4]~1|combout                  ;
;   15.355 ;   0.000  ;    ; RE   ; 2      ; LABCELL_X31_Y17_N57                       ; ARRIAV_LCELL_COMB                                                                           ;
;   15.414 ;   0.059  ;    ; RE   ; 2      ; LE_BUFFER_X31_Y17_N0_I38                  ; LE_BUFFER                                                                                   ;
;   15.578 ;   0.164  ;    ; RE   ; 3      ; C4_X31_Y13_N0_I9                          ; V_SEG4                                                                                      ;
;   15.832 ;   0.254  ;    ; RE   ; 1      ; R6_X26_Y16_N0_I24                         ; H_SEG6                                                                                      ;
;   16.039 ;   0.207  ;    ; RE   ; 1      ; LOCAL_INTERCONNECT_X30_Y16_N0_I37         ; LAB_LINE                                                                                    ;
;   16.158 ;   0.119  ;    ; RE   ; 1      ; BLOCK_INPUT_MUX_X30_Y16_N0_I29            ; LEIM_INPUT                                                                                  ;
;   16.158 ;   0.000  ; FF ; IC   ; 1      ; LABCELL_X30_Y16_N21                       ; u_soc|crypto_accelerator|u_core|u_aes|u_sub_byte_core|gf_0|al_sq_f[3]|datac                 ;
;   16.575 ;   0.417  ; FF ; CELL ; 12     ; LABCELL_X30_Y16_N21                       ; u_soc|crypto_accelerator|u_core|u_aes|u_sub_byte_core|gf_0|al_sq_f[3]|combout               ;
;   16.575 ;   0.000  ;    ; RE   ; 3      ; LABCELL_X30_Y16_N21                       ; ARRIAV_LCELL_COMB                                                                           ;
;   16.647 ;   0.072  ;    ; RE   ; 3      ; LE_BUFFER_X30_Y16_N0_I14                  ; LE_BUFFER                                                                                   ;
;   16.783 ;   0.136  ;    ; RE   ; 3      ; LOCAL_INTERCONNECT_X31_Y16_N0_I25         ; LAB_LINE                                                                                    ;
;   16.874 ;   0.091  ;    ; RE   ; 1      ; BLOCK_INPUT_MUX_X31_Y16_N0_I50            ; LEIM_INPUT                                                                                  ;
;   16.874 ;   0.000  ; FF ; IC   ; 1      ; LABCELL_X31_Y16_N39                       ; u_soc|crypto_accelerator|u_core|u_aes|u_sub_byte_core|gf_0|dr_xor2~18|dataa                 ;
;   17.343 ;   0.469  ; FR ; CELL ; 3      ; LABCELL_X31_Y16_N39                       ; u_soc|crypto_accelerator|u_core|u_aes|u_sub_byte_core|gf_0|dr_xor2~18|combout               ;
;   17.343 ;   0.000  ;    ; RE   ; 2      ; LABCELL_X31_Y16_N39                       ; ARRIAV_LCELL_COMB                                                                           ;
;   17.449 ;   0.106  ;    ; RE   ; 2      ; LOCAL_LINE_X31_Y16_N0_I13                 ; LOCAL_LINE                                                                                  ;
;   17.559 ;   0.110  ;    ; RE   ; 1      ; BLOCK_INPUT_MUX_X31_Y16_N0_I5             ; LEIM_INPUT                                                                                  ;
;   17.559 ;   0.000  ; RR ; IC   ; 1      ; LABCELL_X31_Y16_N0                        ; u_soc|crypto_accelerator|u_core|u_aes|u_sub_byte_core|gf_0|dr_xor2~19|datad                 ;
;   17.982 ;   0.423  ; RF ; CELL ; 4      ; LABCELL_X31_Y16_N0                        ; u_soc|crypto_accelerator|u_core|u_aes|u_sub_byte_core|gf_0|dr_xor2~19|combout               ;
;   17.982 ;   0.000  ;    ; RE   ; 1      ; LABCELL_X31_Y16_N0                        ; ARRIAV_LCELL_COMB                                                                           ;
;   18.044 ;   0.062  ;    ; RE   ; 2      ; LE_BUFFER_X31_Y16_N0_I0                   ; LE_BUFFER                                                                                   ;
;   18.196 ;   0.152  ;    ; RE   ; 1      ; C2_X31_Y14_N0_I18                         ; V_SEG2                                                                                      ;
;   18.394 ;   0.198  ;    ; RE   ; 1      ; R6_X26_Y15_N0_I25                         ; H_SEG6                                                                                      ;
;   18.589 ;   0.195  ;    ; RE   ; 1      ; LOCAL_INTERCONNECT_X31_Y15_N0_I40         ; LAB_LINE                                                                                    ;
;   18.682 ;   0.093  ;    ; RE   ; 2      ; BLOCK_INPUT_MUX_X31_Y15_N0_I75            ; LEIM_INPUT                                                                                  ;
;   18.682 ;   0.000  ; FF ; IC   ; 1      ; LABCELL_X31_Y15_N54                       ; u_soc|crypto_accelerator|u_core|u_aes|u_sub_byte_core|gf_0|ah_mul_al_t[1]~1|datab           ;
;   19.162 ;   0.480  ; FF ; CELL ; 2      ; LABCELL_X31_Y15_N54                       ; u_soc|crypto_accelerator|u_core|u_aes|u_sub_byte_core|gf_0|ah_mul_al_t[1]~1|combout         ;
;   19.162 ;   0.000  ;    ; RE   ; 2      ; LABCELL_X31_Y15_N54                       ; ARRIAV_LCELL_COMB                                                                           ;
;   19.243 ;   0.081  ;    ; RE   ; 1      ; LOCAL_LINE_X31_Y15_N0_I18                 ; LOCAL_LINE                                                                                  ;
;   19.366 ;   0.123  ;    ; RE   ; 1      ; BLOCK_INPUT_MUX_X31_Y15_N0_I46            ; LEIM_INPUT                                                                                  ;
;   19.366 ;   0.000  ; FF ; IC   ; 1      ; LABCELL_X31_Y15_N33                       ; u_soc|crypto_accelerator|u_core|u_aes|u_sub_byte_core|gf_0|dr_xor2~27|datae                 ;
;   19.622 ;   0.256  ; FF ; CELL ; 6      ; LABCELL_X31_Y15_N33                       ; u_soc|crypto_accelerator|u_core|u_aes|u_sub_byte_core|gf_0|dr_xor2~27|combout               ;
;   19.622 ;   0.000  ;    ; RE   ; 2      ; LABCELL_X31_Y15_N33                       ; ARRIAV_LCELL_COMB                                                                           ;
;   19.692 ;   0.070  ;    ; RE   ; 1      ; LE_BUFFER_X31_Y15_N0_I23                  ; LE_BUFFER                                                                                   ;
;   19.845 ;   0.153  ;    ; RE   ; 1      ; R6_X31_Y15_N0_I16                         ; H_SEG6                                                                                      ;
;   20.013 ;   0.168  ;    ; RE   ; 1      ; LOCAL_INTERCONNECT_X31_Y15_N0_I16         ; LAB_LINE                                                                                    ;
;   20.115 ;   0.102  ;    ; RE   ; 1      ; BLOCK_INPUT_MUX_X31_Y15_N0_I54            ; LEIM_INPUT                                                                                  ;
;   20.114 ;   -0.001 ; FF ; IC   ; 1      ; LABCELL_X31_Y15_N39                       ; u_soc|crypto_accelerator|u_core|u_aes|u_sub_byte_core|gf_0|d_f[1]|datad                     ;
;   20.418 ;   0.304  ; FF ; CELL ; 17     ; LABCELL_X31_Y15_N39                       ; u_soc|crypto_accelerator|u_core|u_aes|u_sub_byte_core|gf_0|d_f[1]|combout                   ;
;   20.418 ;   0.000  ;    ; RE   ; 2      ; LABCELL_X31_Y15_N39                       ; ARRIAV_LCELL_COMB                                                                           ;
;   20.502 ;   0.084  ;    ; RE   ; 5      ; LE_BUFFER_X31_Y15_N0_I26                  ; LE_BUFFER                                                                                   ;
;   20.671 ;   0.169  ;    ; RE   ; 1      ; C2_X31_Y16_N0_I10                         ; V_SEG2                                                                                      ;
;   20.839 ;   0.168  ;    ; RE   ; 2      ; R3_X29_Y16_N0_I14                         ; H_SEG3                                                                                      ;
;   20.992 ;   0.153  ;    ; RE   ; 1      ; LOCAL_INTERCONNECT_X31_Y16_N0_I34         ; LAB_LINE                                                                                    ;
;   21.108 ;   0.116  ;    ; RE   ; 1      ; BLOCK_INPUT_MUX_X31_Y16_N0_I62            ; LEIM_INPUT                                                                                  ;
;   21.107 ;   -0.001 ; FF ; IC   ; 1      ; LABCELL_X31_Y16_N45                       ; u_soc|crypto_accelerator|u_core|u_aes|u_sub_byte_core|gf_0|d_inv_t[0]~8|datad               ;
;   21.412 ;   0.305  ; FF ; CELL ; 5      ; LABCELL_X31_Y16_N45                       ; u_soc|crypto_accelerator|u_core|u_aes|u_sub_byte_core|gf_0|d_inv_t[0]~8|combout             ;
;   21.412 ;   0.000  ;    ; RE   ; 2      ; LABCELL_X31_Y16_N45                       ; ARRIAV_LCELL_COMB                                                                           ;
;   21.476 ;   0.064  ;    ; RE   ; 2      ; LE_BUFFER_X31_Y16_N0_I30                  ; LE_BUFFER                                                                                   ;
;   21.630 ;   0.154  ;    ; RE   ; 1      ; C2_X31_Y14_N0_I15                         ; V_SEG2                                                                                      ;
;   21.817 ;   0.187  ;    ; RE   ; 1      ; R3_X29_Y15_N0_I17                         ; H_SEG3                                                                                      ;
;   21.973 ;   0.156  ;    ; RE   ; 1      ; LOCAL_INTERCONNECT_X29_Y15_N0_I7          ; LAB_LINE                                                                                    ;
;   22.083 ;   0.110  ;    ; RE   ; 1      ; BLOCK_INPUT_MUX_X29_Y15_N0_I6             ; LEIM_INPUT                                                                                  ;
;   22.083 ;   0.000  ; FF ; IC   ; 1      ; LABCELL_X29_Y15_N3                        ; u_soc|crypto_accelerator|u_core|u_aes|u_sub_byte_core|gf_0|dr_xor2~50|datae                 ;
;   22.339 ;   0.256  ; FF ; CELL ; 4      ; LABCELL_X29_Y15_N3                        ; u_soc|crypto_accelerator|u_core|u_aes|u_sub_byte_core|gf_0|dr_xor2~50|combout               ;
;   22.339 ;   0.000  ;    ; RE   ; 2      ; LABCELL_X29_Y15_N3                        ; ARRIAV_LCELL_COMB                                                                           ;
;   22.407 ;   0.068  ;    ; RE   ; 2      ; LE_BUFFER_X29_Y15_N0_I2                   ; LE_BUFFER                                                                                   ;
;   22.552 ;   0.145  ;    ; RE   ; 1      ; R3_X27_Y15_N0_I15                         ; H_SEG3                                                                                      ;
;   22.730 ;   0.178  ;    ; RE   ; 1      ; C4_X28_Y16_N0_I1                          ; V_SEG4                                                                                      ;
;   23.022 ;   0.292  ;    ; RE   ; 1      ; R6_X23_Y16_N0_I20                         ; H_SEG6                                                                                      ;
;   23.225 ;   0.203  ;    ; RE   ; 1      ; LOCAL_INTERCONNECT_X27_Y16_N0_I22         ; LAB_LINE                                                                                    ;
;   23.322 ;   0.097  ;    ; RE   ; 1      ; BLOCK_INPUT_MUX_X27_Y16_N0_I17            ; LEIM_INPUT                                                                                  ;
;   23.322 ;   0.000  ; FF ; IC   ; 1      ; LABCELL_X27_Y16_N12                       ; u_soc|crypto_accelerator|u_core|u_aes|u_sub_byte_core|gf_0|dr_xor2~52|dataf                 ;
;   23.404 ;   0.082  ; FR ; CELL ; 2      ; LABCELL_X27_Y16_N12                       ; u_soc|crypto_accelerator|u_core|u_aes|u_sub_byte_core|gf_0|dr_xor2~52|combout               ;
;   23.404 ;   0.000  ;    ; RE   ; 1      ; LABCELL_X27_Y16_N12                       ; ARRIAV_LCELL_COMB                                                                           ;
;   23.501 ;   0.097  ;    ; RE   ; 1      ; LOCAL_LINE_X27_Y16_N0_I4                  ; LOCAL_LINE                                                                                  ;
;   23.611 ;   0.110  ;    ; RE   ; 2      ; BLOCK_INPUT_MUX_X27_Y16_N0_I13            ; LEIM_INPUT                                                                                  ;
;   23.611 ;   0.000  ; RR ; IC   ; 1      ; LABCELL_X27_Y16_N6                        ; u_soc|crypto_accelerator|u_core|u_aes|u_sub_byte_core|gf_0|ah_out_t[3]~0|datad              ;
;   24.042 ;   0.431  ; RF ; CELL ; 14     ; LABCELL_X27_Y16_N6                        ; u_soc|crypto_accelerator|u_core|u_aes|u_sub_byte_core|gf_0|ah_out_t[3]~0|combout            ;
;   24.042 ;   0.000  ;    ; RE   ; 3      ; LABCELL_X27_Y16_N6                        ; ARRIAV_LCELL_COMB                                                                           ;
;   24.124 ;   0.082  ;    ; RE   ; 3      ; LE_BUFFER_X27_Y16_N0_I5                   ; LE_BUFFER                                                                                   ;
;   24.346 ;   0.222  ;    ; RE   ; 2      ; R3_X24_Y16_N0_I15                         ; H_SEG3                                                                                      ;
;   24.523 ;   0.177  ;    ; RE   ; 2      ; LOCAL_INTERCONNECT_X25_Y16_N0_I4          ; LAB_LINE                                                                                    ;
;   24.628 ;   0.105  ;    ; RE   ; 1      ; BLOCK_INPUT_MUX_X25_Y16_N0_I8             ; LEIM_INPUT                                                                                  ;
;   24.628 ;   0.000  ; FF ; IC   ; 1      ; MLABCELL_X25_Y16_N6                       ; u_soc|crypto_accelerator|u_core|u_aes|u_sub_byte_core|gf_0|data_out_t[6]~10|datad           ;
;   24.916 ;   0.288  ; FF ; CELL ; 4      ; MLABCELL_X25_Y16_N6                       ; u_soc|crypto_accelerator|u_core|u_aes|u_sub_byte_core|gf_0|data_out_t[6]~10|combout         ;
;   24.916 ;   0.000  ;    ; RE   ; 2      ; MLABCELL_X25_Y16_N6                       ; ARRIAV_LCELL_COMB                                                                           ;
;   24.978 ;   0.062  ;    ; RE   ; 2      ; LE_BUFFER_X25_Y16_N0_I4                   ; LE_BUFFER                                                                                   ;
;   25.131 ;   0.153  ;    ; RE   ; 1      ; C2_X25_Y14_N0_I11                         ; V_SEG2                                                                                      ;
;   25.348 ;   0.217  ;    ; RE   ; 1      ; R3_X26_Y15_N0_I0                          ; H_SEG3                                                                                      ;
;   25.551 ;   0.203  ;    ; RE   ; 1      ; LOCAL_INTERCONNECT_X27_Y15_N0_I33         ; LAB_LINE                                                                                    ;
;   25.635 ;   0.084  ;    ; RE   ; 2      ; BLOCK_INPUT_MUX_X27_Y15_N0_I51            ; LEIM_INPUT                                                                                  ;
;   25.634 ;   -0.001 ; FF ; IC   ; 1      ; LABCELL_X27_Y15_N39                       ; u_soc|crypto_accelerator|u_core|u_aes|u_sub_byte_core|aff_trans_0|aff_trans_out_f~0|datab   ;
;   26.087 ;   0.453  ; FF ; CELL ; 5      ; LABCELL_X27_Y15_N39                       ; u_soc|crypto_accelerator|u_core|u_aes|u_sub_byte_core|aff_trans_0|aff_trans_out_f~0|combout ;
;   26.087 ;   0.000  ;    ; RE   ; 1      ; LABCELL_X27_Y15_N39                       ; ARRIAV_LCELL_COMB                                                                           ;
;   26.169 ;   0.082  ;    ; RE   ; 3      ; LE_BUFFER_X27_Y15_N0_I27                  ; LE_BUFFER                                                                                   ;
;   26.353 ;   0.184  ;    ; RE   ; 1      ; C4_X26_Y16_N0_I0                          ; V_SEG4                                                                                      ;
;   26.565 ;   0.212  ;    ; RE   ; 1      ; LOCAL_INTERCONNECT_X27_Y16_N0_I12         ; LAB_LINE                                                                                    ;
;   26.680 ;   0.115  ;    ; RE   ; 1      ; BLOCK_INPUT_MUX_X27_Y16_N0_I28            ; LEIM_INPUT                                                                                  ;
;   26.679 ;   -0.001 ; FF ; IC   ; 1      ; LABCELL_X27_Y16_N18                       ; u_soc|crypto_accelerator|u_core|u_aes|u_sub_byte_core|data_out_f[7]~7|datac                 ;
;   27.093 ;   0.414  ; FF ; CELL ; 20     ; LABCELL_X27_Y16_N18                       ; u_soc|crypto_accelerator|u_core|u_aes|u_sub_byte_core|data_out_f[7]~7|combout               ;
;   27.093 ;   0.000  ;    ; RE   ; 2      ; LABCELL_X27_Y16_N18                       ; ARRIAV_LCELL_COMB                                                                           ;
;   27.188 ;   0.095  ;    ; RE   ; 5      ; LE_BUFFER_X27_Y16_N0_I12                  ; LE_BUFFER                                                                                   ;
;   27.415 ;   0.227  ;    ; RE   ; 2      ; C2_X27_Y14_N0_I12                         ; V_SEG2                                                                                      ;
;   27.644 ;   0.229  ;    ; RE   ; 3      ; C2_X27_Y12_N0_I12                         ; V_SEG2                                                                                      ;
;   27.865 ;   0.221  ;    ; RE   ; 1      ; R6_X28_Y13_N0_I17                         ; H_SEG6                                                                                      ;
;   28.074 ;   0.209  ;    ; RE   ; 1      ; R3_X28_Y13_N0_I7                          ; H_SEG3                                                                                      ;
;   28.225 ;   0.151  ;    ; RE   ; 1      ; LOCAL_INTERCONNECT_X28_Y13_N0_I42         ; LAB_LINE                                                                                    ;
;   28.343 ;   0.118  ;    ; RE   ; 1      ; BLOCK_INPUT_MUX_X28_Y13_N0_I70            ; LEIM_INPUT                                                                                  ;
;   28.344 ;   0.001  ; FF ; IC   ; 1      ; FF_X28_Y13_N53                            ; u_soc|crypto_accelerator|u_core|u_aes|buf_a_f[5][7]|asdata                                  ;
;   28.859 ;   0.515  ; FF ; CELL ; 1      ; FF_X28_Y13_N53                            ; soc:u_soc|axi_slave_top:crypto_accelerator|axi_slave_core:u_core|aes:u_aes|buf_a_f[5][7]    ;
+----------+----------+----+------+--------+-------------------------------------------+---------------------------------------------------------------------------------------------+

+----------------------------------------------------------------------------------------------------------------------------------------------------+
; Data Required Path                                                                                                                                 ;
+---------+---------+----+------+--------+----------------+------------------------------------------------------------------------------------------+
; Total   ; Incr    ; RF ; Type ; Fanout ; Location       ; Element                                                                                  ;
+---------+---------+----+------+--------+----------------+------------------------------------------------------------------------------------------+
; 1.000   ; 1.000   ;    ;      ;        ;                ; latch edge time                                                                          ;
; 4.636   ; 3.636   ;    ;      ;        ;                ; clock path                                                                               ;
;   4.580 ;   3.580 ; R  ;      ;        ;                ; clock network delay                                                                      ;
;   4.636 ;   0.056 ;    ;      ;        ;                ; clock pessimism removed                                                                  ;
; 4.466   ; -0.170  ;    ;      ;        ;                ; clock uncertainty                                                                        ;
; 4.466   ; 0.000   ;    ; uTsu ; 1      ; FF_X28_Y13_N53 ; soc:u_soc|axi_slave_top:crypto_accelerator|axi_slave_core:u_core|aes:u_aes|buf_a_f[5][7] ;
+---------+---------+----+------+--------+----------------+------------------------------------------------------------------------------------------+

----------------------------
; Extra Fitter Information ;
----------------------------
HTML report is unavailable in plain text report export.


Path #5: Setup slack is -24.388 (VIOLATED)
===============================================================================
+---------------------------------------------------------------------------------------------------------------+
; Path Summary                                                                                                  ;
+--------------------+------------------------------------------------------------------------------------------+
; Property           ; Value                                                                                    ;
+--------------------+------------------------------------------------------------------------------------------+
; From Node          ; soc:u_soc|axi_slave_top:crypto_accelerator|axi_slave_core:u_core|aes:u_aes|kexp_i[1]     ;
; To Node            ; soc:u_soc|axi_slave_top:crypto_accelerator|axi_slave_core:u_core|aes:u_aes|buf_a_f[5][7] ;
; Launch Clock       ; CLOCK_50                                                                                 ;
; Latch Clock        ; CLOCK_50                                                                                 ;
; Data Arrival Time  ; 28.854                                                                                   ;
; Data Required Time ; 4.466                                                                                    ;
; Slack              ; -24.388 (VIOLATED)                                                                       ;
+--------------------+------------------------------------------------------------------------------------------+

+----------------------------------------------------------------------------------------+
; Statistics                                                                             ;
+---------------------------+--------+-------+-------------+------------+--------+-------+
; Property                  ; Value  ; Count ; Total Delay ; % of Total ; Min    ; Max   ;
+---------------------------+--------+-------+-------------+------------+--------+-------+
; Setup Relationship        ; 1.000  ;       ;             ;            ;        ;       ;
; Clock Skew                ; -0.423 ;       ;             ;            ;        ;       ;
; Data Delay                ; 24.795 ;       ;             ;            ;        ;       ;
; Number of Logic Levels    ;        ; 34    ;             ;            ;        ;       ;
; Physical Delays           ;        ;       ;             ;            ;        ;       ;
;  Arrival Path             ;        ;       ;             ;            ;        ;       ;
;   Clock                   ;        ;       ;             ;            ;        ;       ;
;    Clock Network (Lumped) ;        ; 1     ; 4.059       ; 100        ; 4.059  ; 4.059 ;
;   Data                    ;        ;       ;             ;            ;        ;       ;
;    IC                     ;        ; 35    ; -0.001      ; 0          ; -0.001 ; 0.001 ;
;    Cell                   ;        ; 36    ; 8.472       ; 34         ; 0.000  ; 0.515 ;
;    uTco                   ;        ; 1     ; 0.000       ; 0          ; 0.000  ; 0.000 ;
;    Routing Element        ;        ; 155   ; 16.324      ; 66         ; 0.000  ; 0.401 ;
;  Required Path            ;        ;       ;             ;            ;        ;       ;
;   Clock                   ;        ;       ;             ;            ;        ;       ;
;    Clock Network (Lumped) ;        ; 1     ; 3.580       ; 100        ; 3.580  ; 3.580 ;
+---------------------------+--------+-------+-------------+------------+--------+-------+
Note: Negative delays are omitted from totals when calculating percentages

+------------------------------------------------------------------------------------------------------------------------------------------------------------------------------------+
; Data Arrival Path                                                                                                                                                                  ;
+----------+----------+----+------+--------+-------------------------------------------+---------------------------------------------------------------------------------------------+
; Total    ; Incr     ; RF ; Type ; Fanout ; Location                                  ; Element                                                                                     ;
+----------+----------+----+------+--------+-------------------------------------------+---------------------------------------------------------------------------------------------+
; 0.000    ; 0.000    ;    ;      ;        ;                                           ; launch edge time                                                                            ;
; 4.059    ; 4.059    ;    ;      ;        ;                                           ; clock path                                                                                  ;
;   4.059  ;   4.059  ; R  ;      ;        ;                                           ; clock network delay                                                                         ;
; 28.854   ; 24.795   ;    ;      ;        ;                                           ; data path                                                                                   ;
;   4.059  ;   0.000  ;    ; uTco ; 1      ; FF_X30_Y23_N2                             ; soc:u_soc|axi_slave_top:crypto_accelerator|axi_slave_core:u_core|aes:u_aes|kexp_i[1]        ;
;   4.059  ;   0.000  ; FF ; CELL ; 239    ; FF_X30_Y23_N2                             ; u_soc|crypto_accelerator|u_core|u_aes|kexp_i[1]|q                                           ;
;   4.109  ;   0.050  ;    ; RE   ; 3      ; FF_X30_Y23_N2                             ; ARRIAV_FF                                                                                   ;
;   4.197  ;   0.088  ;    ; RE   ; 5      ; LE_BUFFER_X30_Y23_N0_I1                   ; LE_BUFFER                                                                                   ;
;   4.598  ;   0.401  ;    ; RE   ; 8      ; R6_X30_Y23_N0_I11                         ; H_SEG6                                                                                      ;
;   4.941  ;   0.343  ;    ; RE   ; 3      ; R6_X35_Y23_N0_I10                         ; H_SEG6                                                                                      ;
;   5.177  ;   0.236  ;    ; RE   ; 2      ; LOCAL_INTERCONNECT_X36_Y23_N0_I1          ; LAB_LINE                                                                                    ;
;   5.299  ;   0.122  ;    ; RE   ; 1      ; BLOCK_INPUT_MUX_X36_Y23_N0_I64            ; LEIM_INPUT                                                                                  ;
;   5.299  ;   0.000  ; FF ; IC   ; 1      ; LABCELL_X36_Y23_N48                       ; u_soc|crypto_accelerator|u_core|u_aes|sb_in_f~20|datad                                      ;
;   5.587  ;   0.288  ; FF ; CELL ; 3      ; LABCELL_X36_Y23_N48                       ; u_soc|crypto_accelerator|u_core|u_aes|sb_in_f~20|combout                                    ;
;   5.587  ;   0.000  ;    ; RE   ; 2      ; LABCELL_X36_Y23_N48                       ; ARRIAV_LCELL_COMB                                                                           ;
;   5.664  ;   0.077  ;    ; RE   ; 1      ; LOCAL_LINE_X36_Y23_N0_I16                 ; LOCAL_LINE                                                                                  ;
;   5.785  ;   0.121  ;    ; RE   ; 1      ; BLOCK_INPUT_MUX_X36_Y23_N0_I28            ; LEIM_INPUT                                                                                  ;
;   5.785  ;   0.000  ; FF ; IC   ; 1      ; LABCELL_X36_Y23_N18                       ; u_soc|crypto_accelerator|u_core|u_aes|sb_in_f~22|datac                                      ;
;   6.202  ;   0.417  ; FF ; CELL ; 48     ; LABCELL_X36_Y23_N18                       ; u_soc|crypto_accelerator|u_core|u_aes|sb_in_f~22|combout                                    ;
;   6.202  ;   0.000  ;    ; RE   ; 2      ; LABCELL_X36_Y23_N18                       ; ARRIAV_LCELL_COMB                                                                           ;
;   6.299  ;   0.097  ;    ; RE   ; 2      ; LE_BUFFER_X36_Y23_N0_I13                  ; LE_BUFFER                                                                                   ;
;   6.497  ;   0.198  ;    ; RE   ; 2      ; R3_X36_Y23_N0_I1                          ; H_SEG3                                                                                      ;
;   6.497  ;   0.000  ;    ; RE   ; 2      ; R14_C12_INTERCONNECT_DRIVER_X36_Y23_N0_I1 ; WIRE_MUX                                                                                    ;
;   6.740  ;   0.243  ;    ; RE   ; 2      ; R14_X23_Y23_N0_I1                         ; H_SEG14                                                                                     ;
;   6.966  ;   0.226  ;    ; RE   ; 1      ; C2_X22_Y21_N0_I15                         ; V_SEG2                                                                                      ;
;   7.290  ;   0.324  ;    ; RE   ; 1      ; R6_X17_Y21_N0_I26                         ; H_SEG6                                                                                      ;
;   7.504  ;   0.214  ;    ; RE   ; 3      ; LOCAL_INTERCONNECT_X19_Y21_N0_I12         ; LAB_LINE                                                                                    ;
;   7.618  ;   0.114  ;    ; RE   ; 1      ; BLOCK_INPUT_MUX_X19_Y21_N0_I71            ; LEIM_INPUT                                                                                  ;
;   7.618  ;   0.000  ; FF ; IC   ; 1      ; LABCELL_X19_Y21_N51                       ; u_soc|crypto_accelerator|u_core|u_aes|sb_in_f~545|dataf                                     ;
;   7.689  ;   0.071  ; FF ; CELL ; 1      ; LABCELL_X19_Y21_N51                       ; u_soc|crypto_accelerator|u_core|u_aes|sb_in_f~545|combout                                   ;
;   7.689  ;   0.000  ;    ; RE   ; 1      ; LABCELL_X19_Y21_N51                       ; ARRIAV_LCELL_COMB                                                                           ;
;   7.745  ;   0.056  ;    ; RE   ; 1      ; LE_BUFFER_X19_Y21_N0_I34                  ; LE_BUFFER                                                                                   ;
;   7.885  ;   0.140  ;    ; RE   ; 1      ; R3_X17_Y21_N0_I21                         ; H_SEG3                                                                                      ;
;   7.885  ;   0.000  ;    ; RE   ; 1      ; R14_C12_INTERCONNECT_DRIVER_X19_Y21_N0_I2 ; WIRE_MUX                                                                                    ;
;   8.123  ;   0.238  ;    ; RE   ; 1      ; R14_X20_Y21_N0_I0                         ; H_SEG14                                                                                     ;
;   8.332  ;   0.209  ;    ; RE   ; 1      ; C2_X30_Y22_N0_I7                          ; V_SEG2                                                                                      ;
;   8.509  ;   0.177  ;    ; RE   ; 1      ; R6_X31_Y22_N0_I16                         ; H_SEG6                                                                                      ;
;   8.677  ;   0.168  ;    ; RE   ; 1      ; LOCAL_INTERCONNECT_X31_Y22_N0_I16         ; LAB_LINE                                                                                    ;
;   8.784  ;   0.107  ;    ; RE   ; 1      ; BLOCK_INPUT_MUX_X31_Y22_N0_I56            ; LEIM_INPUT                                                                                  ;
;   8.784  ;   0.000  ; FF ; IC   ; 1      ; LABCELL_X31_Y22_N42                       ; u_soc|crypto_accelerator|u_core|u_aes|sb_in_f~761|datad                                     ;
;   9.086  ;   0.302  ; FR ; CELL ; 1      ; LABCELL_X31_Y22_N42                       ; u_soc|crypto_accelerator|u_core|u_aes|sb_in_f~761|combout                                   ;
;   9.086  ;   0.000  ;    ; RE   ; 1      ; LABCELL_X31_Y22_N42                       ; ARRIAV_LCELL_COMB                                                                           ;
;   9.174  ;   0.088  ;    ; RE   ; 1      ; LOCAL_LINE_X31_Y22_N0_I14                 ; LOCAL_LINE                                                                                  ;
;   9.279  ;   0.105  ;    ; RE   ; 1      ; BLOCK_INPUT_MUX_X31_Y22_N0_I65            ; LEIM_INPUT                                                                                  ;
;   9.279  ;   0.000  ; RR ; IC   ; 1      ; LABCELL_X31_Y22_N48                       ; u_soc|crypto_accelerator|u_core|u_aes|sb_in_f~546|dataf                                     ;
;   9.357  ;   0.078  ; RR ; CELL ; 1      ; LABCELL_X31_Y22_N48                       ; u_soc|crypto_accelerator|u_core|u_aes|sb_in_f~546|combout                                   ;
;   9.357  ;   0.000  ;    ; RE   ; 1      ; LABCELL_X31_Y22_N48                       ; ARRIAV_LCELL_COMB                                                                           ;
;   9.457  ;   0.100  ;    ; RE   ; 1      ; LOCAL_LINE_X31_Y22_N0_I16                 ; LOCAL_LINE                                                                                  ;
;   9.564  ;   0.107  ;    ; RE   ; 1      ; BLOCK_INPUT_MUX_X31_Y22_N0_I17            ; LEIM_INPUT                                                                                  ;
;   9.564  ;   0.000  ; RR ; IC   ; 1      ; LABCELL_X31_Y22_N12                       ; u_soc|crypto_accelerator|u_core|u_aes|sb_in_f~548|dataf                                     ;
;   9.648  ;   0.084  ; RF ; CELL ; 1      ; LABCELL_X31_Y22_N12                       ; u_soc|crypto_accelerator|u_core|u_aes|sb_in_f~548|combout                                   ;
;   9.648  ;   0.000  ;    ; RE   ; 1      ; LABCELL_X31_Y22_N12                       ; ARRIAV_LCELL_COMB                                                                           ;
;   9.730  ;   0.082  ;    ; RE   ; 1      ; LOCAL_LINE_X31_Y22_N0_I4                  ; LOCAL_LINE                                                                                  ;
;   9.855  ;   0.125  ;    ; RE   ; 1      ; BLOCK_INPUT_MUX_X31_Y22_N0_I55            ; LEIM_INPUT                                                                                  ;
;   9.855  ;   0.000  ; FF ; IC   ; 1      ; LABCELL_X31_Y22_N39                       ; u_soc|crypto_accelerator|u_core|u_aes|sb_in_f~550|dataf                                     ;
;   9.926  ;   0.071  ; FF ; CELL ; 1      ; LABCELL_X31_Y22_N39                       ; u_soc|crypto_accelerator|u_core|u_aes|sb_in_f~550|combout                                   ;
;   9.926  ;   0.000  ;    ; RE   ; 1      ; LABCELL_X31_Y22_N39                       ; ARRIAV_LCELL_COMB                                                                           ;
;   9.995  ;   0.069  ;    ; RE   ; 1      ; LE_BUFFER_X31_Y22_N0_I27                  ; LE_BUFFER                                                                                   ;
;   10.173 ;   0.178  ;    ; RE   ; 1      ; C2_X30_Y20_N0_I14                         ; V_SEG2                                                                                      ;
;   10.381 ;   0.208  ;    ; RE   ; 1      ; C2_X30_Y18_N0_I14                         ; V_SEG2                                                                                      ;
;   10.747 ;   0.366  ;    ; RE   ; 1      ; R6_X31_Y18_N0_I5                          ; H_SEG6                                                                                      ;
;   10.991 ;   0.244  ;    ; RE   ; 1      ; LOCAL_INTERCONNECT_X36_Y18_N0_I39         ; LAB_LINE                                                                                    ;
;   11.107 ;   0.116  ;    ; RE   ; 1      ; BLOCK_INPUT_MUX_X36_Y18_N0_I9             ; LEIM_INPUT                                                                                  ;
;   11.107 ;   0.000  ; FF ; IC   ; 1      ; LABCELL_X36_Y18_N6                        ; u_soc|crypto_accelerator|u_core|u_aes|sb_in_f~553|dataf                                     ;
;   11.189 ;   0.082  ; FR ; CELL ; 1      ; LABCELL_X36_Y18_N6                        ; u_soc|crypto_accelerator|u_core|u_aes|sb_in_f~553|combout                                   ;
;   11.189 ;   0.000  ;    ; RE   ; 1      ; LABCELL_X36_Y18_N6                        ; ARRIAV_LCELL_COMB                                                                           ;
;   11.292 ;   0.103  ;    ; RE   ; 1      ; LOCAL_LINE_X36_Y18_N0_I2                  ; LOCAL_LINE                                                                                  ;
;   11.399 ;   0.107  ;    ; RE   ; 1      ; BLOCK_INPUT_MUX_X36_Y18_N0_I65            ; LEIM_INPUT                                                                                  ;
;   11.399 ;   0.000  ; RR ; IC   ; 1      ; LABCELL_X36_Y18_N48                       ; u_soc|crypto_accelerator|u_core|u_aes|sb_in_f~555|dataf                                     ;
;   11.477 ;   0.078  ; RR ; CELL ; 1      ; LABCELL_X36_Y18_N48                       ; u_soc|crypto_accelerator|u_core|u_aes|sb_in_f~555|combout                                   ;
;   11.477 ;   0.000  ;    ; RE   ; 1      ; LABCELL_X36_Y18_N48                       ; ARRIAV_LCELL_COMB                                                                           ;
;   11.570 ;   0.093  ;    ; RE   ; 1      ; LOCAL_LINE_X36_Y18_N0_I16                 ; LOCAL_LINE                                                                                  ;
;   11.675 ;   0.105  ;    ; RE   ; 1      ; BLOCK_INPUT_MUX_X36_Y18_N0_I41            ; LEIM_INPUT                                                                                  ;
;   11.675 ;   0.000  ; RR ; IC   ; 1      ; LABCELL_X36_Y18_N30                       ; u_soc|crypto_accelerator|u_core|u_aes|sb_in_f~557|dataf                                     ;
;   11.753 ;   0.078  ; RR ; CELL ; 1      ; LABCELL_X36_Y18_N30                       ; u_soc|crypto_accelerator|u_core|u_aes|sb_in_f~557|combout                                   ;
;   11.753 ;   0.000  ;    ; RE   ; 1      ; LABCELL_X36_Y18_N30                       ; ARRIAV_LCELL_COMB                                                                           ;
;   11.865 ;   0.112  ;    ; RE   ; 1      ; LOCAL_LINE_X36_Y18_N0_I10                 ; LOCAL_LINE                                                                                  ;
;   11.971 ;   0.106  ;    ; RE   ; 1      ; BLOCK_INPUT_MUX_X36_Y18_N0_I17            ; LEIM_INPUT                                                                                  ;
;   11.972 ;   0.001  ; RR ; IC   ; 1      ; LABCELL_X36_Y18_N12                       ; u_soc|crypto_accelerator|u_core|u_aes|sb_in_f~559|dataf                                     ;
;   12.050 ;   0.078  ; RR ; CELL ; 1      ; LABCELL_X36_Y18_N12                       ; u_soc|crypto_accelerator|u_core|u_aes|sb_in_f~559|combout                                   ;
;   12.050 ;   0.000  ;    ; RE   ; 1      ; LABCELL_X36_Y18_N12                       ; ARRIAV_LCELL_COMB                                                                           ;
;   12.142 ;   0.092  ;    ; RE   ; 1      ; LOCAL_LINE_X36_Y18_N0_I4                  ; LOCAL_LINE                                                                                  ;
;   12.248 ;   0.106  ;    ; RE   ; 1      ; BLOCK_INPUT_MUX_X36_Y18_N0_I25            ; LEIM_INPUT                                                                                  ;
;   12.248 ;   0.000  ; RR ; IC   ; 1      ; LABCELL_X36_Y18_N18                       ; u_soc|crypto_accelerator|u_core|u_aes|sb_in_f~561|dataf                                     ;
;   12.325 ;   0.077  ; RR ; CELL ; 1      ; LABCELL_X36_Y18_N18                       ; u_soc|crypto_accelerator|u_core|u_aes|sb_in_f~561|combout                                   ;
;   12.325 ;   0.000  ;    ; RE   ; 1      ; LABCELL_X36_Y18_N18                       ; ARRIAV_LCELL_COMB                                                                           ;
;   12.434 ;   0.109  ;    ; RE   ; 1      ; LE_BUFFER_X36_Y18_N0_I13                  ; LE_BUFFER                                                                                   ;
;   12.538 ;   0.104  ;    ; RE   ; 1      ; LOCAL_INTERCONNECT_X35_Y18_N0_I36         ; LAB_LINE                                                                                    ;
;   12.641 ;   0.103  ;    ; RE   ; 1      ; BLOCK_INPUT_MUX_X35_Y18_N0_I33            ; LEIM_INPUT                                                                                  ;
;   12.642 ;   0.001  ; RR ; IC   ; 1      ; LABCELL_X35_Y18_N24                       ; u_soc|crypto_accelerator|u_core|u_aes|sb_in_f~563|dataf                                     ;
;   12.720 ;   0.078  ; RR ; CELL ; 1      ; LABCELL_X35_Y18_N24                       ; u_soc|crypto_accelerator|u_core|u_aes|sb_in_f~563|combout                                   ;
;   12.720 ;   0.000  ;    ; RE   ; 1      ; LABCELL_X35_Y18_N24                       ; ARRIAV_LCELL_COMB                                                                           ;
;   12.809 ;   0.089  ;    ; RE   ; 1      ; LOCAL_LINE_X35_Y18_N0_I8                  ; LOCAL_LINE                                                                                  ;
;   12.913 ;   0.104  ;    ; RE   ; 1      ; BLOCK_INPUT_MUX_X35_Y18_N0_I25            ; LEIM_INPUT                                                                                  ;
;   12.913 ;   0.000  ; RR ; IC   ; 1      ; LABCELL_X35_Y18_N18                       ; u_soc|crypto_accelerator|u_core|u_aes|sb_in_f~565|dataf                                     ;
;   12.990 ;   0.077  ; RR ; CELL ; 1      ; LABCELL_X35_Y18_N18                       ; u_soc|crypto_accelerator|u_core|u_aes|sb_in_f~565|combout                                   ;
;   12.990 ;   0.000  ;    ; RE   ; 1      ; LABCELL_X35_Y18_N18                       ; ARRIAV_LCELL_COMB                                                                           ;
;   13.075 ;   0.085  ;    ; RE   ; 1      ; LE_BUFFER_X35_Y18_N0_I13                  ; LE_BUFFER                                                                                   ;
;   13.182 ;   0.107  ;    ; RE   ; 1      ; LOCAL_INTERCONNECT_X34_Y18_N0_I36         ; LAB_LINE                                                                                    ;
;   13.286 ;   0.104  ;    ; RE   ; 1      ; BLOCK_INPUT_MUX_X34_Y18_N0_I1             ; LEIM_INPUT                                                                                  ;
;   13.287 ;   0.001  ; RR ; IC   ; 1      ; MLABCELL_X34_Y18_N0                       ; u_soc|crypto_accelerator|u_core|u_aes|sb_in_f~567|dataf                                     ;
;   13.364 ;   0.077  ; RR ; CELL ; 1      ; MLABCELL_X34_Y18_N0                       ; u_soc|crypto_accelerator|u_core|u_aes|sb_in_f~567|combout                                   ;
;   13.364 ;   0.000  ;    ; RE   ; 1      ; MLABCELL_X34_Y18_N0                       ; ARRIAV_LCELL_COMB                                                                           ;
;   13.469 ;   0.105  ;    ; RE   ; 1      ; LE_BUFFER_X34_Y18_N0_I1                   ; LE_BUFFER                                                                                   ;
;   13.647 ;   0.178  ;    ; RE   ; 1      ; C2_X33_Y16_N0_I18                         ; V_SEG2                                                                                      ;
;   13.831 ;   0.184  ;    ; RE   ; 1      ; R3_X31_Y17_N0_I20                         ; H_SEG3                                                                                      ;
;   13.970 ;   0.139  ;    ; RE   ; 1      ; LOCAL_INTERCONNECT_X31_Y17_N0_I28         ; LAB_LINE                                                                                    ;
;   14.073 ;   0.103  ;    ; RE   ; 1      ; BLOCK_INPUT_MUX_X31_Y17_N0_I17            ; LEIM_INPUT                                                                                  ;
;   14.072 ;   -0.001 ; RR ; IC   ; 1      ; LABCELL_X31_Y17_N12                       ; u_soc|crypto_accelerator|u_core|u_aes|sb_in_f~569|dataf                                     ;
;   14.150 ;   0.078  ; RR ; CELL ; 1      ; LABCELL_X31_Y17_N12                       ; u_soc|crypto_accelerator|u_core|u_aes|sb_in_f~569|combout                                   ;
;   14.150 ;   0.000  ;    ; RE   ; 1      ; LABCELL_X31_Y17_N12                       ; ARRIAV_LCELL_COMB                                                                           ;
;   14.247 ;   0.097  ;    ; RE   ; 1      ; LOCAL_LINE_X31_Y17_N0_I4                  ; LOCAL_LINE                                                                                  ;
;   14.353 ;   0.106  ;    ; RE   ; 1      ; BLOCK_INPUT_MUX_X31_Y17_N0_I1             ; LEIM_INPUT                                                                                  ;
;   14.353 ;   0.000  ; RR ; IC   ; 1      ; LABCELL_X31_Y17_N0                        ; u_soc|crypto_accelerator|u_core|u_aes|Selector4548~1|dataf                                  ;
;   14.439 ;   0.086  ; RF ; CELL ; 4      ; LABCELL_X31_Y17_N0                        ; u_soc|crypto_accelerator|u_core|u_aes|Selector4548~1|combout                                ;
;   14.439 ;   0.000  ;    ; RE   ; 2      ; LABCELL_X31_Y17_N0                        ; ARRIAV_LCELL_COMB                                                                           ;
;   14.494 ;   0.055  ;    ; RE   ; 1      ; LE_BUFFER_X31_Y17_N0_I0                   ; LE_BUFFER                                                                                   ;
;   14.644 ;   0.150  ;    ; RE   ; 1      ; R6_X26_Y17_N0_I22                         ; H_SEG6                                                                                      ;
;   14.831 ;   0.187  ;    ; RE   ; 1      ; LOCAL_INTERCONNECT_X31_Y17_N0_I35         ; LAB_LINE                                                                                    ;
;   14.942 ;   0.111  ;    ; RE   ; 1      ; BLOCK_INPUT_MUX_X31_Y17_N0_I77            ; LEIM_INPUT                                                                                  ;
;   14.942 ;   0.000  ; FF ; IC   ; 1      ; LABCELL_X31_Y17_N57                       ; u_soc|crypto_accelerator|u_core|u_aes|u_sub_byte_core|gf_in_f[4]~1|datac                    ;
;   15.355 ;   0.413  ; FF ; CELL ; 8      ; LABCELL_X31_Y17_N57                       ; u_soc|crypto_accelerator|u_core|u_aes|u_sub_byte_core|gf_in_f[4]~1|combout                  ;
;   15.355 ;   0.000  ;    ; RE   ; 2      ; LABCELL_X31_Y17_N57                       ; ARRIAV_LCELL_COMB                                                                           ;
;   15.435 ;   0.080  ;    ; RE   ; 2      ; LOCAL_LINE_X31_Y17_N0_I19                 ; LOCAL_LINE                                                                                  ;
;   15.536 ;   0.101  ;    ; RE   ; 1      ; BLOCK_INPUT_MUX_X31_Y17_N0_I35            ; LEIM_INPUT                                                                                  ;
;   15.536 ;   0.000  ; FF ; IC   ; 1      ; LABCELL_X31_Y17_N24                       ; u_soc|crypto_accelerator|u_core|u_aes|u_sub_byte_core|gf_0|dr_xor2~0|datab                  ;
;   15.993 ;   0.457  ; FF ; CELL ; 3      ; LABCELL_X31_Y17_N24                       ; u_soc|crypto_accelerator|u_core|u_aes|u_sub_byte_core|gf_0|dr_xor2~0|combout                ;
;   15.993 ;   0.000  ;    ; RE   ; 2      ; LABCELL_X31_Y17_N24                       ; ARRIAV_LCELL_COMB                                                                           ;
;   16.071 ;   0.078  ;    ; RE   ; 1      ; LOCAL_LINE_X31_Y17_N0_I8                  ; LOCAL_LINE                                                                                  ;
;   16.167 ;   0.096  ;    ; RE   ; 2      ; BLOCK_INPUT_MUX_X31_Y17_N0_I50            ; LEIM_INPUT                                                                                  ;
;   16.166 ;   -0.001 ; FF ; IC   ; 1      ; LABCELL_X31_Y17_N39                       ; u_soc|crypto_accelerator|u_core|u_aes|u_sub_byte_core|gf_0|al_sq_f[1]~0|dataa               ;
;   16.648 ;   0.482  ; FF ; CELL ; 19     ; LABCELL_X31_Y17_N39                       ; u_soc|crypto_accelerator|u_core|u_aes|u_sub_byte_core|gf_0|al_sq_f[1]~0|combout             ;
;   16.648 ;   0.000  ;    ; RE   ; 2      ; LABCELL_X31_Y17_N39                       ; ARRIAV_LCELL_COMB                                                                           ;
;   16.722 ;   0.074  ;    ; RE   ; 2      ; LE_BUFFER_X31_Y17_N0_I27                  ; LE_BUFFER                                                                                   ;
;   16.907 ;   0.185  ;    ; RE   ; 2      ; C2_X30_Y15_N0_I14                         ; V_SEG2                                                                                      ;
;   17.083 ;   0.176  ;    ; RE   ; 2      ; LOCAL_INTERCONNECT_X31_Y15_N0_I12         ; LAB_LINE                                                                                    ;
;   17.174 ;   0.091  ;    ; RE   ; 2      ; BLOCK_INPUT_MUX_X31_Y15_N0_I18            ; LEIM_INPUT                                                                                  ;
;   17.174 ;   0.000  ; FF ; IC   ; 1      ; LABCELL_X31_Y15_N15                       ; u_soc|crypto_accelerator|u_core|u_aes|u_sub_byte_core|gf_0|dr_xor2~10|dataa                 ;
;   17.633 ;   0.459  ; FF ; CELL ; 1      ; LABCELL_X31_Y15_N15                       ; u_soc|crypto_accelerator|u_core|u_aes|u_sub_byte_core|gf_0|dr_xor2~10|combout               ;
;   17.633 ;   0.000  ;    ; RE   ; 1      ; LABCELL_X31_Y15_N15                       ; ARRIAV_LCELL_COMB                                                                           ;
;   17.718 ;   0.085  ;    ; RE   ; 1      ; LOCAL_LINE_X31_Y15_N0_I5                  ; LOCAL_LINE                                                                                  ;
;   17.832 ;   0.114  ;    ; RE   ; 1      ; BLOCK_INPUT_MUX_X31_Y15_N0_I49            ; LEIM_INPUT                                                                                  ;
;   17.832 ;   0.000  ; FF ; IC   ; 1      ; LABCELL_X31_Y15_N36                       ; u_soc|crypto_accelerator|u_core|u_aes|u_sub_byte_core|gf_0|dr_xor2~11|dataf                 ;
;   17.914 ;   0.082  ; FR ; CELL ; 2      ; LABCELL_X31_Y15_N36                       ; u_soc|crypto_accelerator|u_core|u_aes|u_sub_byte_core|gf_0|dr_xor2~11|combout               ;
;   17.914 ;   0.000  ;    ; RE   ; 1      ; LABCELL_X31_Y15_N36                       ; ARRIAV_LCELL_COMB                                                                           ;
;   18.043 ;   0.129  ;    ; RE   ; 2      ; LOCAL_LINE_X31_Y15_N0_I12                 ; LOCAL_LINE                                                                                  ;
;   18.163 ;   0.120  ;    ; RE   ; 1      ; BLOCK_INPUT_MUX_X31_Y15_N0_I0             ; LEIM_INPUT                                                                                  ;
;   18.163 ;   0.000  ; RR ; IC   ; 1      ; LABCELL_X31_Y15_N0                        ; u_soc|crypto_accelerator|u_core|u_aes|u_sub_byte_core|gf_0|dr_xor2~13|datad                 ;
;   18.467 ;   0.304  ; RF ; CELL ; 4      ; LABCELL_X31_Y15_N0                        ; u_soc|crypto_accelerator|u_core|u_aes|u_sub_byte_core|gf_0|dr_xor2~13|combout               ;
;   18.467 ;   0.000  ;    ; RE   ; 3      ; LABCELL_X31_Y15_N0                        ; ARRIAV_LCELL_COMB                                                                           ;
;   18.524 ;   0.057  ;    ; RE   ; 1      ; LE_BUFFER_X31_Y15_N0_I0                   ; LE_BUFFER                                                                                   ;
;   18.677 ;   0.153  ;    ; RE   ; 2      ; R6_X26_Y15_N0_I22                         ; H_SEG6                                                                                      ;
;   18.886 ;   0.209  ;    ; RE   ; 1      ; LOCAL_INTERCONNECT_X31_Y15_N0_I35         ; LAB_LINE                                                                                    ;
;   19.004 ;   0.118  ;    ; RE   ; 1      ; BLOCK_INPUT_MUX_X31_Y15_N0_I73            ; LEIM_INPUT                                                                                  ;
;   19.003 ;   -0.001 ; FF ; IC   ; 1      ; LABCELL_X31_Y15_N54                       ; u_soc|crypto_accelerator|u_core|u_aes|u_sub_byte_core|gf_0|ah_mul_al_t[1]~1|dataf           ;
;   19.079 ;   0.076  ; FF ; CELL ; 2      ; LABCELL_X31_Y15_N54                       ; u_soc|crypto_accelerator|u_core|u_aes|u_sub_byte_core|gf_0|ah_mul_al_t[1]~1|combout         ;
;   19.079 ;   0.000  ;    ; RE   ; 2      ; LABCELL_X31_Y15_N54                       ; ARRIAV_LCELL_COMB                                                                           ;
;   19.160 ;   0.081  ;    ; RE   ; 1      ; LOCAL_LINE_X31_Y15_N0_I18                 ; LOCAL_LINE                                                                                  ;
;   19.283 ;   0.123  ;    ; RE   ; 1      ; BLOCK_INPUT_MUX_X31_Y15_N0_I46            ; LEIM_INPUT                                                                                  ;
;   19.283 ;   0.000  ; FF ; IC   ; 1      ; LABCELL_X31_Y15_N33                       ; u_soc|crypto_accelerator|u_core|u_aes|u_sub_byte_core|gf_0|dr_xor2~27|datae                 ;
;   19.539 ;   0.256  ; FF ; CELL ; 6      ; LABCELL_X31_Y15_N33                       ; u_soc|crypto_accelerator|u_core|u_aes|u_sub_byte_core|gf_0|dr_xor2~27|combout               ;
;   19.539 ;   0.000  ;    ; RE   ; 2      ; LABCELL_X31_Y15_N33                       ; ARRIAV_LCELL_COMB                                                                           ;
;   19.609 ;   0.070  ;    ; RE   ; 1      ; LE_BUFFER_X31_Y15_N0_I23                  ; LE_BUFFER                                                                                   ;
;   19.762 ;   0.153  ;    ; RE   ; 1      ; R6_X31_Y15_N0_I16                         ; H_SEG6                                                                                      ;
;   19.930 ;   0.168  ;    ; RE   ; 1      ; LOCAL_INTERCONNECT_X31_Y15_N0_I16         ; LAB_LINE                                                                                    ;
;   20.032 ;   0.102  ;    ; RE   ; 1      ; BLOCK_INPUT_MUX_X31_Y15_N0_I54            ; LEIM_INPUT                                                                                  ;
;   20.031 ;   -0.001 ; FF ; IC   ; 1      ; LABCELL_X31_Y15_N39                       ; u_soc|crypto_accelerator|u_core|u_aes|u_sub_byte_core|gf_0|d_f[1]|datad                     ;
;   20.335 ;   0.304  ; FF ; CELL ; 17     ; LABCELL_X31_Y15_N39                       ; u_soc|crypto_accelerator|u_core|u_aes|u_sub_byte_core|gf_0|d_f[1]|combout                   ;
;   20.335 ;   0.000  ;    ; RE   ; 2      ; LABCELL_X31_Y15_N39                       ; ARRIAV_LCELL_COMB                                                                           ;
;   20.408 ;   0.073  ;    ; RE   ; 2      ; LE_BUFFER_X31_Y15_N0_I27                  ; LE_BUFFER                                                                                   ;
;   20.572 ;   0.164  ;    ; RE   ; 2      ; R3_X28_Y15_N0_I23                         ; H_SEG3                                                                                      ;
;   20.753 ;   0.181  ;    ; RE   ; 2      ; LOCAL_INTERCONNECT_X28_Y15_N0_I19         ; LAB_LINE                                                                                    ;
;   20.867 ;   0.114  ;    ; RE   ; 1      ; BLOCK_INPUT_MUX_X28_Y15_N0_I16            ; LEIM_INPUT                                                                                  ;
;   20.868 ;   0.001  ; FF ; IC   ; 1      ; MLABCELL_X28_Y15_N12                      ; u_soc|crypto_accelerator|u_core|u_aes|u_sub_byte_core|gf_0|dr_and~11|datad                  ;
;   21.172 ;   0.304  ; FR ; CELL ; 5      ; MLABCELL_X28_Y15_N12                      ; u_soc|crypto_accelerator|u_core|u_aes|u_sub_byte_core|gf_0|dr_and~11|combout                ;
;   21.172 ;   0.000  ;    ; RE   ; 2      ; MLABCELL_X28_Y15_N12                      ; ARRIAV_LCELL_COMB                                                                           ;
;   21.272 ;   0.100  ;    ; RE   ; 2      ; LOCAL_LINE_X28_Y15_N0_I4                  ; LOCAL_LINE                                                                                  ;
;   21.359 ;   0.087  ;    ; RE   ; 1      ; BLOCK_INPUT_MUX_X28_Y15_N0_I3             ; LEIM_INPUT                                                                                  ;
;   21.359 ;   0.000  ; RR ; IC   ; 1      ; MLABCELL_X28_Y15_N0                       ; u_soc|crypto_accelerator|u_core|u_aes|u_sub_byte_core|gf_0|d_inv_f[3]|datab                 ;
;   21.836 ;   0.477  ; RF ; CELL ; 9      ; MLABCELL_X28_Y15_N0                       ; u_soc|crypto_accelerator|u_core|u_aes|u_sub_byte_core|gf_0|d_inv_f[3]|combout               ;
;   21.836 ;   0.000  ;    ; RE   ; 3      ; MLABCELL_X28_Y15_N0                       ; ARRIAV_LCELL_COMB                                                                           ;
;   21.898 ;   0.062  ;    ; RE   ; 2      ; LE_BUFFER_X28_Y15_N0_I0                   ; LE_BUFFER                                                                                   ;
;   22.060 ;   0.162  ;    ; RE   ; 2      ; C2_X28_Y13_N0_I18                         ; V_SEG2                                                                                      ;
;   22.234 ;   0.174  ;    ; RE   ; 1      ; R3_X26_Y14_N0_I22                         ; H_SEG3                                                                                      ;
;   22.402 ;   0.168  ;    ; RE   ; 1      ; LOCAL_INTERCONNECT_X28_Y14_N0_I44         ; LAB_LINE                                                                                    ;
;   22.518 ;   0.116  ;    ; RE   ; 1      ; BLOCK_INPUT_MUX_X28_Y14_N0_I54            ; LEIM_INPUT                                                                                  ;
;   22.519 ;   0.001  ; FF ; IC   ; 1      ; MLABCELL_X28_Y14_N39                      ; u_soc|crypto_accelerator|u_core|u_aes|u_sub_byte_core|gf_0|dr_xor2~62|datae                 ;
;   22.800 ;   0.281  ; FR ; CELL ; 3      ; MLABCELL_X28_Y14_N39                      ; u_soc|crypto_accelerator|u_core|u_aes|u_sub_byte_core|gf_0|dr_xor2~62|combout               ;
;   22.800 ;   0.000  ;    ; RE   ; 1      ; MLABCELL_X28_Y14_N39                      ; ARRIAV_LCELL_COMB                                                                           ;
;   22.909 ;   0.109  ;    ; RE   ; 3      ; LOCAL_LINE_X28_Y14_N0_I13                 ; LOCAL_LINE                                                                                  ;
;   23.022 ;   0.113  ;    ; RE   ; 1      ; BLOCK_INPUT_MUX_X28_Y14_N0_I45            ; LEIM_INPUT                                                                                  ;
;   23.021 ;   -0.001 ; RR ; IC   ; 1      ; MLABCELL_X28_Y14_N33                      ; u_soc|crypto_accelerator|u_core|u_aes|u_sub_byte_core|gf_0|dr_xor2~63|datac                 ;
;   23.377 ;   0.356  ; RR ; CELL ; 3      ; MLABCELL_X28_Y14_N33                      ; u_soc|crypto_accelerator|u_core|u_aes|u_sub_byte_core|gf_0|dr_xor2~63|combout               ;
;   23.377 ;   0.000  ;    ; RE   ; 1      ; MLABCELL_X28_Y14_N33                      ; ARRIAV_LCELL_COMB                                                                           ;
;   23.486 ;   0.109  ;    ; RE   ; 2      ; LOCAL_LINE_X28_Y14_N0_I11                 ; LOCAL_LINE                                                                                  ;
;   23.607 ;   0.121  ;    ; RE   ; 1      ; BLOCK_INPUT_MUX_X28_Y14_N0_I68            ; LEIM_INPUT                                                                                  ;
;   23.607 ;   0.000  ; RR ; IC   ; 1      ; MLABCELL_X28_Y14_N48                      ; u_soc|crypto_accelerator|u_core|u_aes|u_sub_byte_core|gf_0|ah_out_f[0]~2|datac              ;
;   23.955 ;   0.348  ; RR ; CELL ; 6      ; MLABCELL_X28_Y14_N48                      ; u_soc|crypto_accelerator|u_core|u_aes|u_sub_byte_core|gf_0|ah_out_f[0]~2|combout            ;
;   23.955 ;   0.000  ;    ; RE   ; 1      ; MLABCELL_X28_Y14_N48                      ; ARRIAV_LCELL_COMB                                                                           ;
;   24.035 ;   0.080  ;    ; RE   ; 2      ; LE_BUFFER_X28_Y14_N0_I32                  ; LE_BUFFER                                                                                   ;
;   24.181 ;   0.146  ;    ; RE   ; 1      ; C2_X28_Y15_N0_I4                          ; V_SEG2                                                                                      ;
;   24.315 ;   0.134  ;    ; RE   ; 1      ; R3_X26_Y16_N0_I20                         ; H_SEG3                                                                                      ;
;   24.441 ;   0.126  ;    ; RE   ; 2      ; LOCAL_INTERCONNECT_X28_Y16_N0_I28         ; LAB_LINE                                                                                    ;
;   24.555 ;   0.114  ;    ; RE   ; 2      ; BLOCK_INPUT_MUX_X28_Y16_N0_I60            ; LEIM_INPUT                                                                                  ;
;   24.554 ;   -0.001 ; RR ; IC   ; 1      ; MLABCELL_X28_Y16_N45                      ; u_soc|crypto_accelerator|u_core|u_aes|u_sub_byte_core|gf_0|data_out_f[5]~5|datad            ;
;   24.990 ;   0.436  ; RF ; CELL ; 5      ; MLABCELL_X28_Y16_N45                      ; u_soc|crypto_accelerator|u_core|u_aes|u_sub_byte_core|gf_0|data_out_f[5]~5|combout          ;
;   24.990 ;   0.000  ;    ; RE   ; 2      ; MLABCELL_X28_Y16_N45                      ; ARRIAV_LCELL_COMB                                                                           ;
;   25.046 ;   0.056  ;    ; RE   ; 1      ; LE_BUFFER_X28_Y16_N0_I30                  ; LE_BUFFER                                                                                   ;
;   25.194 ;   0.148  ;    ; RE   ; 1      ; C2_X28_Y14_N0_I15                         ; V_SEG2                                                                                      ;
;   25.369 ;   0.175  ;    ; RE   ; 1      ; R3_X26_Y15_N0_I13                         ; H_SEG3                                                                                      ;
;   25.555 ;   0.186  ;    ; RE   ; 1      ; LOCAL_INTERCONNECT_X27_Y15_N0_I19         ; LAB_LINE                                                                                    ;
;   25.674 ;   0.119  ;    ; RE   ; 1      ; BLOCK_INPUT_MUX_X27_Y15_N0_I53            ; LEIM_INPUT                                                                                  ;
;   25.674 ;   0.000  ; FF ; IC   ; 1      ; LABCELL_X27_Y15_N39                       ; u_soc|crypto_accelerator|u_core|u_aes|u_sub_byte_core|aff_trans_0|aff_trans_out_f~0|datac   ;
;   26.082 ;   0.408  ; FF ; CELL ; 5      ; LABCELL_X27_Y15_N39                       ; u_soc|crypto_accelerator|u_core|u_aes|u_sub_byte_core|aff_trans_0|aff_trans_out_f~0|combout ;
;   26.082 ;   0.000  ;    ; RE   ; 1      ; LABCELL_X27_Y15_N39                       ; ARRIAV_LCELL_COMB                                                                           ;
;   26.164 ;   0.082  ;    ; RE   ; 3      ; LE_BUFFER_X27_Y15_N0_I27                  ; LE_BUFFER                                                                                   ;
;   26.348 ;   0.184  ;    ; RE   ; 1      ; C4_X26_Y16_N0_I0                          ; V_SEG4                                                                                      ;
;   26.560 ;   0.212  ;    ; RE   ; 1      ; LOCAL_INTERCONNECT_X27_Y16_N0_I12         ; LAB_LINE                                                                                    ;
;   26.675 ;   0.115  ;    ; RE   ; 1      ; BLOCK_INPUT_MUX_X27_Y16_N0_I28            ; LEIM_INPUT                                                                                  ;
;   26.674 ;   -0.001 ; FF ; IC   ; 1      ; LABCELL_X27_Y16_N18                       ; u_soc|crypto_accelerator|u_core|u_aes|u_sub_byte_core|data_out_f[7]~7|datac                 ;
;   27.088 ;   0.414  ; FF ; CELL ; 20     ; LABCELL_X27_Y16_N18                       ; u_soc|crypto_accelerator|u_core|u_aes|u_sub_byte_core|data_out_f[7]~7|combout               ;
;   27.088 ;   0.000  ;    ; RE   ; 2      ; LABCELL_X27_Y16_N18                       ; ARRIAV_LCELL_COMB                                                                           ;
;   27.183 ;   0.095  ;    ; RE   ; 5      ; LE_BUFFER_X27_Y16_N0_I12                  ; LE_BUFFER                                                                                   ;
;   27.410 ;   0.227  ;    ; RE   ; 2      ; C2_X27_Y14_N0_I12                         ; V_SEG2                                                                                      ;
;   27.639 ;   0.229  ;    ; RE   ; 3      ; C2_X27_Y12_N0_I12                         ; V_SEG2                                                                                      ;
;   27.860 ;   0.221  ;    ; RE   ; 1      ; R6_X28_Y13_N0_I17                         ; H_SEG6                                                                                      ;
;   28.069 ;   0.209  ;    ; RE   ; 1      ; R3_X28_Y13_N0_I7                          ; H_SEG3                                                                                      ;
;   28.220 ;   0.151  ;    ; RE   ; 1      ; LOCAL_INTERCONNECT_X28_Y13_N0_I42         ; LAB_LINE                                                                                    ;
;   28.338 ;   0.118  ;    ; RE   ; 1      ; BLOCK_INPUT_MUX_X28_Y13_N0_I70            ; LEIM_INPUT                                                                                  ;
;   28.339 ;   0.001  ; FF ; IC   ; 1      ; FF_X28_Y13_N53                            ; u_soc|crypto_accelerator|u_core|u_aes|buf_a_f[5][7]|asdata                                  ;
;   28.854 ;   0.515  ; FF ; CELL ; 1      ; FF_X28_Y13_N53                            ; soc:u_soc|axi_slave_top:crypto_accelerator|axi_slave_core:u_core|aes:u_aes|buf_a_f[5][7]    ;
+----------+----------+----+------+--------+-------------------------------------------+---------------------------------------------------------------------------------------------+

+----------------------------------------------------------------------------------------------------------------------------------------------------+
; Data Required Path                                                                                                                                 ;
+---------+---------+----+------+--------+----------------+------------------------------------------------------------------------------------------+
; Total   ; Incr    ; RF ; Type ; Fanout ; Location       ; Element                                                                                  ;
+---------+---------+----+------+--------+----------------+------------------------------------------------------------------------------------------+
; 1.000   ; 1.000   ;    ;      ;        ;                ; latch edge time                                                                          ;
; 4.636   ; 3.636   ;    ;      ;        ;                ; clock path                                                                               ;
;   4.580 ;   3.580 ; R  ;      ;        ;                ; clock network delay                                                                      ;
;   4.636 ;   0.056 ;    ;      ;        ;                ; clock pessimism removed                                                                  ;
; 4.466   ; -0.170  ;    ;      ;        ;                ; clock uncertainty                                                                        ;
; 4.466   ; 0.000   ;    ; uTsu ; 1      ; FF_X28_Y13_N53 ; soc:u_soc|axi_slave_top:crypto_accelerator|axi_slave_core:u_core|aes:u_aes|buf_a_f[5][7] ;
+---------+---------+----+------+--------+----------------+------------------------------------------------------------------------------------------+

----------------------------
; Extra Fitter Information ;
----------------------------
HTML report is unavailable in plain text report export.


Path #6: Setup slack is -24.372 (VIOLATED)
===============================================================================
+---------------------------------------------------------------------------------------------------------------+
; Path Summary                                                                                                  ;
+--------------------+------------------------------------------------------------------------------------------+
; Property           ; Value                                                                                    ;
+--------------------+------------------------------------------------------------------------------------------+
; From Node          ; soc:u_soc|axi_slave_top:crypto_accelerator|axi_slave_core:u_core|aes:u_aes|kexp_i[1]     ;
; To Node            ; soc:u_soc|axi_slave_top:crypto_accelerator|axi_slave_core:u_core|aes:u_aes|buf_a_f[5][7] ;
; Launch Clock       ; CLOCK_50                                                                                 ;
; Latch Clock        ; CLOCK_50                                                                                 ;
; Data Arrival Time  ; 28.838                                                                                   ;
; Data Required Time ; 4.466                                                                                    ;
; Slack              ; -24.372 (VIOLATED)                                                                       ;
+--------------------+------------------------------------------------------------------------------------------+

+----------------------------------------------------------------------------------------+
; Statistics                                                                             ;
+---------------------------+--------+-------+-------------+------------+--------+-------+
; Property                  ; Value  ; Count ; Total Delay ; % of Total ; Min    ; Max   ;
+---------------------------+--------+-------+-------------+------------+--------+-------+
; Setup Relationship        ; 1.000  ;       ;             ;            ;        ;       ;
; Clock Skew                ; -0.423 ;       ;             ;            ;        ;       ;
; Data Delay                ; 24.779 ;       ;             ;            ;        ;       ;
; Number of Logic Levels    ;        ; 32    ;             ;            ;        ;       ;
; Physical Delays           ;        ;       ;             ;            ;        ;       ;
;  Arrival Path             ;        ;       ;             ;            ;        ;       ;
;   Clock                   ;        ;       ;             ;            ;        ;       ;
;    Clock Network (Lumped) ;        ; 1     ; 4.059       ; 100        ; 4.059  ; 4.059 ;
;   Data                    ;        ;       ;             ;            ;        ;       ;
;    IC                     ;        ; 33    ; 0.001       ; 0          ; -0.001 ; 0.001 ;
;    Cell                   ;        ; 34    ; 8.218       ; 33         ; 0.000  ; 0.515 ;
;    uTco                   ;        ; 1     ; 0.000       ; 0          ; 0.000  ; 0.000 ;
;    Routing Element        ;        ; 153   ; 16.560      ; 67         ; 0.000  ; 0.401 ;
;  Required Path            ;        ;       ;             ;            ;        ;       ;
;   Clock                   ;        ;       ;             ;            ;        ;       ;
;    Clock Network (Lumped) ;        ; 1     ; 3.580       ; 100        ; 3.580  ; 3.580 ;
+---------------------------+--------+-------+-------------+------------+--------+-------+
Note: Negative delays are omitted from totals when calculating percentages

+------------------------------------------------------------------------------------------------------------------------------------------------------------------------------------+
; Data Arrival Path                                                                                                                                                                  ;
+----------+----------+----+------+--------+-------------------------------------------+---------------------------------------------------------------------------------------------+
; Total    ; Incr     ; RF ; Type ; Fanout ; Location                                  ; Element                                                                                     ;
+----------+----------+----+------+--------+-------------------------------------------+---------------------------------------------------------------------------------------------+
; 0.000    ; 0.000    ;    ;      ;        ;                                           ; launch edge time                                                                            ;
; 4.059    ; 4.059    ;    ;      ;        ;                                           ; clock path                                                                                  ;
;   4.059  ;   4.059  ; R  ;      ;        ;                                           ; clock network delay                                                                         ;
; 28.838   ; 24.779   ;    ;      ;        ;                                           ; data path                                                                                   ;
;   4.059  ;   0.000  ;    ; uTco ; 1      ; FF_X30_Y23_N2                             ; soc:u_soc|axi_slave_top:crypto_accelerator|axi_slave_core:u_core|aes:u_aes|kexp_i[1]        ;
;   4.059  ;   0.000  ; FF ; CELL ; 239    ; FF_X30_Y23_N2                             ; u_soc|crypto_accelerator|u_core|u_aes|kexp_i[1]|q                                           ;
;   4.109  ;   0.050  ;    ; RE   ; 3      ; FF_X30_Y23_N2                             ; ARRIAV_FF                                                                                   ;
;   4.197  ;   0.088  ;    ; RE   ; 5      ; LE_BUFFER_X30_Y23_N0_I1                   ; LE_BUFFER                                                                                   ;
;   4.598  ;   0.401  ;    ; RE   ; 8      ; R6_X30_Y23_N0_I11                         ; H_SEG6                                                                                      ;
;   4.941  ;   0.343  ;    ; RE   ; 3      ; R6_X35_Y23_N0_I10                         ; H_SEG6                                                                                      ;
;   5.177  ;   0.236  ;    ; RE   ; 2      ; LOCAL_INTERCONNECT_X36_Y23_N0_I1          ; LAB_LINE                                                                                    ;
;   5.299  ;   0.122  ;    ; RE   ; 1      ; BLOCK_INPUT_MUX_X36_Y23_N0_I64            ; LEIM_INPUT                                                                                  ;
;   5.299  ;   0.000  ; FF ; IC   ; 1      ; LABCELL_X36_Y23_N48                       ; u_soc|crypto_accelerator|u_core|u_aes|sb_in_f~20|datad                                      ;
;   5.587  ;   0.288  ; FF ; CELL ; 3      ; LABCELL_X36_Y23_N48                       ; u_soc|crypto_accelerator|u_core|u_aes|sb_in_f~20|combout                                    ;
;   5.587  ;   0.000  ;    ; RE   ; 2      ; LABCELL_X36_Y23_N48                       ; ARRIAV_LCELL_COMB                                                                           ;
;   5.664  ;   0.077  ;    ; RE   ; 1      ; LOCAL_LINE_X36_Y23_N0_I16                 ; LOCAL_LINE                                                                                  ;
;   5.785  ;   0.121  ;    ; RE   ; 1      ; BLOCK_INPUT_MUX_X36_Y23_N0_I28            ; LEIM_INPUT                                                                                  ;
;   5.785  ;   0.000  ; FF ; IC   ; 1      ; LABCELL_X36_Y23_N18                       ; u_soc|crypto_accelerator|u_core|u_aes|sb_in_f~22|datac                                      ;
;   6.202  ;   0.417  ; FF ; CELL ; 48     ; LABCELL_X36_Y23_N18                       ; u_soc|crypto_accelerator|u_core|u_aes|sb_in_f~22|combout                                    ;
;   6.202  ;   0.000  ;    ; RE   ; 2      ; LABCELL_X36_Y23_N18                       ; ARRIAV_LCELL_COMB                                                                           ;
;   6.299  ;   0.097  ;    ; RE   ; 2      ; LE_BUFFER_X36_Y23_N0_I13                  ; LE_BUFFER                                                                                   ;
;   6.497  ;   0.198  ;    ; RE   ; 2      ; R3_X36_Y23_N0_I1                          ; H_SEG3                                                                                      ;
;   6.497  ;   0.000  ;    ; RE   ; 2      ; R14_C12_INTERCONNECT_DRIVER_X36_Y23_N0_I1 ; WIRE_MUX                                                                                    ;
;   6.740  ;   0.243  ;    ; RE   ; 2      ; R14_X23_Y23_N0_I1                         ; H_SEG14                                                                                     ;
;   6.966  ;   0.226  ;    ; RE   ; 1      ; C2_X22_Y21_N0_I15                         ; V_SEG2                                                                                      ;
;   7.290  ;   0.324  ;    ; RE   ; 1      ; R6_X17_Y21_N0_I26                         ; H_SEG6                                                                                      ;
;   7.504  ;   0.214  ;    ; RE   ; 3      ; LOCAL_INTERCONNECT_X19_Y21_N0_I12         ; LAB_LINE                                                                                    ;
;   7.618  ;   0.114  ;    ; RE   ; 1      ; BLOCK_INPUT_MUX_X19_Y21_N0_I71            ; LEIM_INPUT                                                                                  ;
;   7.618  ;   0.000  ; FF ; IC   ; 1      ; LABCELL_X19_Y21_N51                       ; u_soc|crypto_accelerator|u_core|u_aes|sb_in_f~545|dataf                                     ;
;   7.689  ;   0.071  ; FF ; CELL ; 1      ; LABCELL_X19_Y21_N51                       ; u_soc|crypto_accelerator|u_core|u_aes|sb_in_f~545|combout                                   ;
;   7.689  ;   0.000  ;    ; RE   ; 1      ; LABCELL_X19_Y21_N51                       ; ARRIAV_LCELL_COMB                                                                           ;
;   7.745  ;   0.056  ;    ; RE   ; 1      ; LE_BUFFER_X19_Y21_N0_I34                  ; LE_BUFFER                                                                                   ;
;   7.885  ;   0.140  ;    ; RE   ; 1      ; R3_X17_Y21_N0_I21                         ; H_SEG3                                                                                      ;
;   7.885  ;   0.000  ;    ; RE   ; 1      ; R14_C12_INTERCONNECT_DRIVER_X19_Y21_N0_I2 ; WIRE_MUX                                                                                    ;
;   8.123  ;   0.238  ;    ; RE   ; 1      ; R14_X20_Y21_N0_I0                         ; H_SEG14                                                                                     ;
;   8.332  ;   0.209  ;    ; RE   ; 1      ; C2_X30_Y22_N0_I7                          ; V_SEG2                                                                                      ;
;   8.509  ;   0.177  ;    ; RE   ; 1      ; R6_X31_Y22_N0_I16                         ; H_SEG6                                                                                      ;
;   8.677  ;   0.168  ;    ; RE   ; 1      ; LOCAL_INTERCONNECT_X31_Y22_N0_I16         ; LAB_LINE                                                                                    ;
;   8.784  ;   0.107  ;    ; RE   ; 1      ; BLOCK_INPUT_MUX_X31_Y22_N0_I56            ; LEIM_INPUT                                                                                  ;
;   8.784  ;   0.000  ; FF ; IC   ; 1      ; LABCELL_X31_Y22_N42                       ; u_soc|crypto_accelerator|u_core|u_aes|sb_in_f~761|datad                                     ;
;   9.086  ;   0.302  ; FR ; CELL ; 1      ; LABCELL_X31_Y22_N42                       ; u_soc|crypto_accelerator|u_core|u_aes|sb_in_f~761|combout                                   ;
;   9.086  ;   0.000  ;    ; RE   ; 1      ; LABCELL_X31_Y22_N42                       ; ARRIAV_LCELL_COMB                                                                           ;
;   9.174  ;   0.088  ;    ; RE   ; 1      ; LOCAL_LINE_X31_Y22_N0_I14                 ; LOCAL_LINE                                                                                  ;
;   9.279  ;   0.105  ;    ; RE   ; 1      ; BLOCK_INPUT_MUX_X31_Y22_N0_I65            ; LEIM_INPUT                                                                                  ;
;   9.279  ;   0.000  ; RR ; IC   ; 1      ; LABCELL_X31_Y22_N48                       ; u_soc|crypto_accelerator|u_core|u_aes|sb_in_f~546|dataf                                     ;
;   9.357  ;   0.078  ; RR ; CELL ; 1      ; LABCELL_X31_Y22_N48                       ; u_soc|crypto_accelerator|u_core|u_aes|sb_in_f~546|combout                                   ;
;   9.357  ;   0.000  ;    ; RE   ; 1      ; LABCELL_X31_Y22_N48                       ; ARRIAV_LCELL_COMB                                                                           ;
;   9.457  ;   0.100  ;    ; RE   ; 1      ; LOCAL_LINE_X31_Y22_N0_I16                 ; LOCAL_LINE                                                                                  ;
;   9.564  ;   0.107  ;    ; RE   ; 1      ; BLOCK_INPUT_MUX_X31_Y22_N0_I17            ; LEIM_INPUT                                                                                  ;
;   9.564  ;   0.000  ; RR ; IC   ; 1      ; LABCELL_X31_Y22_N12                       ; u_soc|crypto_accelerator|u_core|u_aes|sb_in_f~548|dataf                                     ;
;   9.648  ;   0.084  ; RF ; CELL ; 1      ; LABCELL_X31_Y22_N12                       ; u_soc|crypto_accelerator|u_core|u_aes|sb_in_f~548|combout                                   ;
;   9.648  ;   0.000  ;    ; RE   ; 1      ; LABCELL_X31_Y22_N12                       ; ARRIAV_LCELL_COMB                                                                           ;
;   9.730  ;   0.082  ;    ; RE   ; 1      ; LOCAL_LINE_X31_Y22_N0_I4                  ; LOCAL_LINE                                                                                  ;
;   9.855  ;   0.125  ;    ; RE   ; 1      ; BLOCK_INPUT_MUX_X31_Y22_N0_I55            ; LEIM_INPUT                                                                                  ;
;   9.855  ;   0.000  ; FF ; IC   ; 1      ; LABCELL_X31_Y22_N39                       ; u_soc|crypto_accelerator|u_core|u_aes|sb_in_f~550|dataf                                     ;
;   9.926  ;   0.071  ; FF ; CELL ; 1      ; LABCELL_X31_Y22_N39                       ; u_soc|crypto_accelerator|u_core|u_aes|sb_in_f~550|combout                                   ;
;   9.926  ;   0.000  ;    ; RE   ; 1      ; LABCELL_X31_Y22_N39                       ; ARRIAV_LCELL_COMB                                                                           ;
;   9.995  ;   0.069  ;    ; RE   ; 1      ; LE_BUFFER_X31_Y22_N0_I27                  ; LE_BUFFER                                                                                   ;
;   10.173 ;   0.178  ;    ; RE   ; 1      ; C2_X30_Y20_N0_I14                         ; V_SEG2                                                                                      ;
;   10.381 ;   0.208  ;    ; RE   ; 1      ; C2_X30_Y18_N0_I14                         ; V_SEG2                                                                                      ;
;   10.747 ;   0.366  ;    ; RE   ; 1      ; R6_X31_Y18_N0_I5                          ; H_SEG6                                                                                      ;
;   10.991 ;   0.244  ;    ; RE   ; 1      ; LOCAL_INTERCONNECT_X36_Y18_N0_I39         ; LAB_LINE                                                                                    ;
;   11.107 ;   0.116  ;    ; RE   ; 1      ; BLOCK_INPUT_MUX_X36_Y18_N0_I9             ; LEIM_INPUT                                                                                  ;
;   11.107 ;   0.000  ; FF ; IC   ; 1      ; LABCELL_X36_Y18_N6                        ; u_soc|crypto_accelerator|u_core|u_aes|sb_in_f~553|dataf                                     ;
;   11.189 ;   0.082  ; FR ; CELL ; 1      ; LABCELL_X36_Y18_N6                        ; u_soc|crypto_accelerator|u_core|u_aes|sb_in_f~553|combout                                   ;
;   11.189 ;   0.000  ;    ; RE   ; 1      ; LABCELL_X36_Y18_N6                        ; ARRIAV_LCELL_COMB                                                                           ;
;   11.292 ;   0.103  ;    ; RE   ; 1      ; LOCAL_LINE_X36_Y18_N0_I2                  ; LOCAL_LINE                                                                                  ;
;   11.399 ;   0.107  ;    ; RE   ; 1      ; BLOCK_INPUT_MUX_X36_Y18_N0_I65            ; LEIM_INPUT                                                                                  ;
;   11.399 ;   0.000  ; RR ; IC   ; 1      ; LABCELL_X36_Y18_N48                       ; u_soc|crypto_accelerator|u_core|u_aes|sb_in_f~555|dataf                                     ;
;   11.477 ;   0.078  ; RR ; CELL ; 1      ; LABCELL_X36_Y18_N48                       ; u_soc|crypto_accelerator|u_core|u_aes|sb_in_f~555|combout                                   ;
;   11.477 ;   0.000  ;    ; RE   ; 1      ; LABCELL_X36_Y18_N48                       ; ARRIAV_LCELL_COMB                                                                           ;
;   11.570 ;   0.093  ;    ; RE   ; 1      ; LOCAL_LINE_X36_Y18_N0_I16                 ; LOCAL_LINE                                                                                  ;
;   11.675 ;   0.105  ;    ; RE   ; 1      ; BLOCK_INPUT_MUX_X36_Y18_N0_I41            ; LEIM_INPUT                                                                                  ;
;   11.675 ;   0.000  ; RR ; IC   ; 1      ; LABCELL_X36_Y18_N30                       ; u_soc|crypto_accelerator|u_core|u_aes|sb_in_f~557|dataf                                     ;
;   11.753 ;   0.078  ; RR ; CELL ; 1      ; LABCELL_X36_Y18_N30                       ; u_soc|crypto_accelerator|u_core|u_aes|sb_in_f~557|combout                                   ;
;   11.753 ;   0.000  ;    ; RE   ; 1      ; LABCELL_X36_Y18_N30                       ; ARRIAV_LCELL_COMB                                                                           ;
;   11.865 ;   0.112  ;    ; RE   ; 1      ; LOCAL_LINE_X36_Y18_N0_I10                 ; LOCAL_LINE                                                                                  ;
;   11.971 ;   0.106  ;    ; RE   ; 1      ; BLOCK_INPUT_MUX_X36_Y18_N0_I17            ; LEIM_INPUT                                                                                  ;
;   11.972 ;   0.001  ; RR ; IC   ; 1      ; LABCELL_X36_Y18_N12                       ; u_soc|crypto_accelerator|u_core|u_aes|sb_in_f~559|dataf                                     ;
;   12.050 ;   0.078  ; RR ; CELL ; 1      ; LABCELL_X36_Y18_N12                       ; u_soc|crypto_accelerator|u_core|u_aes|sb_in_f~559|combout                                   ;
;   12.050 ;   0.000  ;    ; RE   ; 1      ; LABCELL_X36_Y18_N12                       ; ARRIAV_LCELL_COMB                                                                           ;
;   12.142 ;   0.092  ;    ; RE   ; 1      ; LOCAL_LINE_X36_Y18_N0_I4                  ; LOCAL_LINE                                                                                  ;
;   12.248 ;   0.106  ;    ; RE   ; 1      ; BLOCK_INPUT_MUX_X36_Y18_N0_I25            ; LEIM_INPUT                                                                                  ;
;   12.248 ;   0.000  ; RR ; IC   ; 1      ; LABCELL_X36_Y18_N18                       ; u_soc|crypto_accelerator|u_core|u_aes|sb_in_f~561|dataf                                     ;
;   12.325 ;   0.077  ; RR ; CELL ; 1      ; LABCELL_X36_Y18_N18                       ; u_soc|crypto_accelerator|u_core|u_aes|sb_in_f~561|combout                                   ;
;   12.325 ;   0.000  ;    ; RE   ; 1      ; LABCELL_X36_Y18_N18                       ; ARRIAV_LCELL_COMB                                                                           ;
;   12.434 ;   0.109  ;    ; RE   ; 1      ; LE_BUFFER_X36_Y18_N0_I13                  ; LE_BUFFER                                                                                   ;
;   12.538 ;   0.104  ;    ; RE   ; 1      ; LOCAL_INTERCONNECT_X35_Y18_N0_I36         ; LAB_LINE                                                                                    ;
;   12.641 ;   0.103  ;    ; RE   ; 1      ; BLOCK_INPUT_MUX_X35_Y18_N0_I33            ; LEIM_INPUT                                                                                  ;
;   12.642 ;   0.001  ; RR ; IC   ; 1      ; LABCELL_X35_Y18_N24                       ; u_soc|crypto_accelerator|u_core|u_aes|sb_in_f~563|dataf                                     ;
;   12.720 ;   0.078  ; RR ; CELL ; 1      ; LABCELL_X35_Y18_N24                       ; u_soc|crypto_accelerator|u_core|u_aes|sb_in_f~563|combout                                   ;
;   12.720 ;   0.000  ;    ; RE   ; 1      ; LABCELL_X35_Y18_N24                       ; ARRIAV_LCELL_COMB                                                                           ;
;   12.809 ;   0.089  ;    ; RE   ; 1      ; LOCAL_LINE_X35_Y18_N0_I8                  ; LOCAL_LINE                                                                                  ;
;   12.913 ;   0.104  ;    ; RE   ; 1      ; BLOCK_INPUT_MUX_X35_Y18_N0_I25            ; LEIM_INPUT                                                                                  ;
;   12.913 ;   0.000  ; RR ; IC   ; 1      ; LABCELL_X35_Y18_N18                       ; u_soc|crypto_accelerator|u_core|u_aes|sb_in_f~565|dataf                                     ;
;   12.990 ;   0.077  ; RR ; CELL ; 1      ; LABCELL_X35_Y18_N18                       ; u_soc|crypto_accelerator|u_core|u_aes|sb_in_f~565|combout                                   ;
;   12.990 ;   0.000  ;    ; RE   ; 1      ; LABCELL_X35_Y18_N18                       ; ARRIAV_LCELL_COMB                                                                           ;
;   13.075 ;   0.085  ;    ; RE   ; 1      ; LE_BUFFER_X35_Y18_N0_I13                  ; LE_BUFFER                                                                                   ;
;   13.182 ;   0.107  ;    ; RE   ; 1      ; LOCAL_INTERCONNECT_X34_Y18_N0_I36         ; LAB_LINE                                                                                    ;
;   13.286 ;   0.104  ;    ; RE   ; 1      ; BLOCK_INPUT_MUX_X34_Y18_N0_I1             ; LEIM_INPUT                                                                                  ;
;   13.287 ;   0.001  ; RR ; IC   ; 1      ; MLABCELL_X34_Y18_N0                       ; u_soc|crypto_accelerator|u_core|u_aes|sb_in_f~567|dataf                                     ;
;   13.364 ;   0.077  ; RR ; CELL ; 1      ; MLABCELL_X34_Y18_N0                       ; u_soc|crypto_accelerator|u_core|u_aes|sb_in_f~567|combout                                   ;
;   13.364 ;   0.000  ;    ; RE   ; 1      ; MLABCELL_X34_Y18_N0                       ; ARRIAV_LCELL_COMB                                                                           ;
;   13.469 ;   0.105  ;    ; RE   ; 1      ; LE_BUFFER_X34_Y18_N0_I1                   ; LE_BUFFER                                                                                   ;
;   13.647 ;   0.178  ;    ; RE   ; 1      ; C2_X33_Y16_N0_I18                         ; V_SEG2                                                                                      ;
;   13.831 ;   0.184  ;    ; RE   ; 1      ; R3_X31_Y17_N0_I20                         ; H_SEG3                                                                                      ;
;   13.970 ;   0.139  ;    ; RE   ; 1      ; LOCAL_INTERCONNECT_X31_Y17_N0_I28         ; LAB_LINE                                                                                    ;
;   14.073 ;   0.103  ;    ; RE   ; 1      ; BLOCK_INPUT_MUX_X31_Y17_N0_I17            ; LEIM_INPUT                                                                                  ;
;   14.072 ;   -0.001 ; RR ; IC   ; 1      ; LABCELL_X31_Y17_N12                       ; u_soc|crypto_accelerator|u_core|u_aes|sb_in_f~569|dataf                                     ;
;   14.150 ;   0.078  ; RR ; CELL ; 1      ; LABCELL_X31_Y17_N12                       ; u_soc|crypto_accelerator|u_core|u_aes|sb_in_f~569|combout                                   ;
;   14.150 ;   0.000  ;    ; RE   ; 1      ; LABCELL_X31_Y17_N12                       ; ARRIAV_LCELL_COMB                                                                           ;
;   14.247 ;   0.097  ;    ; RE   ; 1      ; LOCAL_LINE_X31_Y17_N0_I4                  ; LOCAL_LINE                                                                                  ;
;   14.353 ;   0.106  ;    ; RE   ; 1      ; BLOCK_INPUT_MUX_X31_Y17_N0_I1             ; LEIM_INPUT                                                                                  ;
;   14.353 ;   0.000  ; RR ; IC   ; 1      ; LABCELL_X31_Y17_N0                        ; u_soc|crypto_accelerator|u_core|u_aes|Selector4548~1|dataf                                  ;
;   14.439 ;   0.086  ; RF ; CELL ; 4      ; LABCELL_X31_Y17_N0                        ; u_soc|crypto_accelerator|u_core|u_aes|Selector4548~1|combout                                ;
;   14.439 ;   0.000  ;    ; RE   ; 2      ; LABCELL_X31_Y17_N0                        ; ARRIAV_LCELL_COMB                                                                           ;
;   14.494 ;   0.055  ;    ; RE   ; 1      ; LE_BUFFER_X31_Y17_N0_I0                   ; LE_BUFFER                                                                                   ;
;   14.644 ;   0.150  ;    ; RE   ; 1      ; R6_X26_Y17_N0_I22                         ; H_SEG6                                                                                      ;
;   14.831 ;   0.187  ;    ; RE   ; 1      ; LOCAL_INTERCONNECT_X31_Y17_N0_I35         ; LAB_LINE                                                                                    ;
;   14.942 ;   0.111  ;    ; RE   ; 1      ; BLOCK_INPUT_MUX_X31_Y17_N0_I77            ; LEIM_INPUT                                                                                  ;
;   14.942 ;   0.000  ; FF ; IC   ; 1      ; LABCELL_X31_Y17_N57                       ; u_soc|crypto_accelerator|u_core|u_aes|u_sub_byte_core|gf_in_f[4]~1|datac                    ;
;   15.355 ;   0.413  ; FF ; CELL ; 8      ; LABCELL_X31_Y17_N57                       ; u_soc|crypto_accelerator|u_core|u_aes|u_sub_byte_core|gf_in_f[4]~1|combout                  ;
;   15.355 ;   0.000  ;    ; RE   ; 2      ; LABCELL_X31_Y17_N57                       ; ARRIAV_LCELL_COMB                                                                           ;
;   15.414 ;   0.059  ;    ; RE   ; 2      ; LE_BUFFER_X31_Y17_N0_I38                  ; LE_BUFFER                                                                                   ;
;   15.578 ;   0.164  ;    ; RE   ; 3      ; C4_X31_Y13_N0_I9                          ; V_SEG4                                                                                      ;
;   15.832 ;   0.254  ;    ; RE   ; 1      ; R6_X26_Y16_N0_I24                         ; H_SEG6                                                                                      ;
;   16.039 ;   0.207  ;    ; RE   ; 1      ; LOCAL_INTERCONNECT_X30_Y16_N0_I37         ; LAB_LINE                                                                                    ;
;   16.158 ;   0.119  ;    ; RE   ; 1      ; BLOCK_INPUT_MUX_X30_Y16_N0_I29            ; LEIM_INPUT                                                                                  ;
;   16.158 ;   0.000  ; FF ; IC   ; 1      ; LABCELL_X30_Y16_N21                       ; u_soc|crypto_accelerator|u_core|u_aes|u_sub_byte_core|gf_0|al_sq_f[3]|datac                 ;
;   16.575 ;   0.417  ; FF ; CELL ; 12     ; LABCELL_X30_Y16_N21                       ; u_soc|crypto_accelerator|u_core|u_aes|u_sub_byte_core|gf_0|al_sq_f[3]|combout               ;
;   16.575 ;   0.000  ;    ; RE   ; 3      ; LABCELL_X30_Y16_N21                       ; ARRIAV_LCELL_COMB                                                                           ;
;   16.647 ;   0.072  ;    ; RE   ; 3      ; LE_BUFFER_X30_Y16_N0_I14                  ; LE_BUFFER                                                                                   ;
;   16.783 ;   0.136  ;    ; RE   ; 3      ; LOCAL_INTERCONNECT_X31_Y16_N0_I25         ; LAB_LINE                                                                                    ;
;   16.874 ;   0.091  ;    ; RE   ; 1      ; BLOCK_INPUT_MUX_X31_Y16_N0_I50            ; LEIM_INPUT                                                                                  ;
;   16.874 ;   0.000  ; FF ; IC   ; 1      ; LABCELL_X31_Y16_N39                       ; u_soc|crypto_accelerator|u_core|u_aes|u_sub_byte_core|gf_0|dr_xor2~18|dataa                 ;
;   17.343 ;   0.469  ; FR ; CELL ; 3      ; LABCELL_X31_Y16_N39                       ; u_soc|crypto_accelerator|u_core|u_aes|u_sub_byte_core|gf_0|dr_xor2~18|combout               ;
;   17.343 ;   0.000  ;    ; RE   ; 2      ; LABCELL_X31_Y16_N39                       ; ARRIAV_LCELL_COMB                                                                           ;
;   17.449 ;   0.106  ;    ; RE   ; 2      ; LOCAL_LINE_X31_Y16_N0_I13                 ; LOCAL_LINE                                                                                  ;
;   17.559 ;   0.110  ;    ; RE   ; 1      ; BLOCK_INPUT_MUX_X31_Y16_N0_I5             ; LEIM_INPUT                                                                                  ;
;   17.559 ;   0.000  ; RR ; IC   ; 1      ; LABCELL_X31_Y16_N0                        ; u_soc|crypto_accelerator|u_core|u_aes|u_sub_byte_core|gf_0|dr_xor2~19|datad                 ;
;   17.982 ;   0.423  ; RF ; CELL ; 4      ; LABCELL_X31_Y16_N0                        ; u_soc|crypto_accelerator|u_core|u_aes|u_sub_byte_core|gf_0|dr_xor2~19|combout               ;
;   17.982 ;   0.000  ;    ; RE   ; 1      ; LABCELL_X31_Y16_N0                        ; ARRIAV_LCELL_COMB                                                                           ;
;   18.044 ;   0.062  ;    ; RE   ; 2      ; LE_BUFFER_X31_Y16_N0_I0                   ; LE_BUFFER                                                                                   ;
;   18.196 ;   0.152  ;    ; RE   ; 1      ; C2_X31_Y14_N0_I18                         ; V_SEG2                                                                                      ;
;   18.394 ;   0.198  ;    ; RE   ; 1      ; R6_X26_Y15_N0_I25                         ; H_SEG6                                                                                      ;
;   18.589 ;   0.195  ;    ; RE   ; 1      ; LOCAL_INTERCONNECT_X31_Y15_N0_I40         ; LAB_LINE                                                                                    ;
;   18.682 ;   0.093  ;    ; RE   ; 2      ; BLOCK_INPUT_MUX_X31_Y15_N0_I75            ; LEIM_INPUT                                                                                  ;
;   18.682 ;   0.000  ; FF ; IC   ; 1      ; LABCELL_X31_Y15_N57                       ; u_soc|crypto_accelerator|u_core|u_aes|u_sub_byte_core|gf_0|ah_mul_al_f[1]~1|datab           ;
;   19.161 ;   0.479  ; FF ; CELL ; 2      ; LABCELL_X31_Y15_N57                       ; u_soc|crypto_accelerator|u_core|u_aes|u_sub_byte_core|gf_0|ah_mul_al_f[1]~1|combout         ;
;   19.161 ;   0.000  ;    ; RE   ; 2      ; LABCELL_X31_Y15_N57                       ; ARRIAV_LCELL_COMB                                                                           ;
;   19.215 ;   0.054  ;    ; RE   ; 1      ; LE_BUFFER_X31_Y15_N0_I38                  ; LE_BUFFER                                                                                   ;
;   19.331 ;   0.116  ;    ; RE   ; 1      ; LOCAL_INTERCONNECT_X31_Y15_N0_I45         ; LAB_LINE                                                                                    ;
;   19.449 ;   0.118  ;    ; RE   ; 1      ; BLOCK_INPUT_MUX_X31_Y15_N0_I47            ; LEIM_INPUT                                                                                  ;
;   19.449 ;   0.000  ; FF ; IC   ; 1      ; LABCELL_X31_Y15_N33                       ; u_soc|crypto_accelerator|u_core|u_aes|u_sub_byte_core|gf_0|dr_xor2~27|dataf                 ;
;   19.523 ;   0.074  ; FF ; CELL ; 6      ; LABCELL_X31_Y15_N33                       ; u_soc|crypto_accelerator|u_core|u_aes|u_sub_byte_core|gf_0|dr_xor2~27|combout               ;
;   19.523 ;   0.000  ;    ; RE   ; 2      ; LABCELL_X31_Y15_N33                       ; ARRIAV_LCELL_COMB                                                                           ;
;   19.593 ;   0.070  ;    ; RE   ; 1      ; LE_BUFFER_X31_Y15_N0_I23                  ; LE_BUFFER                                                                                   ;
;   19.746 ;   0.153  ;    ; RE   ; 1      ; R6_X31_Y15_N0_I16                         ; H_SEG6                                                                                      ;
;   19.914 ;   0.168  ;    ; RE   ; 1      ; LOCAL_INTERCONNECT_X31_Y15_N0_I16         ; LAB_LINE                                                                                    ;
;   20.016 ;   0.102  ;    ; RE   ; 1      ; BLOCK_INPUT_MUX_X31_Y15_N0_I54            ; LEIM_INPUT                                                                                  ;
;   20.015 ;   -0.001 ; FF ; IC   ; 1      ; LABCELL_X31_Y15_N39                       ; u_soc|crypto_accelerator|u_core|u_aes|u_sub_byte_core|gf_0|d_f[1]|datad                     ;
;   20.319 ;   0.304  ; FF ; CELL ; 17     ; LABCELL_X31_Y15_N39                       ; u_soc|crypto_accelerator|u_core|u_aes|u_sub_byte_core|gf_0|d_f[1]|combout                   ;
;   20.319 ;   0.000  ;    ; RE   ; 2      ; LABCELL_X31_Y15_N39                       ; ARRIAV_LCELL_COMB                                                                           ;
;   20.392 ;   0.073  ;    ; RE   ; 2      ; LE_BUFFER_X31_Y15_N0_I27                  ; LE_BUFFER                                                                                   ;
;   20.556 ;   0.164  ;    ; RE   ; 2      ; R3_X28_Y15_N0_I23                         ; H_SEG3                                                                                      ;
;   20.737 ;   0.181  ;    ; RE   ; 2      ; LOCAL_INTERCONNECT_X28_Y15_N0_I19         ; LAB_LINE                                                                                    ;
;   20.851 ;   0.114  ;    ; RE   ; 1      ; BLOCK_INPUT_MUX_X28_Y15_N0_I16            ; LEIM_INPUT                                                                                  ;
;   20.852 ;   0.001  ; FF ; IC   ; 1      ; MLABCELL_X28_Y15_N12                      ; u_soc|crypto_accelerator|u_core|u_aes|u_sub_byte_core|gf_0|dr_and~11|datad                  ;
;   21.156 ;   0.304  ; FR ; CELL ; 5      ; MLABCELL_X28_Y15_N12                      ; u_soc|crypto_accelerator|u_core|u_aes|u_sub_byte_core|gf_0|dr_and~11|combout                ;
;   21.156 ;   0.000  ;    ; RE   ; 2      ; MLABCELL_X28_Y15_N12                      ; ARRIAV_LCELL_COMB                                                                           ;
;   21.256 ;   0.100  ;    ; RE   ; 2      ; LOCAL_LINE_X28_Y15_N0_I4                  ; LOCAL_LINE                                                                                  ;
;   21.343 ;   0.087  ;    ; RE   ; 1      ; BLOCK_INPUT_MUX_X28_Y15_N0_I3             ; LEIM_INPUT                                                                                  ;
;   21.343 ;   0.000  ; RR ; IC   ; 1      ; MLABCELL_X28_Y15_N0                       ; u_soc|crypto_accelerator|u_core|u_aes|u_sub_byte_core|gf_0|d_inv_f[3]|datab                 ;
;   21.820 ;   0.477  ; RF ; CELL ; 9      ; MLABCELL_X28_Y15_N0                       ; u_soc|crypto_accelerator|u_core|u_aes|u_sub_byte_core|gf_0|d_inv_f[3]|combout               ;
;   21.820 ;   0.000  ;    ; RE   ; 3      ; MLABCELL_X28_Y15_N0                       ; ARRIAV_LCELL_COMB                                                                           ;
;   21.882 ;   0.062  ;    ; RE   ; 2      ; LE_BUFFER_X28_Y15_N0_I0                   ; LE_BUFFER                                                                                   ;
;   22.044 ;   0.162  ;    ; RE   ; 2      ; C2_X28_Y13_N0_I18                         ; V_SEG2                                                                                      ;
;   22.218 ;   0.174  ;    ; RE   ; 1      ; R3_X26_Y14_N0_I22                         ; H_SEG3                                                                                      ;
;   22.386 ;   0.168  ;    ; RE   ; 1      ; LOCAL_INTERCONNECT_X28_Y14_N0_I44         ; LAB_LINE                                                                                    ;
;   22.502 ;   0.116  ;    ; RE   ; 1      ; BLOCK_INPUT_MUX_X28_Y14_N0_I54            ; LEIM_INPUT                                                                                  ;
;   22.503 ;   0.001  ; FF ; IC   ; 1      ; MLABCELL_X28_Y14_N39                      ; u_soc|crypto_accelerator|u_core|u_aes|u_sub_byte_core|gf_0|dr_xor2~62|datae                 ;
;   22.784 ;   0.281  ; FR ; CELL ; 3      ; MLABCELL_X28_Y14_N39                      ; u_soc|crypto_accelerator|u_core|u_aes|u_sub_byte_core|gf_0|dr_xor2~62|combout               ;
;   22.784 ;   0.000  ;    ; RE   ; 1      ; MLABCELL_X28_Y14_N39                      ; ARRIAV_LCELL_COMB                                                                           ;
;   22.893 ;   0.109  ;    ; RE   ; 3      ; LOCAL_LINE_X28_Y14_N0_I13                 ; LOCAL_LINE                                                                                  ;
;   23.006 ;   0.113  ;    ; RE   ; 1      ; BLOCK_INPUT_MUX_X28_Y14_N0_I45            ; LEIM_INPUT                                                                                  ;
;   23.005 ;   -0.001 ; RR ; IC   ; 1      ; MLABCELL_X28_Y14_N33                      ; u_soc|crypto_accelerator|u_core|u_aes|u_sub_byte_core|gf_0|dr_xor2~63|datac                 ;
;   23.361 ;   0.356  ; RR ; CELL ; 3      ; MLABCELL_X28_Y14_N33                      ; u_soc|crypto_accelerator|u_core|u_aes|u_sub_byte_core|gf_0|dr_xor2~63|combout               ;
;   23.361 ;   0.000  ;    ; RE   ; 1      ; MLABCELL_X28_Y14_N33                      ; ARRIAV_LCELL_COMB                                                                           ;
;   23.470 ;   0.109  ;    ; RE   ; 2      ; LOCAL_LINE_X28_Y14_N0_I11                 ; LOCAL_LINE                                                                                  ;
;   23.591 ;   0.121  ;    ; RE   ; 1      ; BLOCK_INPUT_MUX_X28_Y14_N0_I68            ; LEIM_INPUT                                                                                  ;
;   23.591 ;   0.000  ; RR ; IC   ; 1      ; MLABCELL_X28_Y14_N48                      ; u_soc|crypto_accelerator|u_core|u_aes|u_sub_byte_core|gf_0|ah_out_f[0]~2|datac              ;
;   23.939 ;   0.348  ; RR ; CELL ; 6      ; MLABCELL_X28_Y14_N48                      ; u_soc|crypto_accelerator|u_core|u_aes|u_sub_byte_core|gf_0|ah_out_f[0]~2|combout            ;
;   23.939 ;   0.000  ;    ; RE   ; 1      ; MLABCELL_X28_Y14_N48                      ; ARRIAV_LCELL_COMB                                                                           ;
;   24.019 ;   0.080  ;    ; RE   ; 2      ; LE_BUFFER_X28_Y14_N0_I32                  ; LE_BUFFER                                                                                   ;
;   24.165 ;   0.146  ;    ; RE   ; 1      ; C2_X28_Y15_N0_I4                          ; V_SEG2                                                                                      ;
;   24.299 ;   0.134  ;    ; RE   ; 1      ; R3_X26_Y16_N0_I20                         ; H_SEG3                                                                                      ;
;   24.425 ;   0.126  ;    ; RE   ; 2      ; LOCAL_INTERCONNECT_X28_Y16_N0_I28         ; LAB_LINE                                                                                    ;
;   24.539 ;   0.114  ;    ; RE   ; 2      ; BLOCK_INPUT_MUX_X28_Y16_N0_I60            ; LEIM_INPUT                                                                                  ;
;   24.538 ;   -0.001 ; RR ; IC   ; 1      ; MLABCELL_X28_Y16_N45                      ; u_soc|crypto_accelerator|u_core|u_aes|u_sub_byte_core|gf_0|data_out_f[5]~5|datad            ;
;   24.974 ;   0.436  ; RF ; CELL ; 5      ; MLABCELL_X28_Y16_N45                      ; u_soc|crypto_accelerator|u_core|u_aes|u_sub_byte_core|gf_0|data_out_f[5]~5|combout          ;
;   24.974 ;   0.000  ;    ; RE   ; 2      ; MLABCELL_X28_Y16_N45                      ; ARRIAV_LCELL_COMB                                                                           ;
;   25.030 ;   0.056  ;    ; RE   ; 1      ; LE_BUFFER_X28_Y16_N0_I30                  ; LE_BUFFER                                                                                   ;
;   25.178 ;   0.148  ;    ; RE   ; 1      ; C2_X28_Y14_N0_I15                         ; V_SEG2                                                                                      ;
;   25.353 ;   0.175  ;    ; RE   ; 1      ; R3_X26_Y15_N0_I13                         ; H_SEG3                                                                                      ;
;   25.539 ;   0.186  ;    ; RE   ; 1      ; LOCAL_INTERCONNECT_X27_Y15_N0_I19         ; LAB_LINE                                                                                    ;
;   25.658 ;   0.119  ;    ; RE   ; 1      ; BLOCK_INPUT_MUX_X27_Y15_N0_I53            ; LEIM_INPUT                                                                                  ;
;   25.658 ;   0.000  ; FF ; IC   ; 1      ; LABCELL_X27_Y15_N39                       ; u_soc|crypto_accelerator|u_core|u_aes|u_sub_byte_core|aff_trans_0|aff_trans_out_f~0|datac   ;
;   26.066 ;   0.408  ; FF ; CELL ; 5      ; LABCELL_X27_Y15_N39                       ; u_soc|crypto_accelerator|u_core|u_aes|u_sub_byte_core|aff_trans_0|aff_trans_out_f~0|combout ;
;   26.066 ;   0.000  ;    ; RE   ; 1      ; LABCELL_X27_Y15_N39                       ; ARRIAV_LCELL_COMB                                                                           ;
;   26.148 ;   0.082  ;    ; RE   ; 3      ; LE_BUFFER_X27_Y15_N0_I27                  ; LE_BUFFER                                                                                   ;
;   26.332 ;   0.184  ;    ; RE   ; 1      ; C4_X26_Y16_N0_I0                          ; V_SEG4                                                                                      ;
;   26.544 ;   0.212  ;    ; RE   ; 1      ; LOCAL_INTERCONNECT_X27_Y16_N0_I12         ; LAB_LINE                                                                                    ;
;   26.659 ;   0.115  ;    ; RE   ; 1      ; BLOCK_INPUT_MUX_X27_Y16_N0_I28            ; LEIM_INPUT                                                                                  ;
;   26.658 ;   -0.001 ; FF ; IC   ; 1      ; LABCELL_X27_Y16_N18                       ; u_soc|crypto_accelerator|u_core|u_aes|u_sub_byte_core|data_out_f[7]~7|datac                 ;
;   27.072 ;   0.414  ; FF ; CELL ; 20     ; LABCELL_X27_Y16_N18                       ; u_soc|crypto_accelerator|u_core|u_aes|u_sub_byte_core|data_out_f[7]~7|combout               ;
;   27.072 ;   0.000  ;    ; RE   ; 2      ; LABCELL_X27_Y16_N18                       ; ARRIAV_LCELL_COMB                                                                           ;
;   27.167 ;   0.095  ;    ; RE   ; 5      ; LE_BUFFER_X27_Y16_N0_I12                  ; LE_BUFFER                                                                                   ;
;   27.394 ;   0.227  ;    ; RE   ; 2      ; C2_X27_Y14_N0_I12                         ; V_SEG2                                                                                      ;
;   27.623 ;   0.229  ;    ; RE   ; 3      ; C2_X27_Y12_N0_I12                         ; V_SEG2                                                                                      ;
;   27.844 ;   0.221  ;    ; RE   ; 1      ; R6_X28_Y13_N0_I17                         ; H_SEG6                                                                                      ;
;   28.053 ;   0.209  ;    ; RE   ; 1      ; R3_X28_Y13_N0_I7                          ; H_SEG3                                                                                      ;
;   28.204 ;   0.151  ;    ; RE   ; 1      ; LOCAL_INTERCONNECT_X28_Y13_N0_I42         ; LAB_LINE                                                                                    ;
;   28.322 ;   0.118  ;    ; RE   ; 1      ; BLOCK_INPUT_MUX_X28_Y13_N0_I70            ; LEIM_INPUT                                                                                  ;
;   28.323 ;   0.001  ; FF ; IC   ; 1      ; FF_X28_Y13_N53                            ; u_soc|crypto_accelerator|u_core|u_aes|buf_a_f[5][7]|asdata                                  ;
;   28.838 ;   0.515  ; FF ; CELL ; 1      ; FF_X28_Y13_N53                            ; soc:u_soc|axi_slave_top:crypto_accelerator|axi_slave_core:u_core|aes:u_aes|buf_a_f[5][7]    ;
+----------+----------+----+------+--------+-------------------------------------------+---------------------------------------------------------------------------------------------+

+----------------------------------------------------------------------------------------------------------------------------------------------------+
; Data Required Path                                                                                                                                 ;
+---------+---------+----+------+--------+----------------+------------------------------------------------------------------------------------------+
; Total   ; Incr    ; RF ; Type ; Fanout ; Location       ; Element                                                                                  ;
+---------+---------+----+------+--------+----------------+------------------------------------------------------------------------------------------+
; 1.000   ; 1.000   ;    ;      ;        ;                ; latch edge time                                                                          ;
; 4.636   ; 3.636   ;    ;      ;        ;                ; clock path                                                                               ;
;   4.580 ;   3.580 ; R  ;      ;        ;                ; clock network delay                                                                      ;
;   4.636 ;   0.056 ;    ;      ;        ;                ; clock pessimism removed                                                                  ;
; 4.466   ; -0.170  ;    ;      ;        ;                ; clock uncertainty                                                                        ;
; 4.466   ; 0.000   ;    ; uTsu ; 1      ; FF_X28_Y13_N53 ; soc:u_soc|axi_slave_top:crypto_accelerator|axi_slave_core:u_core|aes:u_aes|buf_a_f[5][7] ;
+---------+---------+----+------+--------+----------------+------------------------------------------------------------------------------------------+

----------------------------
; Extra Fitter Information ;
----------------------------
HTML report is unavailable in plain text report export.


Path #7: Setup slack is -24.363 (VIOLATED)
===============================================================================
+---------------------------------------------------------------------------------------------------------------+
; Path Summary                                                                                                  ;
+--------------------+------------------------------------------------------------------------------------------+
; Property           ; Value                                                                                    ;
+--------------------+------------------------------------------------------------------------------------------+
; From Node          ; soc:u_soc|axi_slave_top:crypto_accelerator|axi_slave_core:u_core|aes:u_aes|kexp_i[1]     ;
; To Node            ; soc:u_soc|axi_slave_top:crypto_accelerator|axi_slave_core:u_core|aes:u_aes|buf_a_f[0][7] ;
; Launch Clock       ; CLOCK_50                                                                                 ;
; Latch Clock        ; CLOCK_50                                                                                 ;
; Data Arrival Time  ; 28.814                                                                                   ;
; Data Required Time ; 4.451                                                                                    ;
; Slack              ; -24.363 (VIOLATED)                                                                       ;
+--------------------+------------------------------------------------------------------------------------------+

+----------------------------------------------------------------------------------------+
; Statistics                                                                             ;
+---------------------------+--------+-------+-------------+------------+--------+-------+
; Property                  ; Value  ; Count ; Total Delay ; % of Total ; Min    ; Max   ;
+---------------------------+--------+-------+-------------+------------+--------+-------+
; Setup Relationship        ; 1.000  ;       ;             ;            ;        ;       ;
; Clock Skew                ; -0.438 ;       ;             ;            ;        ;       ;
; Data Delay                ; 24.755 ;       ;             ;            ;        ;       ;
; Number of Logic Levels    ;        ; 32    ;             ;            ;        ;       ;
; Physical Delays           ;        ;       ;             ;            ;        ;       ;
;  Arrival Path             ;        ;       ;             ;            ;        ;       ;
;   Clock                   ;        ;       ;             ;            ;        ;       ;
;    Clock Network (Lumped) ;        ; 1     ; 4.059       ; 100        ; 4.059  ; 4.059 ;
;   Data                    ;        ;       ;             ;            ;        ;       ;
;    IC                     ;        ; 33    ; 0.000       ; 0          ; -0.001 ; 0.001 ;
;    Cell                   ;        ; 34    ; 8.401       ; 34         ; 0.000  ; 0.515 ;
;    uTco                   ;        ; 1     ; 0.000       ; 0          ; 0.000  ; 0.000 ;
;    Routing Element        ;        ; 151   ; 16.354      ; 66         ; 0.000  ; 0.401 ;
;  Required Path            ;        ;       ;             ;            ;        ;       ;
;   Clock                   ;        ;       ;             ;            ;        ;       ;
;    Clock Network (Lumped) ;        ; 1     ; 3.565       ; 100        ; 3.565  ; 3.565 ;
+---------------------------+--------+-------+-------------+------------+--------+-------+
Note: Negative delays are omitted from totals when calculating percentages

+------------------------------------------------------------------------------------------------------------------------------------------------------------------------------------+
; Data Arrival Path                                                                                                                                                                  ;
+----------+----------+----+------+--------+-------------------------------------------+---------------------------------------------------------------------------------------------+
; Total    ; Incr     ; RF ; Type ; Fanout ; Location                                  ; Element                                                                                     ;
+----------+----------+----+------+--------+-------------------------------------------+---------------------------------------------------------------------------------------------+
; 0.000    ; 0.000    ;    ;      ;        ;                                           ; launch edge time                                                                            ;
; 4.059    ; 4.059    ;    ;      ;        ;                                           ; clock path                                                                                  ;
;   4.059  ;   4.059  ; R  ;      ;        ;                                           ; clock network delay                                                                         ;
; 28.814   ; 24.755   ;    ;      ;        ;                                           ; data path                                                                                   ;
;   4.059  ;   0.000  ;    ; uTco ; 1      ; FF_X30_Y23_N2                             ; soc:u_soc|axi_slave_top:crypto_accelerator|axi_slave_core:u_core|aes:u_aes|kexp_i[1]        ;
;   4.059  ;   0.000  ; FF ; CELL ; 239    ; FF_X30_Y23_N2                             ; u_soc|crypto_accelerator|u_core|u_aes|kexp_i[1]|q                                           ;
;   4.109  ;   0.050  ;    ; RE   ; 3      ; FF_X30_Y23_N2                             ; ARRIAV_FF                                                                                   ;
;   4.197  ;   0.088  ;    ; RE   ; 5      ; LE_BUFFER_X30_Y23_N0_I1                   ; LE_BUFFER                                                                                   ;
;   4.598  ;   0.401  ;    ; RE   ; 8      ; R6_X30_Y23_N0_I11                         ; H_SEG6                                                                                      ;
;   4.941  ;   0.343  ;    ; RE   ; 3      ; R6_X35_Y23_N0_I10                         ; H_SEG6                                                                                      ;
;   5.177  ;   0.236  ;    ; RE   ; 2      ; LOCAL_INTERCONNECT_X36_Y23_N0_I1          ; LAB_LINE                                                                                    ;
;   5.299  ;   0.122  ;    ; RE   ; 1      ; BLOCK_INPUT_MUX_X36_Y23_N0_I64            ; LEIM_INPUT                                                                                  ;
;   5.299  ;   0.000  ; FF ; IC   ; 1      ; LABCELL_X36_Y23_N48                       ; u_soc|crypto_accelerator|u_core|u_aes|sb_in_f~20|datad                                      ;
;   5.587  ;   0.288  ; FF ; CELL ; 3      ; LABCELL_X36_Y23_N48                       ; u_soc|crypto_accelerator|u_core|u_aes|sb_in_f~20|combout                                    ;
;   5.587  ;   0.000  ;    ; RE   ; 2      ; LABCELL_X36_Y23_N48                       ; ARRIAV_LCELL_COMB                                                                           ;
;   5.664  ;   0.077  ;    ; RE   ; 1      ; LOCAL_LINE_X36_Y23_N0_I16                 ; LOCAL_LINE                                                                                  ;
;   5.785  ;   0.121  ;    ; RE   ; 1      ; BLOCK_INPUT_MUX_X36_Y23_N0_I28            ; LEIM_INPUT                                                                                  ;
;   5.785  ;   0.000  ; FF ; IC   ; 1      ; LABCELL_X36_Y23_N18                       ; u_soc|crypto_accelerator|u_core|u_aes|sb_in_f~22|datac                                      ;
;   6.202  ;   0.417  ; FF ; CELL ; 48     ; LABCELL_X36_Y23_N18                       ; u_soc|crypto_accelerator|u_core|u_aes|sb_in_f~22|combout                                    ;
;   6.202  ;   0.000  ;    ; RE   ; 2      ; LABCELL_X36_Y23_N18                       ; ARRIAV_LCELL_COMB                                                                           ;
;   6.299  ;   0.097  ;    ; RE   ; 2      ; LE_BUFFER_X36_Y23_N0_I13                  ; LE_BUFFER                                                                                   ;
;   6.497  ;   0.198  ;    ; RE   ; 2      ; R3_X36_Y23_N0_I1                          ; H_SEG3                                                                                      ;
;   6.497  ;   0.000  ;    ; RE   ; 2      ; R14_C12_INTERCONNECT_DRIVER_X36_Y23_N0_I1 ; WIRE_MUX                                                                                    ;
;   6.740  ;   0.243  ;    ; RE   ; 2      ; R14_X23_Y23_N0_I1                         ; H_SEG14                                                                                     ;
;   6.966  ;   0.226  ;    ; RE   ; 1      ; C2_X22_Y21_N0_I15                         ; V_SEG2                                                                                      ;
;   7.290  ;   0.324  ;    ; RE   ; 1      ; R6_X17_Y21_N0_I26                         ; H_SEG6                                                                                      ;
;   7.504  ;   0.214  ;    ; RE   ; 3      ; LOCAL_INTERCONNECT_X19_Y21_N0_I12         ; LAB_LINE                                                                                    ;
;   7.618  ;   0.114  ;    ; RE   ; 1      ; BLOCK_INPUT_MUX_X19_Y21_N0_I71            ; LEIM_INPUT                                                                                  ;
;   7.618  ;   0.000  ; FF ; IC   ; 1      ; LABCELL_X19_Y21_N51                       ; u_soc|crypto_accelerator|u_core|u_aes|sb_in_f~545|dataf                                     ;
;   7.689  ;   0.071  ; FF ; CELL ; 1      ; LABCELL_X19_Y21_N51                       ; u_soc|crypto_accelerator|u_core|u_aes|sb_in_f~545|combout                                   ;
;   7.689  ;   0.000  ;    ; RE   ; 1      ; LABCELL_X19_Y21_N51                       ; ARRIAV_LCELL_COMB                                                                           ;
;   7.745  ;   0.056  ;    ; RE   ; 1      ; LE_BUFFER_X19_Y21_N0_I34                  ; LE_BUFFER                                                                                   ;
;   7.885  ;   0.140  ;    ; RE   ; 1      ; R3_X17_Y21_N0_I21                         ; H_SEG3                                                                                      ;
;   7.885  ;   0.000  ;    ; RE   ; 1      ; R14_C12_INTERCONNECT_DRIVER_X19_Y21_N0_I2 ; WIRE_MUX                                                                                    ;
;   8.123  ;   0.238  ;    ; RE   ; 1      ; R14_X20_Y21_N0_I0                         ; H_SEG14                                                                                     ;
;   8.332  ;   0.209  ;    ; RE   ; 1      ; C2_X30_Y22_N0_I7                          ; V_SEG2                                                                                      ;
;   8.509  ;   0.177  ;    ; RE   ; 1      ; R6_X31_Y22_N0_I16                         ; H_SEG6                                                                                      ;
;   8.677  ;   0.168  ;    ; RE   ; 1      ; LOCAL_INTERCONNECT_X31_Y22_N0_I16         ; LAB_LINE                                                                                    ;
;   8.784  ;   0.107  ;    ; RE   ; 1      ; BLOCK_INPUT_MUX_X31_Y22_N0_I56            ; LEIM_INPUT                                                                                  ;
;   8.784  ;   0.000  ; FF ; IC   ; 1      ; LABCELL_X31_Y22_N42                       ; u_soc|crypto_accelerator|u_core|u_aes|sb_in_f~761|datad                                     ;
;   9.086  ;   0.302  ; FR ; CELL ; 1      ; LABCELL_X31_Y22_N42                       ; u_soc|crypto_accelerator|u_core|u_aes|sb_in_f~761|combout                                   ;
;   9.086  ;   0.000  ;    ; RE   ; 1      ; LABCELL_X31_Y22_N42                       ; ARRIAV_LCELL_COMB                                                                           ;
;   9.174  ;   0.088  ;    ; RE   ; 1      ; LOCAL_LINE_X31_Y22_N0_I14                 ; LOCAL_LINE                                                                                  ;
;   9.279  ;   0.105  ;    ; RE   ; 1      ; BLOCK_INPUT_MUX_X31_Y22_N0_I65            ; LEIM_INPUT                                                                                  ;
;   9.279  ;   0.000  ; RR ; IC   ; 1      ; LABCELL_X31_Y22_N48                       ; u_soc|crypto_accelerator|u_core|u_aes|sb_in_f~546|dataf                                     ;
;   9.357  ;   0.078  ; RR ; CELL ; 1      ; LABCELL_X31_Y22_N48                       ; u_soc|crypto_accelerator|u_core|u_aes|sb_in_f~546|combout                                   ;
;   9.357  ;   0.000  ;    ; RE   ; 1      ; LABCELL_X31_Y22_N48                       ; ARRIAV_LCELL_COMB                                                                           ;
;   9.457  ;   0.100  ;    ; RE   ; 1      ; LOCAL_LINE_X31_Y22_N0_I16                 ; LOCAL_LINE                                                                                  ;
;   9.564  ;   0.107  ;    ; RE   ; 1      ; BLOCK_INPUT_MUX_X31_Y22_N0_I17            ; LEIM_INPUT                                                                                  ;
;   9.564  ;   0.000  ; RR ; IC   ; 1      ; LABCELL_X31_Y22_N12                       ; u_soc|crypto_accelerator|u_core|u_aes|sb_in_f~548|dataf                                     ;
;   9.648  ;   0.084  ; RF ; CELL ; 1      ; LABCELL_X31_Y22_N12                       ; u_soc|crypto_accelerator|u_core|u_aes|sb_in_f~548|combout                                   ;
;   9.648  ;   0.000  ;    ; RE   ; 1      ; LABCELL_X31_Y22_N12                       ; ARRIAV_LCELL_COMB                                                                           ;
;   9.730  ;   0.082  ;    ; RE   ; 1      ; LOCAL_LINE_X31_Y22_N0_I4                  ; LOCAL_LINE                                                                                  ;
;   9.855  ;   0.125  ;    ; RE   ; 1      ; BLOCK_INPUT_MUX_X31_Y22_N0_I55            ; LEIM_INPUT                                                                                  ;
;   9.855  ;   0.000  ; FF ; IC   ; 1      ; LABCELL_X31_Y22_N39                       ; u_soc|crypto_accelerator|u_core|u_aes|sb_in_f~550|dataf                                     ;
;   9.926  ;   0.071  ; FF ; CELL ; 1      ; LABCELL_X31_Y22_N39                       ; u_soc|crypto_accelerator|u_core|u_aes|sb_in_f~550|combout                                   ;
;   9.926  ;   0.000  ;    ; RE   ; 1      ; LABCELL_X31_Y22_N39                       ; ARRIAV_LCELL_COMB                                                                           ;
;   9.995  ;   0.069  ;    ; RE   ; 1      ; LE_BUFFER_X31_Y22_N0_I27                  ; LE_BUFFER                                                                                   ;
;   10.173 ;   0.178  ;    ; RE   ; 1      ; C2_X30_Y20_N0_I14                         ; V_SEG2                                                                                      ;
;   10.381 ;   0.208  ;    ; RE   ; 1      ; C2_X30_Y18_N0_I14                         ; V_SEG2                                                                                      ;
;   10.747 ;   0.366  ;    ; RE   ; 1      ; R6_X31_Y18_N0_I5                          ; H_SEG6                                                                                      ;
;   10.991 ;   0.244  ;    ; RE   ; 1      ; LOCAL_INTERCONNECT_X36_Y18_N0_I39         ; LAB_LINE                                                                                    ;
;   11.107 ;   0.116  ;    ; RE   ; 1      ; BLOCK_INPUT_MUX_X36_Y18_N0_I9             ; LEIM_INPUT                                                                                  ;
;   11.107 ;   0.000  ; FF ; IC   ; 1      ; LABCELL_X36_Y18_N6                        ; u_soc|crypto_accelerator|u_core|u_aes|sb_in_f~553|dataf                                     ;
;   11.189 ;   0.082  ; FR ; CELL ; 1      ; LABCELL_X36_Y18_N6                        ; u_soc|crypto_accelerator|u_core|u_aes|sb_in_f~553|combout                                   ;
;   11.189 ;   0.000  ;    ; RE   ; 1      ; LABCELL_X36_Y18_N6                        ; ARRIAV_LCELL_COMB                                                                           ;
;   11.292 ;   0.103  ;    ; RE   ; 1      ; LOCAL_LINE_X36_Y18_N0_I2                  ; LOCAL_LINE                                                                                  ;
;   11.399 ;   0.107  ;    ; RE   ; 1      ; BLOCK_INPUT_MUX_X36_Y18_N0_I65            ; LEIM_INPUT                                                                                  ;
;   11.399 ;   0.000  ; RR ; IC   ; 1      ; LABCELL_X36_Y18_N48                       ; u_soc|crypto_accelerator|u_core|u_aes|sb_in_f~555|dataf                                     ;
;   11.477 ;   0.078  ; RR ; CELL ; 1      ; LABCELL_X36_Y18_N48                       ; u_soc|crypto_accelerator|u_core|u_aes|sb_in_f~555|combout                                   ;
;   11.477 ;   0.000  ;    ; RE   ; 1      ; LABCELL_X36_Y18_N48                       ; ARRIAV_LCELL_COMB                                                                           ;
;   11.570 ;   0.093  ;    ; RE   ; 1      ; LOCAL_LINE_X36_Y18_N0_I16                 ; LOCAL_LINE                                                                                  ;
;   11.675 ;   0.105  ;    ; RE   ; 1      ; BLOCK_INPUT_MUX_X36_Y18_N0_I41            ; LEIM_INPUT                                                                                  ;
;   11.675 ;   0.000  ; RR ; IC   ; 1      ; LABCELL_X36_Y18_N30                       ; u_soc|crypto_accelerator|u_core|u_aes|sb_in_f~557|dataf                                     ;
;   11.753 ;   0.078  ; RR ; CELL ; 1      ; LABCELL_X36_Y18_N30                       ; u_soc|crypto_accelerator|u_core|u_aes|sb_in_f~557|combout                                   ;
;   11.753 ;   0.000  ;    ; RE   ; 1      ; LABCELL_X36_Y18_N30                       ; ARRIAV_LCELL_COMB                                                                           ;
;   11.865 ;   0.112  ;    ; RE   ; 1      ; LOCAL_LINE_X36_Y18_N0_I10                 ; LOCAL_LINE                                                                                  ;
;   11.971 ;   0.106  ;    ; RE   ; 1      ; BLOCK_INPUT_MUX_X36_Y18_N0_I17            ; LEIM_INPUT                                                                                  ;
;   11.972 ;   0.001  ; RR ; IC   ; 1      ; LABCELL_X36_Y18_N12                       ; u_soc|crypto_accelerator|u_core|u_aes|sb_in_f~559|dataf                                     ;
;   12.050 ;   0.078  ; RR ; CELL ; 1      ; LABCELL_X36_Y18_N12                       ; u_soc|crypto_accelerator|u_core|u_aes|sb_in_f~559|combout                                   ;
;   12.050 ;   0.000  ;    ; RE   ; 1      ; LABCELL_X36_Y18_N12                       ; ARRIAV_LCELL_COMB                                                                           ;
;   12.142 ;   0.092  ;    ; RE   ; 1      ; LOCAL_LINE_X36_Y18_N0_I4                  ; LOCAL_LINE                                                                                  ;
;   12.248 ;   0.106  ;    ; RE   ; 1      ; BLOCK_INPUT_MUX_X36_Y18_N0_I25            ; LEIM_INPUT                                                                                  ;
;   12.248 ;   0.000  ; RR ; IC   ; 1      ; LABCELL_X36_Y18_N18                       ; u_soc|crypto_accelerator|u_core|u_aes|sb_in_f~561|dataf                                     ;
;   12.325 ;   0.077  ; RR ; CELL ; 1      ; LABCELL_X36_Y18_N18                       ; u_soc|crypto_accelerator|u_core|u_aes|sb_in_f~561|combout                                   ;
;   12.325 ;   0.000  ;    ; RE   ; 1      ; LABCELL_X36_Y18_N18                       ; ARRIAV_LCELL_COMB                                                                           ;
;   12.434 ;   0.109  ;    ; RE   ; 1      ; LE_BUFFER_X36_Y18_N0_I13                  ; LE_BUFFER                                                                                   ;
;   12.538 ;   0.104  ;    ; RE   ; 1      ; LOCAL_INTERCONNECT_X35_Y18_N0_I36         ; LAB_LINE                                                                                    ;
;   12.641 ;   0.103  ;    ; RE   ; 1      ; BLOCK_INPUT_MUX_X35_Y18_N0_I33            ; LEIM_INPUT                                                                                  ;
;   12.642 ;   0.001  ; RR ; IC   ; 1      ; LABCELL_X35_Y18_N24                       ; u_soc|crypto_accelerator|u_core|u_aes|sb_in_f~563|dataf                                     ;
;   12.720 ;   0.078  ; RR ; CELL ; 1      ; LABCELL_X35_Y18_N24                       ; u_soc|crypto_accelerator|u_core|u_aes|sb_in_f~563|combout                                   ;
;   12.720 ;   0.000  ;    ; RE   ; 1      ; LABCELL_X35_Y18_N24                       ; ARRIAV_LCELL_COMB                                                                           ;
;   12.809 ;   0.089  ;    ; RE   ; 1      ; LOCAL_LINE_X35_Y18_N0_I8                  ; LOCAL_LINE                                                                                  ;
;   12.913 ;   0.104  ;    ; RE   ; 1      ; BLOCK_INPUT_MUX_X35_Y18_N0_I25            ; LEIM_INPUT                                                                                  ;
;   12.913 ;   0.000  ; RR ; IC   ; 1      ; LABCELL_X35_Y18_N18                       ; u_soc|crypto_accelerator|u_core|u_aes|sb_in_f~565|dataf                                     ;
;   12.990 ;   0.077  ; RR ; CELL ; 1      ; LABCELL_X35_Y18_N18                       ; u_soc|crypto_accelerator|u_core|u_aes|sb_in_f~565|combout                                   ;
;   12.990 ;   0.000  ;    ; RE   ; 1      ; LABCELL_X35_Y18_N18                       ; ARRIAV_LCELL_COMB                                                                           ;
;   13.075 ;   0.085  ;    ; RE   ; 1      ; LE_BUFFER_X35_Y18_N0_I13                  ; LE_BUFFER                                                                                   ;
;   13.182 ;   0.107  ;    ; RE   ; 1      ; LOCAL_INTERCONNECT_X34_Y18_N0_I36         ; LAB_LINE                                                                                    ;
;   13.286 ;   0.104  ;    ; RE   ; 1      ; BLOCK_INPUT_MUX_X34_Y18_N0_I1             ; LEIM_INPUT                                                                                  ;
;   13.287 ;   0.001  ; RR ; IC   ; 1      ; MLABCELL_X34_Y18_N0                       ; u_soc|crypto_accelerator|u_core|u_aes|sb_in_f~567|dataf                                     ;
;   13.364 ;   0.077  ; RR ; CELL ; 1      ; MLABCELL_X34_Y18_N0                       ; u_soc|crypto_accelerator|u_core|u_aes|sb_in_f~567|combout                                   ;
;   13.364 ;   0.000  ;    ; RE   ; 1      ; MLABCELL_X34_Y18_N0                       ; ARRIAV_LCELL_COMB                                                                           ;
;   13.469 ;   0.105  ;    ; RE   ; 1      ; LE_BUFFER_X34_Y18_N0_I1                   ; LE_BUFFER                                                                                   ;
;   13.647 ;   0.178  ;    ; RE   ; 1      ; C2_X33_Y16_N0_I18                         ; V_SEG2                                                                                      ;
;   13.831 ;   0.184  ;    ; RE   ; 1      ; R3_X31_Y17_N0_I20                         ; H_SEG3                                                                                      ;
;   13.970 ;   0.139  ;    ; RE   ; 1      ; LOCAL_INTERCONNECT_X31_Y17_N0_I28         ; LAB_LINE                                                                                    ;
;   14.073 ;   0.103  ;    ; RE   ; 1      ; BLOCK_INPUT_MUX_X31_Y17_N0_I17            ; LEIM_INPUT                                                                                  ;
;   14.072 ;   -0.001 ; RR ; IC   ; 1      ; LABCELL_X31_Y17_N12                       ; u_soc|crypto_accelerator|u_core|u_aes|sb_in_f~569|dataf                                     ;
;   14.150 ;   0.078  ; RR ; CELL ; 1      ; LABCELL_X31_Y17_N12                       ; u_soc|crypto_accelerator|u_core|u_aes|sb_in_f~569|combout                                   ;
;   14.150 ;   0.000  ;    ; RE   ; 1      ; LABCELL_X31_Y17_N12                       ; ARRIAV_LCELL_COMB                                                                           ;
;   14.247 ;   0.097  ;    ; RE   ; 1      ; LOCAL_LINE_X31_Y17_N0_I4                  ; LOCAL_LINE                                                                                  ;
;   14.353 ;   0.106  ;    ; RE   ; 1      ; BLOCK_INPUT_MUX_X31_Y17_N0_I1             ; LEIM_INPUT                                                                                  ;
;   14.353 ;   0.000  ; RR ; IC   ; 1      ; LABCELL_X31_Y17_N0                        ; u_soc|crypto_accelerator|u_core|u_aes|Selector4548~1|dataf                                  ;
;   14.439 ;   0.086  ; RF ; CELL ; 4      ; LABCELL_X31_Y17_N0                        ; u_soc|crypto_accelerator|u_core|u_aes|Selector4548~1|combout                                ;
;   14.439 ;   0.000  ;    ; RE   ; 2      ; LABCELL_X31_Y17_N0                        ; ARRIAV_LCELL_COMB                                                                           ;
;   14.494 ;   0.055  ;    ; RE   ; 1      ; LE_BUFFER_X31_Y17_N0_I0                   ; LE_BUFFER                                                                                   ;
;   14.644 ;   0.150  ;    ; RE   ; 1      ; R6_X26_Y17_N0_I22                         ; H_SEG6                                                                                      ;
;   14.831 ;   0.187  ;    ; RE   ; 1      ; LOCAL_INTERCONNECT_X31_Y17_N0_I35         ; LAB_LINE                                                                                    ;
;   14.942 ;   0.111  ;    ; RE   ; 1      ; BLOCK_INPUT_MUX_X31_Y17_N0_I77            ; LEIM_INPUT                                                                                  ;
;   14.942 ;   0.000  ; FF ; IC   ; 1      ; LABCELL_X31_Y17_N57                       ; u_soc|crypto_accelerator|u_core|u_aes|u_sub_byte_core|gf_in_f[4]~1|datac                    ;
;   15.355 ;   0.413  ; FF ; CELL ; 8      ; LABCELL_X31_Y17_N57                       ; u_soc|crypto_accelerator|u_core|u_aes|u_sub_byte_core|gf_in_f[4]~1|combout                  ;
;   15.355 ;   0.000  ;    ; RE   ; 2      ; LABCELL_X31_Y17_N57                       ; ARRIAV_LCELL_COMB                                                                           ;
;   15.414 ;   0.059  ;    ; RE   ; 2      ; LE_BUFFER_X31_Y17_N0_I38                  ; LE_BUFFER                                                                                   ;
;   15.578 ;   0.164  ;    ; RE   ; 3      ; C4_X31_Y13_N0_I9                          ; V_SEG4                                                                                      ;
;   15.832 ;   0.254  ;    ; RE   ; 1      ; R6_X26_Y16_N0_I24                         ; H_SEG6                                                                                      ;
;   16.039 ;   0.207  ;    ; RE   ; 1      ; LOCAL_INTERCONNECT_X30_Y16_N0_I37         ; LAB_LINE                                                                                    ;
;   16.158 ;   0.119  ;    ; RE   ; 1      ; BLOCK_INPUT_MUX_X30_Y16_N0_I29            ; LEIM_INPUT                                                                                  ;
;   16.158 ;   0.000  ; FF ; IC   ; 1      ; LABCELL_X30_Y16_N21                       ; u_soc|crypto_accelerator|u_core|u_aes|u_sub_byte_core|gf_0|al_sq_f[3]|datac                 ;
;   16.575 ;   0.417  ; FF ; CELL ; 12     ; LABCELL_X30_Y16_N21                       ; u_soc|crypto_accelerator|u_core|u_aes|u_sub_byte_core|gf_0|al_sq_f[3]|combout               ;
;   16.575 ;   0.000  ;    ; RE   ; 3      ; LABCELL_X30_Y16_N21                       ; ARRIAV_LCELL_COMB                                                                           ;
;   16.647 ;   0.072  ;    ; RE   ; 3      ; LE_BUFFER_X30_Y16_N0_I14                  ; LE_BUFFER                                                                                   ;
;   16.783 ;   0.136  ;    ; RE   ; 3      ; LOCAL_INTERCONNECT_X31_Y16_N0_I25         ; LAB_LINE                                                                                    ;
;   16.874 ;   0.091  ;    ; RE   ; 1      ; BLOCK_INPUT_MUX_X31_Y16_N0_I50            ; LEIM_INPUT                                                                                  ;
;   16.874 ;   0.000  ; FF ; IC   ; 1      ; LABCELL_X31_Y16_N39                       ; u_soc|crypto_accelerator|u_core|u_aes|u_sub_byte_core|gf_0|dr_xor2~18|dataa                 ;
;   17.343 ;   0.469  ; FR ; CELL ; 3      ; LABCELL_X31_Y16_N39                       ; u_soc|crypto_accelerator|u_core|u_aes|u_sub_byte_core|gf_0|dr_xor2~18|combout               ;
;   17.343 ;   0.000  ;    ; RE   ; 2      ; LABCELL_X31_Y16_N39                       ; ARRIAV_LCELL_COMB                                                                           ;
;   17.449 ;   0.106  ;    ; RE   ; 2      ; LOCAL_LINE_X31_Y16_N0_I13                 ; LOCAL_LINE                                                                                  ;
;   17.559 ;   0.110  ;    ; RE   ; 1      ; BLOCK_INPUT_MUX_X31_Y16_N0_I5             ; LEIM_INPUT                                                                                  ;
;   17.559 ;   0.000  ; RR ; IC   ; 1      ; LABCELL_X31_Y16_N0                        ; u_soc|crypto_accelerator|u_core|u_aes|u_sub_byte_core|gf_0|dr_xor2~19|datad                 ;
;   17.982 ;   0.423  ; RF ; CELL ; 4      ; LABCELL_X31_Y16_N0                        ; u_soc|crypto_accelerator|u_core|u_aes|u_sub_byte_core|gf_0|dr_xor2~19|combout               ;
;   17.982 ;   0.000  ;    ; RE   ; 1      ; LABCELL_X31_Y16_N0                        ; ARRIAV_LCELL_COMB                                                                           ;
;   18.044 ;   0.062  ;    ; RE   ; 2      ; LE_BUFFER_X31_Y16_N0_I0                   ; LE_BUFFER                                                                                   ;
;   18.196 ;   0.152  ;    ; RE   ; 1      ; C2_X31_Y14_N0_I18                         ; V_SEG2                                                                                      ;
;   18.394 ;   0.198  ;    ; RE   ; 1      ; R6_X26_Y15_N0_I25                         ; H_SEG6                                                                                      ;
;   18.589 ;   0.195  ;    ; RE   ; 1      ; LOCAL_INTERCONNECT_X31_Y15_N0_I40         ; LAB_LINE                                                                                    ;
;   18.682 ;   0.093  ;    ; RE   ; 2      ; BLOCK_INPUT_MUX_X31_Y15_N0_I75            ; LEIM_INPUT                                                                                  ;
;   18.682 ;   0.000  ; FF ; IC   ; 1      ; LABCELL_X31_Y15_N54                       ; u_soc|crypto_accelerator|u_core|u_aes|u_sub_byte_core|gf_0|ah_mul_al_t[1]~1|datab           ;
;   19.162 ;   0.480  ; FF ; CELL ; 2      ; LABCELL_X31_Y15_N54                       ; u_soc|crypto_accelerator|u_core|u_aes|u_sub_byte_core|gf_0|ah_mul_al_t[1]~1|combout         ;
;   19.162 ;   0.000  ;    ; RE   ; 2      ; LABCELL_X31_Y15_N54                       ; ARRIAV_LCELL_COMB                                                                           ;
;   19.243 ;   0.081  ;    ; RE   ; 1      ; LOCAL_LINE_X31_Y15_N0_I18                 ; LOCAL_LINE                                                                                  ;
;   19.366 ;   0.123  ;    ; RE   ; 1      ; BLOCK_INPUT_MUX_X31_Y15_N0_I46            ; LEIM_INPUT                                                                                  ;
;   19.366 ;   0.000  ; FF ; IC   ; 1      ; LABCELL_X31_Y15_N33                       ; u_soc|crypto_accelerator|u_core|u_aes|u_sub_byte_core|gf_0|dr_xor2~27|datae                 ;
;   19.622 ;   0.256  ; FF ; CELL ; 6      ; LABCELL_X31_Y15_N33                       ; u_soc|crypto_accelerator|u_core|u_aes|u_sub_byte_core|gf_0|dr_xor2~27|combout               ;
;   19.622 ;   0.000  ;    ; RE   ; 2      ; LABCELL_X31_Y15_N33                       ; ARRIAV_LCELL_COMB                                                                           ;
;   19.692 ;   0.070  ;    ; RE   ; 1      ; LE_BUFFER_X31_Y15_N0_I23                  ; LE_BUFFER                                                                                   ;
;   19.845 ;   0.153  ;    ; RE   ; 1      ; R6_X31_Y15_N0_I16                         ; H_SEG6                                                                                      ;
;   20.013 ;   0.168  ;    ; RE   ; 1      ; LOCAL_INTERCONNECT_X31_Y15_N0_I16         ; LAB_LINE                                                                                    ;
;   20.115 ;   0.102  ;    ; RE   ; 1      ; BLOCK_INPUT_MUX_X31_Y15_N0_I54            ; LEIM_INPUT                                                                                  ;
;   20.114 ;   -0.001 ; FF ; IC   ; 1      ; LABCELL_X31_Y15_N39                       ; u_soc|crypto_accelerator|u_core|u_aes|u_sub_byte_core|gf_0|d_f[1]|datad                     ;
;   20.418 ;   0.304  ; FF ; CELL ; 17     ; LABCELL_X31_Y15_N39                       ; u_soc|crypto_accelerator|u_core|u_aes|u_sub_byte_core|gf_0|d_f[1]|combout                   ;
;   20.418 ;   0.000  ;    ; RE   ; 2      ; LABCELL_X31_Y15_N39                       ; ARRIAV_LCELL_COMB                                                                           ;
;   20.491 ;   0.073  ;    ; RE   ; 2      ; LE_BUFFER_X31_Y15_N0_I27                  ; LE_BUFFER                                                                                   ;
;   20.655 ;   0.164  ;    ; RE   ; 2      ; R3_X28_Y15_N0_I23                         ; H_SEG3                                                                                      ;
;   20.836 ;   0.181  ;    ; RE   ; 2      ; LOCAL_INTERCONNECT_X28_Y15_N0_I19         ; LAB_LINE                                                                                    ;
;   20.950 ;   0.114  ;    ; RE   ; 1      ; BLOCK_INPUT_MUX_X28_Y15_N0_I16            ; LEIM_INPUT                                                                                  ;
;   20.951 ;   0.001  ; FF ; IC   ; 1      ; MLABCELL_X28_Y15_N12                      ; u_soc|crypto_accelerator|u_core|u_aes|u_sub_byte_core|gf_0|dr_and~11|datad                  ;
;   21.255 ;   0.304  ; FR ; CELL ; 5      ; MLABCELL_X28_Y15_N12                      ; u_soc|crypto_accelerator|u_core|u_aes|u_sub_byte_core|gf_0|dr_and~11|combout                ;
;   21.255 ;   0.000  ;    ; RE   ; 2      ; MLABCELL_X28_Y15_N12                      ; ARRIAV_LCELL_COMB                                                                           ;
;   21.355 ;   0.100  ;    ; RE   ; 2      ; LOCAL_LINE_X28_Y15_N0_I4                  ; LOCAL_LINE                                                                                  ;
;   21.442 ;   0.087  ;    ; RE   ; 1      ; BLOCK_INPUT_MUX_X28_Y15_N0_I3             ; LEIM_INPUT                                                                                  ;
;   21.442 ;   0.000  ; RR ; IC   ; 1      ; MLABCELL_X28_Y15_N0                       ; u_soc|crypto_accelerator|u_core|u_aes|u_sub_byte_core|gf_0|d_inv_f[3]|datab                 ;
;   21.919 ;   0.477  ; RF ; CELL ; 9      ; MLABCELL_X28_Y15_N0                       ; u_soc|crypto_accelerator|u_core|u_aes|u_sub_byte_core|gf_0|d_inv_f[3]|combout               ;
;   21.919 ;   0.000  ;    ; RE   ; 3      ; MLABCELL_X28_Y15_N0                       ; ARRIAV_LCELL_COMB                                                                           ;
;   21.981 ;   0.062  ;    ; RE   ; 2      ; LE_BUFFER_X28_Y15_N0_I0                   ; LE_BUFFER                                                                                   ;
;   22.143 ;   0.162  ;    ; RE   ; 2      ; C2_X28_Y13_N0_I18                         ; V_SEG2                                                                                      ;
;   22.317 ;   0.174  ;    ; RE   ; 1      ; R3_X26_Y14_N0_I22                         ; H_SEG3                                                                                      ;
;   22.485 ;   0.168  ;    ; RE   ; 1      ; LOCAL_INTERCONNECT_X28_Y14_N0_I44         ; LAB_LINE                                                                                    ;
;   22.601 ;   0.116  ;    ; RE   ; 1      ; BLOCK_INPUT_MUX_X28_Y14_N0_I54            ; LEIM_INPUT                                                                                  ;
;   22.602 ;   0.001  ; FF ; IC   ; 1      ; MLABCELL_X28_Y14_N39                      ; u_soc|crypto_accelerator|u_core|u_aes|u_sub_byte_core|gf_0|dr_xor2~62|datae                 ;
;   22.883 ;   0.281  ; FR ; CELL ; 3      ; MLABCELL_X28_Y14_N39                      ; u_soc|crypto_accelerator|u_core|u_aes|u_sub_byte_core|gf_0|dr_xor2~62|combout               ;
;   22.883 ;   0.000  ;    ; RE   ; 1      ; MLABCELL_X28_Y14_N39                      ; ARRIAV_LCELL_COMB                                                                           ;
;   22.992 ;   0.109  ;    ; RE   ; 3      ; LOCAL_LINE_X28_Y14_N0_I13                 ; LOCAL_LINE                                                                                  ;
;   23.105 ;   0.113  ;    ; RE   ; 1      ; BLOCK_INPUT_MUX_X28_Y14_N0_I45            ; LEIM_INPUT                                                                                  ;
;   23.104 ;   -0.001 ; RR ; IC   ; 1      ; MLABCELL_X28_Y14_N33                      ; u_soc|crypto_accelerator|u_core|u_aes|u_sub_byte_core|gf_0|dr_xor2~63|datac                 ;
;   23.460 ;   0.356  ; RR ; CELL ; 3      ; MLABCELL_X28_Y14_N33                      ; u_soc|crypto_accelerator|u_core|u_aes|u_sub_byte_core|gf_0|dr_xor2~63|combout               ;
;   23.460 ;   0.000  ;    ; RE   ; 1      ; MLABCELL_X28_Y14_N33                      ; ARRIAV_LCELL_COMB                                                                           ;
;   23.569 ;   0.109  ;    ; RE   ; 2      ; LOCAL_LINE_X28_Y14_N0_I11                 ; LOCAL_LINE                                                                                  ;
;   23.690 ;   0.121  ;    ; RE   ; 1      ; BLOCK_INPUT_MUX_X28_Y14_N0_I68            ; LEIM_INPUT                                                                                  ;
;   23.690 ;   0.000  ; RR ; IC   ; 1      ; MLABCELL_X28_Y14_N48                      ; u_soc|crypto_accelerator|u_core|u_aes|u_sub_byte_core|gf_0|ah_out_f[0]~2|datac              ;
;   24.038 ;   0.348  ; RR ; CELL ; 6      ; MLABCELL_X28_Y14_N48                      ; u_soc|crypto_accelerator|u_core|u_aes|u_sub_byte_core|gf_0|ah_out_f[0]~2|combout            ;
;   24.038 ;   0.000  ;    ; RE   ; 1      ; MLABCELL_X28_Y14_N48                      ; ARRIAV_LCELL_COMB                                                                           ;
;   24.118 ;   0.080  ;    ; RE   ; 2      ; LE_BUFFER_X28_Y14_N0_I32                  ; LE_BUFFER                                                                                   ;
;   24.264 ;   0.146  ;    ; RE   ; 1      ; C2_X28_Y15_N0_I4                          ; V_SEG2                                                                                      ;
;   24.398 ;   0.134  ;    ; RE   ; 1      ; R3_X26_Y16_N0_I20                         ; H_SEG3                                                                                      ;
;   24.524 ;   0.126  ;    ; RE   ; 2      ; LOCAL_INTERCONNECT_X28_Y16_N0_I28         ; LAB_LINE                                                                                    ;
;   24.638 ;   0.114  ;    ; RE   ; 2      ; BLOCK_INPUT_MUX_X28_Y16_N0_I60            ; LEIM_INPUT                                                                                  ;
;   24.637 ;   -0.001 ; RR ; IC   ; 1      ; MLABCELL_X28_Y16_N45                      ; u_soc|crypto_accelerator|u_core|u_aes|u_sub_byte_core|gf_0|data_out_f[5]~5|datad            ;
;   25.073 ;   0.436  ; RF ; CELL ; 5      ; MLABCELL_X28_Y16_N45                      ; u_soc|crypto_accelerator|u_core|u_aes|u_sub_byte_core|gf_0|data_out_f[5]~5|combout          ;
;   25.073 ;   0.000  ;    ; RE   ; 2      ; MLABCELL_X28_Y16_N45                      ; ARRIAV_LCELL_COMB                                                                           ;
;   25.129 ;   0.056  ;    ; RE   ; 1      ; LE_BUFFER_X28_Y16_N0_I30                  ; LE_BUFFER                                                                                   ;
;   25.277 ;   0.148  ;    ; RE   ; 1      ; C2_X28_Y14_N0_I15                         ; V_SEG2                                                                                      ;
;   25.452 ;   0.175  ;    ; RE   ; 1      ; R3_X26_Y15_N0_I13                         ; H_SEG3                                                                                      ;
;   25.638 ;   0.186  ;    ; RE   ; 1      ; LOCAL_INTERCONNECT_X27_Y15_N0_I19         ; LAB_LINE                                                                                    ;
;   25.757 ;   0.119  ;    ; RE   ; 1      ; BLOCK_INPUT_MUX_X27_Y15_N0_I53            ; LEIM_INPUT                                                                                  ;
;   25.757 ;   0.000  ; FF ; IC   ; 1      ; LABCELL_X27_Y15_N39                       ; u_soc|crypto_accelerator|u_core|u_aes|u_sub_byte_core|aff_trans_0|aff_trans_out_f~0|datac   ;
;   26.165 ;   0.408  ; FF ; CELL ; 5      ; LABCELL_X27_Y15_N39                       ; u_soc|crypto_accelerator|u_core|u_aes|u_sub_byte_core|aff_trans_0|aff_trans_out_f~0|combout ;
;   26.165 ;   0.000  ;    ; RE   ; 1      ; LABCELL_X27_Y15_N39                       ; ARRIAV_LCELL_COMB                                                                           ;
;   26.247 ;   0.082  ;    ; RE   ; 3      ; LE_BUFFER_X27_Y15_N0_I27                  ; LE_BUFFER                                                                                   ;
;   26.431 ;   0.184  ;    ; RE   ; 1      ; C4_X26_Y16_N0_I0                          ; V_SEG4                                                                                      ;
;   26.643 ;   0.212  ;    ; RE   ; 1      ; LOCAL_INTERCONNECT_X27_Y16_N0_I12         ; LAB_LINE                                                                                    ;
;   26.758 ;   0.115  ;    ; RE   ; 1      ; BLOCK_INPUT_MUX_X27_Y16_N0_I28            ; LEIM_INPUT                                                                                  ;
;   26.757 ;   -0.001 ; FF ; IC   ; 1      ; LABCELL_X27_Y16_N18                       ; u_soc|crypto_accelerator|u_core|u_aes|u_sub_byte_core|data_out_f[7]~7|datac                 ;
;   27.171 ;   0.414  ; FF ; CELL ; 20     ; LABCELL_X27_Y16_N18                       ; u_soc|crypto_accelerator|u_core|u_aes|u_sub_byte_core|data_out_f[7]~7|combout               ;
;   27.171 ;   0.000  ;    ; RE   ; 2      ; LABCELL_X27_Y16_N18                       ; ARRIAV_LCELL_COMB                                                                           ;
;   27.266 ;   0.095  ;    ; RE   ; 5      ; LE_BUFFER_X27_Y16_N0_I12                  ; LE_BUFFER                                                                                   ;
;   27.493 ;   0.227  ;    ; RE   ; 2      ; C2_X27_Y14_N0_I12                         ; V_SEG2                                                                                      ;
;   27.722 ;   0.229  ;    ; RE   ; 3      ; C2_X27_Y12_N0_I12                         ; V_SEG2                                                                                      ;
;   27.994 ;   0.272  ;    ; RE   ; 1      ; R3_X25_Y13_N0_I23                         ; H_SEG3                                                                                      ;
;   28.186 ;   0.192  ;    ; RE   ; 1      ; LOCAL_INTERCONNECT_X24_Y13_N0_I19         ; LAB_LINE                                                                                    ;
;   28.299 ;   0.113  ;    ; RE   ; 1      ; BLOCK_INPUT_MUX_X24_Y13_N0_I54            ; LEIM_INPUT                                                                                  ;
;   28.299 ;   0.000  ; FF ; IC   ; 1      ; FF_X24_Y13_N41                            ; u_soc|crypto_accelerator|u_core|u_aes|buf_a_f[0][7]|asdata                                  ;
;   28.814 ;   0.515  ; FF ; CELL ; 1      ; FF_X24_Y13_N41                            ; soc:u_soc|axi_slave_top:crypto_accelerator|axi_slave_core:u_core|aes:u_aes|buf_a_f[0][7]    ;
+----------+----------+----+------+--------+-------------------------------------------+---------------------------------------------------------------------------------------------+

+----------------------------------------------------------------------------------------------------------------------------------------------------+
; Data Required Path                                                                                                                                 ;
+---------+---------+----+------+--------+----------------+------------------------------------------------------------------------------------------+
; Total   ; Incr    ; RF ; Type ; Fanout ; Location       ; Element                                                                                  ;
+---------+---------+----+------+--------+----------------+------------------------------------------------------------------------------------------+
; 1.000   ; 1.000   ;    ;      ;        ;                ; latch edge time                                                                          ;
; 4.621   ; 3.621   ;    ;      ;        ;                ; clock path                                                                               ;
;   4.565 ;   3.565 ; R  ;      ;        ;                ; clock network delay                                                                      ;
;   4.621 ;   0.056 ;    ;      ;        ;                ; clock pessimism removed                                                                  ;
; 4.451   ; -0.170  ;    ;      ;        ;                ; clock uncertainty                                                                        ;
; 4.451   ; 0.000   ;    ; uTsu ; 1      ; FF_X24_Y13_N41 ; soc:u_soc|axi_slave_top:crypto_accelerator|axi_slave_core:u_core|aes:u_aes|buf_a_f[0][7] ;
+---------+---------+----+------+--------+----------------+------------------------------------------------------------------------------------------+

----------------------------
; Extra Fitter Information ;
----------------------------
HTML report is unavailable in plain text report export.


Path #8: Setup slack is -24.354 (VIOLATED)
===============================================================================
+---------------------------------------------------------------------------------------------------------------+
; Path Summary                                                                                                  ;
+--------------------+------------------------------------------------------------------------------------------+
; Property           ; Value                                                                                    ;
+--------------------+------------------------------------------------------------------------------------------+
; From Node          ; soc:u_soc|axi_slave_top:crypto_accelerator|axi_slave_core:u_core|aes:u_aes|kexp_i[1]     ;
; To Node            ; soc:u_soc|axi_slave_top:crypto_accelerator|axi_slave_core:u_core|aes:u_aes|buf_a_f[5][7] ;
; Launch Clock       ; CLOCK_50                                                                                 ;
; Latch Clock        ; CLOCK_50                                                                                 ;
; Data Arrival Time  ; 28.820                                                                                   ;
; Data Required Time ; 4.466                                                                                    ;
; Slack              ; -24.354 (VIOLATED)                                                                       ;
+--------------------+------------------------------------------------------------------------------------------+

+----------------------------------------------------------------------------------------+
; Statistics                                                                             ;
+---------------------------+--------+-------+-------------+------------+--------+-------+
; Property                  ; Value  ; Count ; Total Delay ; % of Total ; Min    ; Max   ;
+---------------------------+--------+-------+-------------+------------+--------+-------+
; Setup Relationship        ; 1.000  ;       ;             ;            ;        ;       ;
; Clock Skew                ; -0.423 ;       ;             ;            ;        ;       ;
; Data Delay                ; 24.761 ;       ;             ;            ;        ;       ;
; Number of Logic Levels    ;        ; 34    ;             ;            ;        ;       ;
; Physical Delays           ;        ;       ;             ;            ;        ;       ;
;  Arrival Path             ;        ;       ;             ;            ;        ;       ;
;   Clock                   ;        ;       ;             ;            ;        ;       ;
;    Clock Network (Lumped) ;        ; 1     ; 4.059       ; 100        ; 4.059  ; 4.059 ;
;   Data                    ;        ;       ;             ;            ;        ;       ;
;    IC                     ;        ; 35    ; -0.001      ; 0          ; -0.001 ; 0.001 ;
;    Cell                   ;        ; 36    ; 7.694       ; 31         ; 0.000  ; 0.515 ;
;    uTco                   ;        ; 1     ; 0.000       ; 0          ; 0.000  ; 0.000 ;
;    Routing Element        ;        ; 157   ; 17.068      ; 69         ; 0.000  ; 0.401 ;
;  Required Path            ;        ;       ;             ;            ;        ;       ;
;   Clock                   ;        ;       ;             ;            ;        ;       ;
;    Clock Network (Lumped) ;        ; 1     ; 3.580       ; 100        ; 3.580  ; 3.580 ;
+---------------------------+--------+-------+-------------+------------+--------+-------+
Note: Negative delays are omitted from totals when calculating percentages

+------------------------------------------------------------------------------------------------------------------------------------------------------------------------------------+
; Data Arrival Path                                                                                                                                                                  ;
+----------+----------+----+------+--------+-------------------------------------------+---------------------------------------------------------------------------------------------+
; Total    ; Incr     ; RF ; Type ; Fanout ; Location                                  ; Element                                                                                     ;
+----------+----------+----+------+--------+-------------------------------------------+---------------------------------------------------------------------------------------------+
; 0.000    ; 0.000    ;    ;      ;        ;                                           ; launch edge time                                                                            ;
; 4.059    ; 4.059    ;    ;      ;        ;                                           ; clock path                                                                                  ;
;   4.059  ;   4.059  ; R  ;      ;        ;                                           ; clock network delay                                                                         ;
; 28.820   ; 24.761   ;    ;      ;        ;                                           ; data path                                                                                   ;
;   4.059  ;   0.000  ;    ; uTco ; 1      ; FF_X30_Y23_N2                             ; soc:u_soc|axi_slave_top:crypto_accelerator|axi_slave_core:u_core|aes:u_aes|kexp_i[1]        ;
;   4.059  ;   0.000  ; FF ; CELL ; 239    ; FF_X30_Y23_N2                             ; u_soc|crypto_accelerator|u_core|u_aes|kexp_i[1]|q                                           ;
;   4.109  ;   0.050  ;    ; RE   ; 3      ; FF_X30_Y23_N2                             ; ARRIAV_FF                                                                                   ;
;   4.197  ;   0.088  ;    ; RE   ; 5      ; LE_BUFFER_X30_Y23_N0_I1                   ; LE_BUFFER                                                                                   ;
;   4.598  ;   0.401  ;    ; RE   ; 8      ; R6_X30_Y23_N0_I11                         ; H_SEG6                                                                                      ;
;   4.941  ;   0.343  ;    ; RE   ; 3      ; R6_X35_Y23_N0_I10                         ; H_SEG6                                                                                      ;
;   5.177  ;   0.236  ;    ; RE   ; 2      ; LOCAL_INTERCONNECT_X36_Y23_N0_I1          ; LAB_LINE                                                                                    ;
;   5.299  ;   0.122  ;    ; RE   ; 1      ; BLOCK_INPUT_MUX_X36_Y23_N0_I64            ; LEIM_INPUT                                                                                  ;
;   5.299  ;   0.000  ; FF ; IC   ; 1      ; LABCELL_X36_Y23_N48                       ; u_soc|crypto_accelerator|u_core|u_aes|sb_in_f~20|datad                                      ;
;   5.587  ;   0.288  ; FF ; CELL ; 3      ; LABCELL_X36_Y23_N48                       ; u_soc|crypto_accelerator|u_core|u_aes|sb_in_f~20|combout                                    ;
;   5.587  ;   0.000  ;    ; RE   ; 2      ; LABCELL_X36_Y23_N48                       ; ARRIAV_LCELL_COMB                                                                           ;
;   5.664  ;   0.077  ;    ; RE   ; 1      ; LOCAL_LINE_X36_Y23_N0_I16                 ; LOCAL_LINE                                                                                  ;
;   5.785  ;   0.121  ;    ; RE   ; 1      ; BLOCK_INPUT_MUX_X36_Y23_N0_I28            ; LEIM_INPUT                                                                                  ;
;   5.785  ;   0.000  ; FF ; IC   ; 1      ; LABCELL_X36_Y23_N18                       ; u_soc|crypto_accelerator|u_core|u_aes|sb_in_f~22|datac                                      ;
;   6.202  ;   0.417  ; FF ; CELL ; 48     ; LABCELL_X36_Y23_N18                       ; u_soc|crypto_accelerator|u_core|u_aes|sb_in_f~22|combout                                    ;
;   6.202  ;   0.000  ;    ; RE   ; 2      ; LABCELL_X36_Y23_N18                       ; ARRIAV_LCELL_COMB                                                                           ;
;   6.299  ;   0.097  ;    ; RE   ; 2      ; LE_BUFFER_X36_Y23_N0_I13                  ; LE_BUFFER                                                                                   ;
;   6.497  ;   0.198  ;    ; RE   ; 2      ; R3_X36_Y23_N0_I1                          ; H_SEG3                                                                                      ;
;   6.497  ;   0.000  ;    ; RE   ; 2      ; R14_C12_INTERCONNECT_DRIVER_X36_Y23_N0_I1 ; WIRE_MUX                                                                                    ;
;   6.740  ;   0.243  ;    ; RE   ; 2      ; R14_X23_Y23_N0_I1                         ; H_SEG14                                                                                     ;
;   6.966  ;   0.226  ;    ; RE   ; 1      ; C2_X22_Y21_N0_I15                         ; V_SEG2                                                                                      ;
;   7.290  ;   0.324  ;    ; RE   ; 1      ; R6_X17_Y21_N0_I26                         ; H_SEG6                                                                                      ;
;   7.504  ;   0.214  ;    ; RE   ; 3      ; LOCAL_INTERCONNECT_X19_Y21_N0_I12         ; LAB_LINE                                                                                    ;
;   7.618  ;   0.114  ;    ; RE   ; 1      ; BLOCK_INPUT_MUX_X19_Y21_N0_I71            ; LEIM_INPUT                                                                                  ;
;   7.618  ;   0.000  ; FF ; IC   ; 1      ; LABCELL_X19_Y21_N51                       ; u_soc|crypto_accelerator|u_core|u_aes|sb_in_f~545|dataf                                     ;
;   7.689  ;   0.071  ; FF ; CELL ; 1      ; LABCELL_X19_Y21_N51                       ; u_soc|crypto_accelerator|u_core|u_aes|sb_in_f~545|combout                                   ;
;   7.689  ;   0.000  ;    ; RE   ; 1      ; LABCELL_X19_Y21_N51                       ; ARRIAV_LCELL_COMB                                                                           ;
;   7.745  ;   0.056  ;    ; RE   ; 1      ; LE_BUFFER_X19_Y21_N0_I34                  ; LE_BUFFER                                                                                   ;
;   7.885  ;   0.140  ;    ; RE   ; 1      ; R3_X17_Y21_N0_I21                         ; H_SEG3                                                                                      ;
;   7.885  ;   0.000  ;    ; RE   ; 1      ; R14_C12_INTERCONNECT_DRIVER_X19_Y21_N0_I2 ; WIRE_MUX                                                                                    ;
;   8.123  ;   0.238  ;    ; RE   ; 1      ; R14_X20_Y21_N0_I0                         ; H_SEG14                                                                                     ;
;   8.332  ;   0.209  ;    ; RE   ; 1      ; C2_X30_Y22_N0_I7                          ; V_SEG2                                                                                      ;
;   8.509  ;   0.177  ;    ; RE   ; 1      ; R6_X31_Y22_N0_I16                         ; H_SEG6                                                                                      ;
;   8.677  ;   0.168  ;    ; RE   ; 1      ; LOCAL_INTERCONNECT_X31_Y22_N0_I16         ; LAB_LINE                                                                                    ;
;   8.784  ;   0.107  ;    ; RE   ; 1      ; BLOCK_INPUT_MUX_X31_Y22_N0_I56            ; LEIM_INPUT                                                                                  ;
;   8.784  ;   0.000  ; FF ; IC   ; 1      ; LABCELL_X31_Y22_N42                       ; u_soc|crypto_accelerator|u_core|u_aes|sb_in_f~761|datad                                     ;
;   9.086  ;   0.302  ; FR ; CELL ; 1      ; LABCELL_X31_Y22_N42                       ; u_soc|crypto_accelerator|u_core|u_aes|sb_in_f~761|combout                                   ;
;   9.086  ;   0.000  ;    ; RE   ; 1      ; LABCELL_X31_Y22_N42                       ; ARRIAV_LCELL_COMB                                                                           ;
;   9.174  ;   0.088  ;    ; RE   ; 1      ; LOCAL_LINE_X31_Y22_N0_I14                 ; LOCAL_LINE                                                                                  ;
;   9.279  ;   0.105  ;    ; RE   ; 1      ; BLOCK_INPUT_MUX_X31_Y22_N0_I65            ; LEIM_INPUT                                                                                  ;
;   9.279  ;   0.000  ; RR ; IC   ; 1      ; LABCELL_X31_Y22_N48                       ; u_soc|crypto_accelerator|u_core|u_aes|sb_in_f~546|dataf                                     ;
;   9.357  ;   0.078  ; RR ; CELL ; 1      ; LABCELL_X31_Y22_N48                       ; u_soc|crypto_accelerator|u_core|u_aes|sb_in_f~546|combout                                   ;
;   9.357  ;   0.000  ;    ; RE   ; 1      ; LABCELL_X31_Y22_N48                       ; ARRIAV_LCELL_COMB                                                                           ;
;   9.457  ;   0.100  ;    ; RE   ; 1      ; LOCAL_LINE_X31_Y22_N0_I16                 ; LOCAL_LINE                                                                                  ;
;   9.564  ;   0.107  ;    ; RE   ; 1      ; BLOCK_INPUT_MUX_X31_Y22_N0_I17            ; LEIM_INPUT                                                                                  ;
;   9.564  ;   0.000  ; RR ; IC   ; 1      ; LABCELL_X31_Y22_N12                       ; u_soc|crypto_accelerator|u_core|u_aes|sb_in_f~548|dataf                                     ;
;   9.648  ;   0.084  ; RF ; CELL ; 1      ; LABCELL_X31_Y22_N12                       ; u_soc|crypto_accelerator|u_core|u_aes|sb_in_f~548|combout                                   ;
;   9.648  ;   0.000  ;    ; RE   ; 1      ; LABCELL_X31_Y22_N12                       ; ARRIAV_LCELL_COMB                                                                           ;
;   9.730  ;   0.082  ;    ; RE   ; 1      ; LOCAL_LINE_X31_Y22_N0_I4                  ; LOCAL_LINE                                                                                  ;
;   9.855  ;   0.125  ;    ; RE   ; 1      ; BLOCK_INPUT_MUX_X31_Y22_N0_I55            ; LEIM_INPUT                                                                                  ;
;   9.855  ;   0.000  ; FF ; IC   ; 1      ; LABCELL_X31_Y22_N39                       ; u_soc|crypto_accelerator|u_core|u_aes|sb_in_f~550|dataf                                     ;
;   9.926  ;   0.071  ; FF ; CELL ; 1      ; LABCELL_X31_Y22_N39                       ; u_soc|crypto_accelerator|u_core|u_aes|sb_in_f~550|combout                                   ;
;   9.926  ;   0.000  ;    ; RE   ; 1      ; LABCELL_X31_Y22_N39                       ; ARRIAV_LCELL_COMB                                                                           ;
;   9.995  ;   0.069  ;    ; RE   ; 1      ; LE_BUFFER_X31_Y22_N0_I27                  ; LE_BUFFER                                                                                   ;
;   10.173 ;   0.178  ;    ; RE   ; 1      ; C2_X30_Y20_N0_I14                         ; V_SEG2                                                                                      ;
;   10.381 ;   0.208  ;    ; RE   ; 1      ; C2_X30_Y18_N0_I14                         ; V_SEG2                                                                                      ;
;   10.747 ;   0.366  ;    ; RE   ; 1      ; R6_X31_Y18_N0_I5                          ; H_SEG6                                                                                      ;
;   10.991 ;   0.244  ;    ; RE   ; 1      ; LOCAL_INTERCONNECT_X36_Y18_N0_I39         ; LAB_LINE                                                                                    ;
;   11.107 ;   0.116  ;    ; RE   ; 1      ; BLOCK_INPUT_MUX_X36_Y18_N0_I9             ; LEIM_INPUT                                                                                  ;
;   11.107 ;   0.000  ; FF ; IC   ; 1      ; LABCELL_X36_Y18_N6                        ; u_soc|crypto_accelerator|u_core|u_aes|sb_in_f~553|dataf                                     ;
;   11.181 ;   0.074  ; FF ; CELL ; 1      ; LABCELL_X36_Y18_N6                        ; u_soc|crypto_accelerator|u_core|u_aes|sb_in_f~553|combout                                   ;
;   11.181 ;   0.000  ;    ; RE   ; 1      ; LABCELL_X36_Y18_N6                        ; ARRIAV_LCELL_COMB                                                                           ;
;   11.263 ;   0.082  ;    ; RE   ; 1      ; LOCAL_LINE_X36_Y18_N0_I2                  ; LOCAL_LINE                                                                                  ;
;   11.376 ;   0.113  ;    ; RE   ; 1      ; BLOCK_INPUT_MUX_X36_Y18_N0_I65            ; LEIM_INPUT                                                                                  ;
;   11.376 ;   0.000  ; FF ; IC   ; 1      ; LABCELL_X36_Y18_N48                       ; u_soc|crypto_accelerator|u_core|u_aes|sb_in_f~555|dataf                                     ;
;   11.450 ;   0.074  ; FF ; CELL ; 1      ; LABCELL_X36_Y18_N48                       ; u_soc|crypto_accelerator|u_core|u_aes|sb_in_f~555|combout                                   ;
;   11.450 ;   0.000  ;    ; RE   ; 1      ; LABCELL_X36_Y18_N48                       ; ARRIAV_LCELL_COMB                                                                           ;
;   11.522 ;   0.072  ;    ; RE   ; 1      ; LOCAL_LINE_X36_Y18_N0_I16                 ; LOCAL_LINE                                                                                  ;
;   11.630 ;   0.108  ;    ; RE   ; 1      ; BLOCK_INPUT_MUX_X36_Y18_N0_I41            ; LEIM_INPUT                                                                                  ;
;   11.630 ;   0.000  ; FF ; IC   ; 1      ; LABCELL_X36_Y18_N30                       ; u_soc|crypto_accelerator|u_core|u_aes|sb_in_f~557|dataf                                     ;
;   11.704 ;   0.074  ; FF ; CELL ; 1      ; LABCELL_X36_Y18_N30                       ; u_soc|crypto_accelerator|u_core|u_aes|sb_in_f~557|combout                                   ;
;   11.704 ;   0.000  ;    ; RE   ; 1      ; LABCELL_X36_Y18_N30                       ; ARRIAV_LCELL_COMB                                                                           ;
;   11.793 ;   0.089  ;    ; RE   ; 1      ; LOCAL_LINE_X36_Y18_N0_I10                 ; LOCAL_LINE                                                                                  ;
;   11.911 ;   0.118  ;    ; RE   ; 1      ; BLOCK_INPUT_MUX_X36_Y18_N0_I17            ; LEIM_INPUT                                                                                  ;
;   11.912 ;   0.001  ; FF ; IC   ; 1      ; LABCELL_X36_Y18_N12                       ; u_soc|crypto_accelerator|u_core|u_aes|sb_in_f~559|dataf                                     ;
;   11.986 ;   0.074  ; FF ; CELL ; 1      ; LABCELL_X36_Y18_N12                       ; u_soc|crypto_accelerator|u_core|u_aes|sb_in_f~559|combout                                   ;
;   11.986 ;   0.000  ;    ; RE   ; 1      ; LABCELL_X36_Y18_N12                       ; ARRIAV_LCELL_COMB                                                                           ;
;   12.057 ;   0.071  ;    ; RE   ; 1      ; LOCAL_LINE_X36_Y18_N0_I4                  ; LOCAL_LINE                                                                                  ;
;   12.168 ;   0.111  ;    ; RE   ; 1      ; BLOCK_INPUT_MUX_X36_Y18_N0_I25            ; LEIM_INPUT                                                                                  ;
;   12.168 ;   0.000  ; FF ; IC   ; 1      ; LABCELL_X36_Y18_N18                       ; u_soc|crypto_accelerator|u_core|u_aes|sb_in_f~561|dataf                                     ;
;   12.241 ;   0.073  ; FF ; CELL ; 1      ; LABCELL_X36_Y18_N18                       ; u_soc|crypto_accelerator|u_core|u_aes|sb_in_f~561|combout                                   ;
;   12.241 ;   0.000  ;    ; RE   ; 1      ; LABCELL_X36_Y18_N18                       ; ARRIAV_LCELL_COMB                                                                           ;
;   12.331 ;   0.090  ;    ; RE   ; 1      ; LE_BUFFER_X36_Y18_N0_I13                  ; LE_BUFFER                                                                                   ;
;   12.464 ;   0.133  ;    ; RE   ; 1      ; LOCAL_INTERCONNECT_X35_Y18_N0_I36         ; LAB_LINE                                                                                    ;
;   12.566 ;   0.102  ;    ; RE   ; 1      ; BLOCK_INPUT_MUX_X35_Y18_N0_I33            ; LEIM_INPUT                                                                                  ;
;   12.566 ;   0.000  ; FF ; IC   ; 1      ; LABCELL_X35_Y18_N24                       ; u_soc|crypto_accelerator|u_core|u_aes|sb_in_f~563|dataf                                     ;
;   12.640 ;   0.074  ; FF ; CELL ; 1      ; LABCELL_X35_Y18_N24                       ; u_soc|crypto_accelerator|u_core|u_aes|sb_in_f~563|combout                                   ;
;   12.640 ;   0.000  ;    ; RE   ; 1      ; LABCELL_X35_Y18_N24                       ; ARRIAV_LCELL_COMB                                                                           ;
;   12.708 ;   0.068  ;    ; RE   ; 1      ; LOCAL_LINE_X35_Y18_N0_I8                  ; LOCAL_LINE                                                                                  ;
;   12.814 ;   0.106  ;    ; RE   ; 1      ; BLOCK_INPUT_MUX_X35_Y18_N0_I25            ; LEIM_INPUT                                                                                  ;
;   12.814 ;   0.000  ; FF ; IC   ; 1      ; LABCELL_X35_Y18_N18                       ; u_soc|crypto_accelerator|u_core|u_aes|sb_in_f~565|dataf                                     ;
;   12.887 ;   0.073  ; FF ; CELL ; 1      ; LABCELL_X35_Y18_N18                       ; u_soc|crypto_accelerator|u_core|u_aes|sb_in_f~565|combout                                   ;
;   12.887 ;   0.000  ;    ; RE   ; 1      ; LABCELL_X35_Y18_N18                       ; ARRIAV_LCELL_COMB                                                                           ;
;   12.957 ;   0.070  ;    ; RE   ; 1      ; LE_BUFFER_X35_Y18_N0_I13                  ; LE_BUFFER                                                                                   ;
;   13.086 ;   0.129  ;    ; RE   ; 1      ; LOCAL_INTERCONNECT_X34_Y18_N0_I36         ; LAB_LINE                                                                                    ;
;   13.196 ;   0.110  ;    ; RE   ; 1      ; BLOCK_INPUT_MUX_X34_Y18_N0_I1             ; LEIM_INPUT                                                                                  ;
;   13.196 ;   0.000  ; FF ; IC   ; 1      ; MLABCELL_X34_Y18_N0                       ; u_soc|crypto_accelerator|u_core|u_aes|sb_in_f~567|dataf                                     ;
;   13.268 ;   0.072  ; FF ; CELL ; 1      ; MLABCELL_X34_Y18_N0                       ; u_soc|crypto_accelerator|u_core|u_aes|sb_in_f~567|combout                                   ;
;   13.268 ;   0.000  ;    ; RE   ; 1      ; MLABCELL_X34_Y18_N0                       ; ARRIAV_LCELL_COMB                                                                           ;
;   13.353 ;   0.085  ;    ; RE   ; 1      ; LE_BUFFER_X34_Y18_N0_I1                   ; LE_BUFFER                                                                                   ;
;   13.572 ;   0.219  ;    ; RE   ; 1      ; C2_X33_Y16_N0_I18                         ; V_SEG2                                                                                      ;
;   13.845 ;   0.273  ;    ; RE   ; 1      ; R3_X31_Y17_N0_I20                         ; H_SEG3                                                                                      ;
;   14.023 ;   0.178  ;    ; RE   ; 1      ; LOCAL_INTERCONNECT_X31_Y17_N0_I28         ; LAB_LINE                                                                                    ;
;   14.127 ;   0.104  ;    ; RE   ; 1      ; BLOCK_INPUT_MUX_X31_Y17_N0_I17            ; LEIM_INPUT                                                                                  ;
;   14.127 ;   0.000  ; FF ; IC   ; 1      ; LABCELL_X31_Y17_N12                       ; u_soc|crypto_accelerator|u_core|u_aes|sb_in_f~569|dataf                                     ;
;   14.201 ;   0.074  ; FF ; CELL ; 1      ; LABCELL_X31_Y17_N12                       ; u_soc|crypto_accelerator|u_core|u_aes|sb_in_f~569|combout                                   ;
;   14.201 ;   0.000  ;    ; RE   ; 1      ; LABCELL_X31_Y17_N12                       ; ARRIAV_LCELL_COMB                                                                           ;
;   14.275 ;   0.074  ;    ; RE   ; 1      ; LOCAL_LINE_X31_Y17_N0_I4                  ; LOCAL_LINE                                                                                  ;
;   14.388 ;   0.113  ;    ; RE   ; 1      ; BLOCK_INPUT_MUX_X31_Y17_N0_I1             ; LEIM_INPUT                                                                                  ;
;   14.388 ;   0.000  ; FF ; IC   ; 1      ; LABCELL_X31_Y17_N0                        ; u_soc|crypto_accelerator|u_core|u_aes|Selector4548~1|dataf                                  ;
;   14.472 ;   0.084  ; FR ; CELL ; 4      ; LABCELL_X31_Y17_N0                        ; u_soc|crypto_accelerator|u_core|u_aes|Selector4548~1|combout                                ;
;   14.472 ;   0.000  ;    ; RE   ; 2      ; LABCELL_X31_Y17_N0                        ; ARRIAV_LCELL_COMB                                                                           ;
;   14.601 ;   0.129  ;    ; RE   ; 3      ; LOCAL_LINE_X31_Y17_N0_I0                  ; LOCAL_LINE                                                                                  ;
;   14.720 ;   0.119  ;    ; RE   ; 1      ; BLOCK_INPUT_MUX_X31_Y17_N0_I72            ; LEIM_INPUT                                                                                  ;
;   14.719 ;   -0.001 ; RR ; IC   ; 1      ; LABCELL_X31_Y17_N54                       ; u_soc|crypto_accelerator|u_core|u_aes|u_sub_byte_core|gf_in_f[7]~3|datad                    ;
;   15.023 ;   0.304  ; RF ; CELL ; 9      ; LABCELL_X31_Y17_N54                       ; u_soc|crypto_accelerator|u_core|u_aes|u_sub_byte_core|gf_in_f[7]~3|combout                  ;
;   15.023 ;   0.000  ;    ; RE   ; 3      ; LABCELL_X31_Y17_N54                       ; ARRIAV_LCELL_COMB                                                                           ;
;   15.076 ;   0.053  ;    ; RE   ; 1      ; LE_BUFFER_X31_Y17_N0_I36                  ; LE_BUFFER                                                                                   ;
;   15.295 ;   0.219  ;    ; RE   ; 1      ; R3_X32_Y17_N0_I7                          ; H_SEG3                                                                                      ;
;   15.495 ;   0.200  ;    ; RE   ; 2      ; LOCAL_INTERCONNECT_X34_Y17_N0_I21         ; LAB_LINE                                                                                    ;
;   15.597 ;   0.102  ;    ; RE   ; 1      ; BLOCK_INPUT_MUX_X34_Y17_N0_I49            ; LEIM_INPUT                                                                                  ;
;   15.598 ;   0.001  ; FF ; IC   ; 1      ; MLABCELL_X34_Y17_N36                      ; u_soc|crypto_accelerator|u_core|u_aes|u_sub_byte_core|gf_0|ah_t[3]|dataf                    ;
;   15.673 ;   0.075  ; FF ; CELL ; 22     ; MLABCELL_X34_Y17_N36                      ; u_soc|crypto_accelerator|u_core|u_aes|u_sub_byte_core|gf_0|ah_t[3]|combout                  ;
;   15.673 ;   0.000  ;    ; RE   ; 2      ; MLABCELL_X34_Y17_N36                      ; ARRIAV_LCELL_COMB                                                                           ;
;   15.762 ;   0.089  ;    ; RE   ; 1      ; LE_BUFFER_X34_Y17_N0_I25                  ; LE_BUFFER                                                                                   ;
;   15.901 ;   0.139  ;    ; RE   ; 2      ; LOCAL_INTERCONNECT_X33_Y17_N0_I41         ; LAB_LINE                                                                                    ;
;   16.022 ;   0.121  ;    ; RE   ; 1      ; BLOCK_INPUT_MUX_X33_Y17_N0_I56            ; LEIM_INPUT                                                                                  ;
;   16.022 ;   0.000  ; FF ; IC   ; 1      ; LABCELL_X33_Y17_N42                       ; u_soc|crypto_accelerator|u_core|u_aes|u_sub_byte_core|gf_0|ah_sq_lam_f[0]|datad             ;
;   16.309 ;   0.287  ; FF ; CELL ; 21     ; LABCELL_X33_Y17_N42                       ; u_soc|crypto_accelerator|u_core|u_aes|u_sub_byte_core|gf_0|ah_sq_lam_f[0]|combout           ;
;   16.309 ;   0.000  ;    ; RE   ; 2      ; LABCELL_X33_Y17_N42                       ; ARRIAV_LCELL_COMB                                                                           ;
;   16.385 ;   0.076  ;    ; RE   ; 1      ; LE_BUFFER_X33_Y17_N0_I28                  ; LE_BUFFER                                                                                   ;
;   16.612 ;   0.227  ;    ; RE   ; 1      ; C2_X33_Y15_N0_I15                         ; V_SEG2                                                                                      ;
;   16.876 ;   0.264  ;    ; RE   ; 1      ; R3_X31_Y15_N0_I23                         ; H_SEG3                                                                                      ;
;   17.075 ;   0.199  ;    ; RE   ; 3      ; LOCAL_INTERCONNECT_X31_Y15_N0_I19         ; LAB_LINE                                                                                    ;
;   17.189 ;   0.114  ;    ; RE   ; 1      ; BLOCK_INPUT_MUX_X31_Y15_N0_I21            ; LEIM_INPUT                                                                                  ;
;   17.189 ;   0.000  ; FF ; IC   ; 1      ; LABCELL_X31_Y15_N15                       ; u_soc|crypto_accelerator|u_core|u_aes|u_sub_byte_core|gf_0|dr_xor2~10|datac                 ;
;   17.599 ;   0.410  ; FF ; CELL ; 1      ; LABCELL_X31_Y15_N15                       ; u_soc|crypto_accelerator|u_core|u_aes|u_sub_byte_core|gf_0|dr_xor2~10|combout               ;
;   17.599 ;   0.000  ;    ; RE   ; 1      ; LABCELL_X31_Y15_N15                       ; ARRIAV_LCELL_COMB                                                                           ;
;   17.684 ;   0.085  ;    ; RE   ; 1      ; LOCAL_LINE_X31_Y15_N0_I5                  ; LOCAL_LINE                                                                                  ;
;   17.798 ;   0.114  ;    ; RE   ; 1      ; BLOCK_INPUT_MUX_X31_Y15_N0_I49            ; LEIM_INPUT                                                                                  ;
;   17.798 ;   0.000  ; FF ; IC   ; 1      ; LABCELL_X31_Y15_N36                       ; u_soc|crypto_accelerator|u_core|u_aes|u_sub_byte_core|gf_0|dr_xor2~11|dataf                 ;
;   17.880 ;   0.082  ; FR ; CELL ; 2      ; LABCELL_X31_Y15_N36                       ; u_soc|crypto_accelerator|u_core|u_aes|u_sub_byte_core|gf_0|dr_xor2~11|combout               ;
;   17.880 ;   0.000  ;    ; RE   ; 1      ; LABCELL_X31_Y15_N36                       ; ARRIAV_LCELL_COMB                                                                           ;
;   18.009 ;   0.129  ;    ; RE   ; 2      ; LOCAL_LINE_X31_Y15_N0_I12                 ; LOCAL_LINE                                                                                  ;
;   18.129 ;   0.120  ;    ; RE   ; 1      ; BLOCK_INPUT_MUX_X31_Y15_N0_I0             ; LEIM_INPUT                                                                                  ;
;   18.129 ;   0.000  ; RR ; IC   ; 1      ; LABCELL_X31_Y15_N0                        ; u_soc|crypto_accelerator|u_core|u_aes|u_sub_byte_core|gf_0|dr_xor2~13|datad                 ;
;   18.433 ;   0.304  ; RF ; CELL ; 4      ; LABCELL_X31_Y15_N0                        ; u_soc|crypto_accelerator|u_core|u_aes|u_sub_byte_core|gf_0|dr_xor2~13|combout               ;
;   18.433 ;   0.000  ;    ; RE   ; 3      ; LABCELL_X31_Y15_N0                        ; ARRIAV_LCELL_COMB                                                                           ;
;   18.490 ;   0.057  ;    ; RE   ; 1      ; LE_BUFFER_X31_Y15_N0_I0                   ; LE_BUFFER                                                                                   ;
;   18.643 ;   0.153  ;    ; RE   ; 2      ; R6_X26_Y15_N0_I22                         ; H_SEG6                                                                                      ;
;   18.852 ;   0.209  ;    ; RE   ; 1      ; LOCAL_INTERCONNECT_X31_Y15_N0_I35         ; LAB_LINE                                                                                    ;
;   18.970 ;   0.118  ;    ; RE   ; 1      ; BLOCK_INPUT_MUX_X31_Y15_N0_I73            ; LEIM_INPUT                                                                                  ;
;   18.969 ;   -0.001 ; FF ; IC   ; 1      ; LABCELL_X31_Y15_N54                       ; u_soc|crypto_accelerator|u_core|u_aes|u_sub_byte_core|gf_0|ah_mul_al_t[1]~1|dataf           ;
;   19.045 ;   0.076  ; FF ; CELL ; 2      ; LABCELL_X31_Y15_N54                       ; u_soc|crypto_accelerator|u_core|u_aes|u_sub_byte_core|gf_0|ah_mul_al_t[1]~1|combout         ;
;   19.045 ;   0.000  ;    ; RE   ; 2      ; LABCELL_X31_Y15_N54                       ; ARRIAV_LCELL_COMB                                                                           ;
;   19.126 ;   0.081  ;    ; RE   ; 1      ; LOCAL_LINE_X31_Y15_N0_I18                 ; LOCAL_LINE                                                                                  ;
;   19.249 ;   0.123  ;    ; RE   ; 1      ; BLOCK_INPUT_MUX_X31_Y15_N0_I46            ; LEIM_INPUT                                                                                  ;
;   19.249 ;   0.000  ; FF ; IC   ; 1      ; LABCELL_X31_Y15_N33                       ; u_soc|crypto_accelerator|u_core|u_aes|u_sub_byte_core|gf_0|dr_xor2~27|datae                 ;
;   19.505 ;   0.256  ; FF ; CELL ; 6      ; LABCELL_X31_Y15_N33                       ; u_soc|crypto_accelerator|u_core|u_aes|u_sub_byte_core|gf_0|dr_xor2~27|combout               ;
;   19.505 ;   0.000  ;    ; RE   ; 2      ; LABCELL_X31_Y15_N33                       ; ARRIAV_LCELL_COMB                                                                           ;
;   19.575 ;   0.070  ;    ; RE   ; 1      ; LE_BUFFER_X31_Y15_N0_I23                  ; LE_BUFFER                                                                                   ;
;   19.728 ;   0.153  ;    ; RE   ; 1      ; R6_X31_Y15_N0_I16                         ; H_SEG6                                                                                      ;
;   19.896 ;   0.168  ;    ; RE   ; 1      ; LOCAL_INTERCONNECT_X31_Y15_N0_I16         ; LAB_LINE                                                                                    ;
;   19.998 ;   0.102  ;    ; RE   ; 1      ; BLOCK_INPUT_MUX_X31_Y15_N0_I54            ; LEIM_INPUT                                                                                  ;
;   19.997 ;   -0.001 ; FF ; IC   ; 1      ; LABCELL_X31_Y15_N39                       ; u_soc|crypto_accelerator|u_core|u_aes|u_sub_byte_core|gf_0|d_f[1]|datad                     ;
;   20.301 ;   0.304  ; FF ; CELL ; 17     ; LABCELL_X31_Y15_N39                       ; u_soc|crypto_accelerator|u_core|u_aes|u_sub_byte_core|gf_0|d_f[1]|combout                   ;
;   20.301 ;   0.000  ;    ; RE   ; 2      ; LABCELL_X31_Y15_N39                       ; ARRIAV_LCELL_COMB                                                                           ;
;   20.374 ;   0.073  ;    ; RE   ; 2      ; LE_BUFFER_X31_Y15_N0_I27                  ; LE_BUFFER                                                                                   ;
;   20.538 ;   0.164  ;    ; RE   ; 2      ; R3_X28_Y15_N0_I23                         ; H_SEG3                                                                                      ;
;   20.719 ;   0.181  ;    ; RE   ; 2      ; LOCAL_INTERCONNECT_X28_Y15_N0_I19         ; LAB_LINE                                                                                    ;
;   20.833 ;   0.114  ;    ; RE   ; 1      ; BLOCK_INPUT_MUX_X28_Y15_N0_I16            ; LEIM_INPUT                                                                                  ;
;   20.834 ;   0.001  ; FF ; IC   ; 1      ; MLABCELL_X28_Y15_N12                      ; u_soc|crypto_accelerator|u_core|u_aes|u_sub_byte_core|gf_0|dr_and~11|datad                  ;
;   21.138 ;   0.304  ; FR ; CELL ; 5      ; MLABCELL_X28_Y15_N12                      ; u_soc|crypto_accelerator|u_core|u_aes|u_sub_byte_core|gf_0|dr_and~11|combout                ;
;   21.138 ;   0.000  ;    ; RE   ; 2      ; MLABCELL_X28_Y15_N12                      ; ARRIAV_LCELL_COMB                                                                           ;
;   21.238 ;   0.100  ;    ; RE   ; 2      ; LOCAL_LINE_X28_Y15_N0_I4                  ; LOCAL_LINE                                                                                  ;
;   21.325 ;   0.087  ;    ; RE   ; 1      ; BLOCK_INPUT_MUX_X28_Y15_N0_I3             ; LEIM_INPUT                                                                                  ;
;   21.325 ;   0.000  ; RR ; IC   ; 1      ; MLABCELL_X28_Y15_N0                       ; u_soc|crypto_accelerator|u_core|u_aes|u_sub_byte_core|gf_0|d_inv_f[3]|datab                 ;
;   21.802 ;   0.477  ; RF ; CELL ; 9      ; MLABCELL_X28_Y15_N0                       ; u_soc|crypto_accelerator|u_core|u_aes|u_sub_byte_core|gf_0|d_inv_f[3]|combout               ;
;   21.802 ;   0.000  ;    ; RE   ; 3      ; MLABCELL_X28_Y15_N0                       ; ARRIAV_LCELL_COMB                                                                           ;
;   21.864 ;   0.062  ;    ; RE   ; 2      ; LE_BUFFER_X28_Y15_N0_I0                   ; LE_BUFFER                                                                                   ;
;   22.026 ;   0.162  ;    ; RE   ; 2      ; C2_X28_Y13_N0_I18                         ; V_SEG2                                                                                      ;
;   22.200 ;   0.174  ;    ; RE   ; 1      ; R3_X26_Y14_N0_I22                         ; H_SEG3                                                                                      ;
;   22.368 ;   0.168  ;    ; RE   ; 1      ; LOCAL_INTERCONNECT_X28_Y14_N0_I44         ; LAB_LINE                                                                                    ;
;   22.484 ;   0.116  ;    ; RE   ; 1      ; BLOCK_INPUT_MUX_X28_Y14_N0_I54            ; LEIM_INPUT                                                                                  ;
;   22.485 ;   0.001  ; FF ; IC   ; 1      ; MLABCELL_X28_Y14_N39                      ; u_soc|crypto_accelerator|u_core|u_aes|u_sub_byte_core|gf_0|dr_xor2~62|datae                 ;
;   22.766 ;   0.281  ; FR ; CELL ; 3      ; MLABCELL_X28_Y14_N39                      ; u_soc|crypto_accelerator|u_core|u_aes|u_sub_byte_core|gf_0|dr_xor2~62|combout               ;
;   22.766 ;   0.000  ;    ; RE   ; 1      ; MLABCELL_X28_Y14_N39                      ; ARRIAV_LCELL_COMB                                                                           ;
;   22.875 ;   0.109  ;    ; RE   ; 3      ; LOCAL_LINE_X28_Y14_N0_I13                 ; LOCAL_LINE                                                                                  ;
;   22.988 ;   0.113  ;    ; RE   ; 1      ; BLOCK_INPUT_MUX_X28_Y14_N0_I45            ; LEIM_INPUT                                                                                  ;
;   22.987 ;   -0.001 ; RR ; IC   ; 1      ; MLABCELL_X28_Y14_N33                      ; u_soc|crypto_accelerator|u_core|u_aes|u_sub_byte_core|gf_0|dr_xor2~63|datac                 ;
;   23.343 ;   0.356  ; RR ; CELL ; 3      ; MLABCELL_X28_Y14_N33                      ; u_soc|crypto_accelerator|u_core|u_aes|u_sub_byte_core|gf_0|dr_xor2~63|combout               ;
;   23.343 ;   0.000  ;    ; RE   ; 1      ; MLABCELL_X28_Y14_N33                      ; ARRIAV_LCELL_COMB                                                                           ;
;   23.452 ;   0.109  ;    ; RE   ; 2      ; LOCAL_LINE_X28_Y14_N0_I11                 ; LOCAL_LINE                                                                                  ;
;   23.573 ;   0.121  ;    ; RE   ; 1      ; BLOCK_INPUT_MUX_X28_Y14_N0_I68            ; LEIM_INPUT                                                                                  ;
;   23.573 ;   0.000  ; RR ; IC   ; 1      ; MLABCELL_X28_Y14_N48                      ; u_soc|crypto_accelerator|u_core|u_aes|u_sub_byte_core|gf_0|ah_out_f[0]~2|datac              ;
;   23.921 ;   0.348  ; RR ; CELL ; 6      ; MLABCELL_X28_Y14_N48                      ; u_soc|crypto_accelerator|u_core|u_aes|u_sub_byte_core|gf_0|ah_out_f[0]~2|combout            ;
;   23.921 ;   0.000  ;    ; RE   ; 1      ; MLABCELL_X28_Y14_N48                      ; ARRIAV_LCELL_COMB                                                                           ;
;   24.001 ;   0.080  ;    ; RE   ; 2      ; LE_BUFFER_X28_Y14_N0_I32                  ; LE_BUFFER                                                                                   ;
;   24.147 ;   0.146  ;    ; RE   ; 1      ; C2_X28_Y15_N0_I4                          ; V_SEG2                                                                                      ;
;   24.281 ;   0.134  ;    ; RE   ; 1      ; R3_X26_Y16_N0_I20                         ; H_SEG3                                                                                      ;
;   24.407 ;   0.126  ;    ; RE   ; 2      ; LOCAL_INTERCONNECT_X28_Y16_N0_I28         ; LAB_LINE                                                                                    ;
;   24.521 ;   0.114  ;    ; RE   ; 2      ; BLOCK_INPUT_MUX_X28_Y16_N0_I60            ; LEIM_INPUT                                                                                  ;
;   24.520 ;   -0.001 ; RR ; IC   ; 1      ; MLABCELL_X28_Y16_N45                      ; u_soc|crypto_accelerator|u_core|u_aes|u_sub_byte_core|gf_0|data_out_f[5]~5|datad            ;
;   24.956 ;   0.436  ; RF ; CELL ; 5      ; MLABCELL_X28_Y16_N45                      ; u_soc|crypto_accelerator|u_core|u_aes|u_sub_byte_core|gf_0|data_out_f[5]~5|combout          ;
;   24.956 ;   0.000  ;    ; RE   ; 2      ; MLABCELL_X28_Y16_N45                      ; ARRIAV_LCELL_COMB                                                                           ;
;   25.012 ;   0.056  ;    ; RE   ; 1      ; LE_BUFFER_X28_Y16_N0_I30                  ; LE_BUFFER                                                                                   ;
;   25.160 ;   0.148  ;    ; RE   ; 1      ; C2_X28_Y14_N0_I15                         ; V_SEG2                                                                                      ;
;   25.335 ;   0.175  ;    ; RE   ; 1      ; R3_X26_Y15_N0_I13                         ; H_SEG3                                                                                      ;
;   25.521 ;   0.186  ;    ; RE   ; 1      ; LOCAL_INTERCONNECT_X27_Y15_N0_I19         ; LAB_LINE                                                                                    ;
;   25.640 ;   0.119  ;    ; RE   ; 1      ; BLOCK_INPUT_MUX_X27_Y15_N0_I53            ; LEIM_INPUT                                                                                  ;
;   25.640 ;   0.000  ; FF ; IC   ; 1      ; LABCELL_X27_Y15_N39                       ; u_soc|crypto_accelerator|u_core|u_aes|u_sub_byte_core|aff_trans_0|aff_trans_out_f~0|datac   ;
;   26.048 ;   0.408  ; FF ; CELL ; 5      ; LABCELL_X27_Y15_N39                       ; u_soc|crypto_accelerator|u_core|u_aes|u_sub_byte_core|aff_trans_0|aff_trans_out_f~0|combout ;
;   26.048 ;   0.000  ;    ; RE   ; 1      ; LABCELL_X27_Y15_N39                       ; ARRIAV_LCELL_COMB                                                                           ;
;   26.130 ;   0.082  ;    ; RE   ; 3      ; LE_BUFFER_X27_Y15_N0_I27                  ; LE_BUFFER                                                                                   ;
;   26.314 ;   0.184  ;    ; RE   ; 1      ; C4_X26_Y16_N0_I0                          ; V_SEG4                                                                                      ;
;   26.526 ;   0.212  ;    ; RE   ; 1      ; LOCAL_INTERCONNECT_X27_Y16_N0_I12         ; LAB_LINE                                                                                    ;
;   26.641 ;   0.115  ;    ; RE   ; 1      ; BLOCK_INPUT_MUX_X27_Y16_N0_I28            ; LEIM_INPUT                                                                                  ;
;   26.640 ;   -0.001 ; FF ; IC   ; 1      ; LABCELL_X27_Y16_N18                       ; u_soc|crypto_accelerator|u_core|u_aes|u_sub_byte_core|data_out_f[7]~7|datac                 ;
;   27.054 ;   0.414  ; FF ; CELL ; 20     ; LABCELL_X27_Y16_N18                       ; u_soc|crypto_accelerator|u_core|u_aes|u_sub_byte_core|data_out_f[7]~7|combout               ;
;   27.054 ;   0.000  ;    ; RE   ; 2      ; LABCELL_X27_Y16_N18                       ; ARRIAV_LCELL_COMB                                                                           ;
;   27.149 ;   0.095  ;    ; RE   ; 5      ; LE_BUFFER_X27_Y16_N0_I12                  ; LE_BUFFER                                                                                   ;
;   27.376 ;   0.227  ;    ; RE   ; 2      ; C2_X27_Y14_N0_I12                         ; V_SEG2                                                                                      ;
;   27.605 ;   0.229  ;    ; RE   ; 3      ; C2_X27_Y12_N0_I12                         ; V_SEG2                                                                                      ;
;   27.826 ;   0.221  ;    ; RE   ; 1      ; R6_X28_Y13_N0_I17                         ; H_SEG6                                                                                      ;
;   28.035 ;   0.209  ;    ; RE   ; 1      ; R3_X28_Y13_N0_I7                          ; H_SEG3                                                                                      ;
;   28.186 ;   0.151  ;    ; RE   ; 1      ; LOCAL_INTERCONNECT_X28_Y13_N0_I42         ; LAB_LINE                                                                                    ;
;   28.304 ;   0.118  ;    ; RE   ; 1      ; BLOCK_INPUT_MUX_X28_Y13_N0_I70            ; LEIM_INPUT                                                                                  ;
;   28.305 ;   0.001  ; FF ; IC   ; 1      ; FF_X28_Y13_N53                            ; u_soc|crypto_accelerator|u_core|u_aes|buf_a_f[5][7]|asdata                                  ;
;   28.820 ;   0.515  ; FF ; CELL ; 1      ; FF_X28_Y13_N53                            ; soc:u_soc|axi_slave_top:crypto_accelerator|axi_slave_core:u_core|aes:u_aes|buf_a_f[5][7]    ;
+----------+----------+----+------+--------+-------------------------------------------+---------------------------------------------------------------------------------------------+

+----------------------------------------------------------------------------------------------------------------------------------------------------+
; Data Required Path                                                                                                                                 ;
+---------+---------+----+------+--------+----------------+------------------------------------------------------------------------------------------+
; Total   ; Incr    ; RF ; Type ; Fanout ; Location       ; Element                                                                                  ;
+---------+---------+----+------+--------+----------------+------------------------------------------------------------------------------------------+
; 1.000   ; 1.000   ;    ;      ;        ;                ; latch edge time                                                                          ;
; 4.636   ; 3.636   ;    ;      ;        ;                ; clock path                                                                               ;
;   4.580 ;   3.580 ; R  ;      ;        ;                ; clock network delay                                                                      ;
;   4.636 ;   0.056 ;    ;      ;        ;                ; clock pessimism removed                                                                  ;
; 4.466   ; -0.170  ;    ;      ;        ;                ; clock uncertainty                                                                        ;
; 4.466   ; 0.000   ;    ; uTsu ; 1      ; FF_X28_Y13_N53 ; soc:u_soc|axi_slave_top:crypto_accelerator|axi_slave_core:u_core|aes:u_aes|buf_a_f[5][7] ;
+---------+---------+----+------+--------+----------------+------------------------------------------------------------------------------------------+

----------------------------
; Extra Fitter Information ;
----------------------------
HTML report is unavailable in plain text report export.


Path #9: Setup slack is -24.351 (VIOLATED)
===============================================================================
+---------------------------------------------------------------------------------------------------------------+
; Path Summary                                                                                                  ;
+--------------------+------------------------------------------------------------------------------------------+
; Property           ; Value                                                                                    ;
+--------------------+------------------------------------------------------------------------------------------+
; From Node          ; soc:u_soc|axi_slave_top:crypto_accelerator|axi_slave_core:u_core|aes:u_aes|kexp_i[1]     ;
; To Node            ; soc:u_soc|axi_slave_top:crypto_accelerator|axi_slave_core:u_core|aes:u_aes|buf_a_f[5][7] ;
; Launch Clock       ; CLOCK_50                                                                                 ;
; Latch Clock        ; CLOCK_50                                                                                 ;
; Data Arrival Time  ; 28.817                                                                                   ;
; Data Required Time ; 4.466                                                                                    ;
; Slack              ; -24.351 (VIOLATED)                                                                       ;
+--------------------+------------------------------------------------------------------------------------------+

+----------------------------------------------------------------------------------------+
; Statistics                                                                             ;
+---------------------------+--------+-------+-------------+------------+--------+-------+
; Property                  ; Value  ; Count ; Total Delay ; % of Total ; Min    ; Max   ;
+---------------------------+--------+-------+-------------+------------+--------+-------+
; Setup Relationship        ; 1.000  ;       ;             ;            ;        ;       ;
; Clock Skew                ; -0.423 ;       ;             ;            ;        ;       ;
; Data Delay                ; 24.758 ;       ;             ;            ;        ;       ;
; Number of Logic Levels    ;        ; 32    ;             ;            ;        ;       ;
; Physical Delays           ;        ;       ;             ;            ;        ;       ;
;  Arrival Path             ;        ;       ;             ;            ;        ;       ;
;   Clock                   ;        ;       ;             ;            ;        ;       ;
;    Clock Network (Lumped) ;        ; 1     ; 4.059       ; 100        ; 4.059  ; 4.059 ;
;   Data                    ;        ;       ;             ;            ;        ;       ;
;    IC                     ;        ; 33    ; -0.002      ; 0          ; -0.001 ; 0.001 ;
;    Cell                   ;        ; 34    ; 8.255       ; 33         ; 0.000  ; 0.515 ;
;    uTco                   ;        ; 1     ; 0.000       ; 0          ; 0.000  ; 0.000 ;
;    Routing Element        ;        ; 152   ; 16.505      ; 67         ; 0.000  ; 0.401 ;
;  Required Path            ;        ;       ;             ;            ;        ;       ;
;   Clock                   ;        ;       ;             ;            ;        ;       ;
;    Clock Network (Lumped) ;        ; 1     ; 3.580       ; 100        ; 3.580  ; 3.580 ;
+---------------------------+--------+-------+-------------+------------+--------+-------+
Note: Negative delays are omitted from totals when calculating percentages

+------------------------------------------------------------------------------------------------------------------------------------------------------------------------------------+
; Data Arrival Path                                                                                                                                                                  ;
+----------+----------+----+------+--------+-------------------------------------------+---------------------------------------------------------------------------------------------+
; Total    ; Incr     ; RF ; Type ; Fanout ; Location                                  ; Element                                                                                     ;
+----------+----------+----+------+--------+-------------------------------------------+---------------------------------------------------------------------------------------------+
; 0.000    ; 0.000    ;    ;      ;        ;                                           ; launch edge time                                                                            ;
; 4.059    ; 4.059    ;    ;      ;        ;                                           ; clock path                                                                                  ;
;   4.059  ;   4.059  ; R  ;      ;        ;                                           ; clock network delay                                                                         ;
; 28.817   ; 24.758   ;    ;      ;        ;                                           ; data path                                                                                   ;
;   4.059  ;   0.000  ;    ; uTco ; 1      ; FF_X30_Y23_N2                             ; soc:u_soc|axi_slave_top:crypto_accelerator|axi_slave_core:u_core|aes:u_aes|kexp_i[1]        ;
;   4.059  ;   0.000  ; FF ; CELL ; 239    ; FF_X30_Y23_N2                             ; u_soc|crypto_accelerator|u_core|u_aes|kexp_i[1]|q                                           ;
;   4.109  ;   0.050  ;    ; RE   ; 3      ; FF_X30_Y23_N2                             ; ARRIAV_FF                                                                                   ;
;   4.197  ;   0.088  ;    ; RE   ; 5      ; LE_BUFFER_X30_Y23_N0_I1                   ; LE_BUFFER                                                                                   ;
;   4.598  ;   0.401  ;    ; RE   ; 8      ; R6_X30_Y23_N0_I11                         ; H_SEG6                                                                                      ;
;   4.941  ;   0.343  ;    ; RE   ; 3      ; R6_X35_Y23_N0_I10                         ; H_SEG6                                                                                      ;
;   5.177  ;   0.236  ;    ; RE   ; 2      ; LOCAL_INTERCONNECT_X36_Y23_N0_I1          ; LAB_LINE                                                                                    ;
;   5.299  ;   0.122  ;    ; RE   ; 1      ; BLOCK_INPUT_MUX_X36_Y23_N0_I64            ; LEIM_INPUT                                                                                  ;
;   5.299  ;   0.000  ; FF ; IC   ; 1      ; LABCELL_X36_Y23_N48                       ; u_soc|crypto_accelerator|u_core|u_aes|sb_in_f~20|datad                                      ;
;   5.587  ;   0.288  ; FF ; CELL ; 3      ; LABCELL_X36_Y23_N48                       ; u_soc|crypto_accelerator|u_core|u_aes|sb_in_f~20|combout                                    ;
;   5.587  ;   0.000  ;    ; RE   ; 2      ; LABCELL_X36_Y23_N48                       ; ARRIAV_LCELL_COMB                                                                           ;
;   5.664  ;   0.077  ;    ; RE   ; 1      ; LOCAL_LINE_X36_Y23_N0_I16                 ; LOCAL_LINE                                                                                  ;
;   5.785  ;   0.121  ;    ; RE   ; 1      ; BLOCK_INPUT_MUX_X36_Y23_N0_I28            ; LEIM_INPUT                                                                                  ;
;   5.785  ;   0.000  ; FF ; IC   ; 1      ; LABCELL_X36_Y23_N18                       ; u_soc|crypto_accelerator|u_core|u_aes|sb_in_f~22|datac                                      ;
;   6.202  ;   0.417  ; FF ; CELL ; 48     ; LABCELL_X36_Y23_N18                       ; u_soc|crypto_accelerator|u_core|u_aes|sb_in_f~22|combout                                    ;
;   6.202  ;   0.000  ;    ; RE   ; 2      ; LABCELL_X36_Y23_N18                       ; ARRIAV_LCELL_COMB                                                                           ;
;   6.299  ;   0.097  ;    ; RE   ; 2      ; LE_BUFFER_X36_Y23_N0_I13                  ; LE_BUFFER                                                                                   ;
;   6.497  ;   0.198  ;    ; RE   ; 2      ; R3_X36_Y23_N0_I1                          ; H_SEG3                                                                                      ;
;   6.497  ;   0.000  ;    ; RE   ; 2      ; R14_C12_INTERCONNECT_DRIVER_X36_Y23_N0_I1 ; WIRE_MUX                                                                                    ;
;   6.740  ;   0.243  ;    ; RE   ; 2      ; R14_X23_Y23_N0_I1                         ; H_SEG14                                                                                     ;
;   6.966  ;   0.226  ;    ; RE   ; 1      ; C2_X22_Y21_N0_I15                         ; V_SEG2                                                                                      ;
;   7.290  ;   0.324  ;    ; RE   ; 1      ; R6_X17_Y21_N0_I26                         ; H_SEG6                                                                                      ;
;   7.504  ;   0.214  ;    ; RE   ; 3      ; LOCAL_INTERCONNECT_X19_Y21_N0_I12         ; LAB_LINE                                                                                    ;
;   7.618  ;   0.114  ;    ; RE   ; 1      ; BLOCK_INPUT_MUX_X19_Y21_N0_I71            ; LEIM_INPUT                                                                                  ;
;   7.618  ;   0.000  ; FF ; IC   ; 1      ; LABCELL_X19_Y21_N51                       ; u_soc|crypto_accelerator|u_core|u_aes|sb_in_f~545|dataf                                     ;
;   7.689  ;   0.071  ; FF ; CELL ; 1      ; LABCELL_X19_Y21_N51                       ; u_soc|crypto_accelerator|u_core|u_aes|sb_in_f~545|combout                                   ;
;   7.689  ;   0.000  ;    ; RE   ; 1      ; LABCELL_X19_Y21_N51                       ; ARRIAV_LCELL_COMB                                                                           ;
;   7.745  ;   0.056  ;    ; RE   ; 1      ; LE_BUFFER_X19_Y21_N0_I34                  ; LE_BUFFER                                                                                   ;
;   7.885  ;   0.140  ;    ; RE   ; 1      ; R3_X17_Y21_N0_I21                         ; H_SEG3                                                                                      ;
;   7.885  ;   0.000  ;    ; RE   ; 1      ; R14_C12_INTERCONNECT_DRIVER_X19_Y21_N0_I2 ; WIRE_MUX                                                                                    ;
;   8.123  ;   0.238  ;    ; RE   ; 1      ; R14_X20_Y21_N0_I0                         ; H_SEG14                                                                                     ;
;   8.332  ;   0.209  ;    ; RE   ; 1      ; C2_X30_Y22_N0_I7                          ; V_SEG2                                                                                      ;
;   8.509  ;   0.177  ;    ; RE   ; 1      ; R6_X31_Y22_N0_I16                         ; H_SEG6                                                                                      ;
;   8.677  ;   0.168  ;    ; RE   ; 1      ; LOCAL_INTERCONNECT_X31_Y22_N0_I16         ; LAB_LINE                                                                                    ;
;   8.784  ;   0.107  ;    ; RE   ; 1      ; BLOCK_INPUT_MUX_X31_Y22_N0_I56            ; LEIM_INPUT                                                                                  ;
;   8.784  ;   0.000  ; FF ; IC   ; 1      ; LABCELL_X31_Y22_N42                       ; u_soc|crypto_accelerator|u_core|u_aes|sb_in_f~761|datad                                     ;
;   9.086  ;   0.302  ; FR ; CELL ; 1      ; LABCELL_X31_Y22_N42                       ; u_soc|crypto_accelerator|u_core|u_aes|sb_in_f~761|combout                                   ;
;   9.086  ;   0.000  ;    ; RE   ; 1      ; LABCELL_X31_Y22_N42                       ; ARRIAV_LCELL_COMB                                                                           ;
;   9.174  ;   0.088  ;    ; RE   ; 1      ; LOCAL_LINE_X31_Y22_N0_I14                 ; LOCAL_LINE                                                                                  ;
;   9.279  ;   0.105  ;    ; RE   ; 1      ; BLOCK_INPUT_MUX_X31_Y22_N0_I65            ; LEIM_INPUT                                                                                  ;
;   9.279  ;   0.000  ; RR ; IC   ; 1      ; LABCELL_X31_Y22_N48                       ; u_soc|crypto_accelerator|u_core|u_aes|sb_in_f~546|dataf                                     ;
;   9.357  ;   0.078  ; RR ; CELL ; 1      ; LABCELL_X31_Y22_N48                       ; u_soc|crypto_accelerator|u_core|u_aes|sb_in_f~546|combout                                   ;
;   9.357  ;   0.000  ;    ; RE   ; 1      ; LABCELL_X31_Y22_N48                       ; ARRIAV_LCELL_COMB                                                                           ;
;   9.457  ;   0.100  ;    ; RE   ; 1      ; LOCAL_LINE_X31_Y22_N0_I16                 ; LOCAL_LINE                                                                                  ;
;   9.564  ;   0.107  ;    ; RE   ; 1      ; BLOCK_INPUT_MUX_X31_Y22_N0_I17            ; LEIM_INPUT                                                                                  ;
;   9.564  ;   0.000  ; RR ; IC   ; 1      ; LABCELL_X31_Y22_N12                       ; u_soc|crypto_accelerator|u_core|u_aes|sb_in_f~548|dataf                                     ;
;   9.648  ;   0.084  ; RF ; CELL ; 1      ; LABCELL_X31_Y22_N12                       ; u_soc|crypto_accelerator|u_core|u_aes|sb_in_f~548|combout                                   ;
;   9.648  ;   0.000  ;    ; RE   ; 1      ; LABCELL_X31_Y22_N12                       ; ARRIAV_LCELL_COMB                                                                           ;
;   9.730  ;   0.082  ;    ; RE   ; 1      ; LOCAL_LINE_X31_Y22_N0_I4                  ; LOCAL_LINE                                                                                  ;
;   9.855  ;   0.125  ;    ; RE   ; 1      ; BLOCK_INPUT_MUX_X31_Y22_N0_I55            ; LEIM_INPUT                                                                                  ;
;   9.855  ;   0.000  ; FF ; IC   ; 1      ; LABCELL_X31_Y22_N39                       ; u_soc|crypto_accelerator|u_core|u_aes|sb_in_f~550|dataf                                     ;
;   9.926  ;   0.071  ; FF ; CELL ; 1      ; LABCELL_X31_Y22_N39                       ; u_soc|crypto_accelerator|u_core|u_aes|sb_in_f~550|combout                                   ;
;   9.926  ;   0.000  ;    ; RE   ; 1      ; LABCELL_X31_Y22_N39                       ; ARRIAV_LCELL_COMB                                                                           ;
;   9.995  ;   0.069  ;    ; RE   ; 1      ; LE_BUFFER_X31_Y22_N0_I27                  ; LE_BUFFER                                                                                   ;
;   10.173 ;   0.178  ;    ; RE   ; 1      ; C2_X30_Y20_N0_I14                         ; V_SEG2                                                                                      ;
;   10.381 ;   0.208  ;    ; RE   ; 1      ; C2_X30_Y18_N0_I14                         ; V_SEG2                                                                                      ;
;   10.747 ;   0.366  ;    ; RE   ; 1      ; R6_X31_Y18_N0_I5                          ; H_SEG6                                                                                      ;
;   10.991 ;   0.244  ;    ; RE   ; 1      ; LOCAL_INTERCONNECT_X36_Y18_N0_I39         ; LAB_LINE                                                                                    ;
;   11.107 ;   0.116  ;    ; RE   ; 1      ; BLOCK_INPUT_MUX_X36_Y18_N0_I9             ; LEIM_INPUT                                                                                  ;
;   11.107 ;   0.000  ; FF ; IC   ; 1      ; LABCELL_X36_Y18_N6                        ; u_soc|crypto_accelerator|u_core|u_aes|sb_in_f~553|dataf                                     ;
;   11.189 ;   0.082  ; FR ; CELL ; 1      ; LABCELL_X36_Y18_N6                        ; u_soc|crypto_accelerator|u_core|u_aes|sb_in_f~553|combout                                   ;
;   11.189 ;   0.000  ;    ; RE   ; 1      ; LABCELL_X36_Y18_N6                        ; ARRIAV_LCELL_COMB                                                                           ;
;   11.292 ;   0.103  ;    ; RE   ; 1      ; LOCAL_LINE_X36_Y18_N0_I2                  ; LOCAL_LINE                                                                                  ;
;   11.399 ;   0.107  ;    ; RE   ; 1      ; BLOCK_INPUT_MUX_X36_Y18_N0_I65            ; LEIM_INPUT                                                                                  ;
;   11.399 ;   0.000  ; RR ; IC   ; 1      ; LABCELL_X36_Y18_N48                       ; u_soc|crypto_accelerator|u_core|u_aes|sb_in_f~555|dataf                                     ;
;   11.477 ;   0.078  ; RR ; CELL ; 1      ; LABCELL_X36_Y18_N48                       ; u_soc|crypto_accelerator|u_core|u_aes|sb_in_f~555|combout                                   ;
;   11.477 ;   0.000  ;    ; RE   ; 1      ; LABCELL_X36_Y18_N48                       ; ARRIAV_LCELL_COMB                                                                           ;
;   11.570 ;   0.093  ;    ; RE   ; 1      ; LOCAL_LINE_X36_Y18_N0_I16                 ; LOCAL_LINE                                                                                  ;
;   11.675 ;   0.105  ;    ; RE   ; 1      ; BLOCK_INPUT_MUX_X36_Y18_N0_I41            ; LEIM_INPUT                                                                                  ;
;   11.675 ;   0.000  ; RR ; IC   ; 1      ; LABCELL_X36_Y18_N30                       ; u_soc|crypto_accelerator|u_core|u_aes|sb_in_f~557|dataf                                     ;
;   11.753 ;   0.078  ; RR ; CELL ; 1      ; LABCELL_X36_Y18_N30                       ; u_soc|crypto_accelerator|u_core|u_aes|sb_in_f~557|combout                                   ;
;   11.753 ;   0.000  ;    ; RE   ; 1      ; LABCELL_X36_Y18_N30                       ; ARRIAV_LCELL_COMB                                                                           ;
;   11.865 ;   0.112  ;    ; RE   ; 1      ; LOCAL_LINE_X36_Y18_N0_I10                 ; LOCAL_LINE                                                                                  ;
;   11.971 ;   0.106  ;    ; RE   ; 1      ; BLOCK_INPUT_MUX_X36_Y18_N0_I17            ; LEIM_INPUT                                                                                  ;
;   11.972 ;   0.001  ; RR ; IC   ; 1      ; LABCELL_X36_Y18_N12                       ; u_soc|crypto_accelerator|u_core|u_aes|sb_in_f~559|dataf                                     ;
;   12.050 ;   0.078  ; RR ; CELL ; 1      ; LABCELL_X36_Y18_N12                       ; u_soc|crypto_accelerator|u_core|u_aes|sb_in_f~559|combout                                   ;
;   12.050 ;   0.000  ;    ; RE   ; 1      ; LABCELL_X36_Y18_N12                       ; ARRIAV_LCELL_COMB                                                                           ;
;   12.142 ;   0.092  ;    ; RE   ; 1      ; LOCAL_LINE_X36_Y18_N0_I4                  ; LOCAL_LINE                                                                                  ;
;   12.248 ;   0.106  ;    ; RE   ; 1      ; BLOCK_INPUT_MUX_X36_Y18_N0_I25            ; LEIM_INPUT                                                                                  ;
;   12.248 ;   0.000  ; RR ; IC   ; 1      ; LABCELL_X36_Y18_N18                       ; u_soc|crypto_accelerator|u_core|u_aes|sb_in_f~561|dataf                                     ;
;   12.325 ;   0.077  ; RR ; CELL ; 1      ; LABCELL_X36_Y18_N18                       ; u_soc|crypto_accelerator|u_core|u_aes|sb_in_f~561|combout                                   ;
;   12.325 ;   0.000  ;    ; RE   ; 1      ; LABCELL_X36_Y18_N18                       ; ARRIAV_LCELL_COMB                                                                           ;
;   12.434 ;   0.109  ;    ; RE   ; 1      ; LE_BUFFER_X36_Y18_N0_I13                  ; LE_BUFFER                                                                                   ;
;   12.538 ;   0.104  ;    ; RE   ; 1      ; LOCAL_INTERCONNECT_X35_Y18_N0_I36         ; LAB_LINE                                                                                    ;
;   12.641 ;   0.103  ;    ; RE   ; 1      ; BLOCK_INPUT_MUX_X35_Y18_N0_I33            ; LEIM_INPUT                                                                                  ;
;   12.642 ;   0.001  ; RR ; IC   ; 1      ; LABCELL_X35_Y18_N24                       ; u_soc|crypto_accelerator|u_core|u_aes|sb_in_f~563|dataf                                     ;
;   12.720 ;   0.078  ; RR ; CELL ; 1      ; LABCELL_X35_Y18_N24                       ; u_soc|crypto_accelerator|u_core|u_aes|sb_in_f~563|combout                                   ;
;   12.720 ;   0.000  ;    ; RE   ; 1      ; LABCELL_X35_Y18_N24                       ; ARRIAV_LCELL_COMB                                                                           ;
;   12.809 ;   0.089  ;    ; RE   ; 1      ; LOCAL_LINE_X35_Y18_N0_I8                  ; LOCAL_LINE                                                                                  ;
;   12.913 ;   0.104  ;    ; RE   ; 1      ; BLOCK_INPUT_MUX_X35_Y18_N0_I25            ; LEIM_INPUT                                                                                  ;
;   12.913 ;   0.000  ; RR ; IC   ; 1      ; LABCELL_X35_Y18_N18                       ; u_soc|crypto_accelerator|u_core|u_aes|sb_in_f~565|dataf                                     ;
;   12.990 ;   0.077  ; RR ; CELL ; 1      ; LABCELL_X35_Y18_N18                       ; u_soc|crypto_accelerator|u_core|u_aes|sb_in_f~565|combout                                   ;
;   12.990 ;   0.000  ;    ; RE   ; 1      ; LABCELL_X35_Y18_N18                       ; ARRIAV_LCELL_COMB                                                                           ;
;   13.075 ;   0.085  ;    ; RE   ; 1      ; LE_BUFFER_X35_Y18_N0_I13                  ; LE_BUFFER                                                                                   ;
;   13.182 ;   0.107  ;    ; RE   ; 1      ; LOCAL_INTERCONNECT_X34_Y18_N0_I36         ; LAB_LINE                                                                                    ;
;   13.286 ;   0.104  ;    ; RE   ; 1      ; BLOCK_INPUT_MUX_X34_Y18_N0_I1             ; LEIM_INPUT                                                                                  ;
;   13.287 ;   0.001  ; RR ; IC   ; 1      ; MLABCELL_X34_Y18_N0                       ; u_soc|crypto_accelerator|u_core|u_aes|sb_in_f~567|dataf                                     ;
;   13.364 ;   0.077  ; RR ; CELL ; 1      ; MLABCELL_X34_Y18_N0                       ; u_soc|crypto_accelerator|u_core|u_aes|sb_in_f~567|combout                                   ;
;   13.364 ;   0.000  ;    ; RE   ; 1      ; MLABCELL_X34_Y18_N0                       ; ARRIAV_LCELL_COMB                                                                           ;
;   13.469 ;   0.105  ;    ; RE   ; 1      ; LE_BUFFER_X34_Y18_N0_I1                   ; LE_BUFFER                                                                                   ;
;   13.647 ;   0.178  ;    ; RE   ; 1      ; C2_X33_Y16_N0_I18                         ; V_SEG2                                                                                      ;
;   13.831 ;   0.184  ;    ; RE   ; 1      ; R3_X31_Y17_N0_I20                         ; H_SEG3                                                                                      ;
;   13.970 ;   0.139  ;    ; RE   ; 1      ; LOCAL_INTERCONNECT_X31_Y17_N0_I28         ; LAB_LINE                                                                                    ;
;   14.073 ;   0.103  ;    ; RE   ; 1      ; BLOCK_INPUT_MUX_X31_Y17_N0_I17            ; LEIM_INPUT                                                                                  ;
;   14.072 ;   -0.001 ; RR ; IC   ; 1      ; LABCELL_X31_Y17_N12                       ; u_soc|crypto_accelerator|u_core|u_aes|sb_in_f~569|dataf                                     ;
;   14.150 ;   0.078  ; RR ; CELL ; 1      ; LABCELL_X31_Y17_N12                       ; u_soc|crypto_accelerator|u_core|u_aes|sb_in_f~569|combout                                   ;
;   14.150 ;   0.000  ;    ; RE   ; 1      ; LABCELL_X31_Y17_N12                       ; ARRIAV_LCELL_COMB                                                                           ;
;   14.247 ;   0.097  ;    ; RE   ; 1      ; LOCAL_LINE_X31_Y17_N0_I4                  ; LOCAL_LINE                                                                                  ;
;   14.353 ;   0.106  ;    ; RE   ; 1      ; BLOCK_INPUT_MUX_X31_Y17_N0_I1             ; LEIM_INPUT                                                                                  ;
;   14.353 ;   0.000  ; RR ; IC   ; 1      ; LABCELL_X31_Y17_N0                        ; u_soc|crypto_accelerator|u_core|u_aes|Selector4548~1|dataf                                  ;
;   14.439 ;   0.086  ; RF ; CELL ; 4      ; LABCELL_X31_Y17_N0                        ; u_soc|crypto_accelerator|u_core|u_aes|Selector4548~1|combout                                ;
;   14.439 ;   0.000  ;    ; RE   ; 2      ; LABCELL_X31_Y17_N0                        ; ARRIAV_LCELL_COMB                                                                           ;
;   14.494 ;   0.055  ;    ; RE   ; 1      ; LE_BUFFER_X31_Y17_N0_I0                   ; LE_BUFFER                                                                                   ;
;   14.644 ;   0.150  ;    ; RE   ; 1      ; R6_X26_Y17_N0_I22                         ; H_SEG6                                                                                      ;
;   14.831 ;   0.187  ;    ; RE   ; 1      ; LOCAL_INTERCONNECT_X31_Y17_N0_I35         ; LAB_LINE                                                                                    ;
;   14.942 ;   0.111  ;    ; RE   ; 1      ; BLOCK_INPUT_MUX_X31_Y17_N0_I77            ; LEIM_INPUT                                                                                  ;
;   14.942 ;   0.000  ; FF ; IC   ; 1      ; LABCELL_X31_Y17_N57                       ; u_soc|crypto_accelerator|u_core|u_aes|u_sub_byte_core|gf_in_f[4]~1|datac                    ;
;   15.355 ;   0.413  ; FF ; CELL ; 8      ; LABCELL_X31_Y17_N57                       ; u_soc|crypto_accelerator|u_core|u_aes|u_sub_byte_core|gf_in_f[4]~1|combout                  ;
;   15.355 ;   0.000  ;    ; RE   ; 2      ; LABCELL_X31_Y17_N57                       ; ARRIAV_LCELL_COMB                                                                           ;
;   15.414 ;   0.059  ;    ; RE   ; 2      ; LE_BUFFER_X31_Y17_N0_I38                  ; LE_BUFFER                                                                                   ;
;   15.578 ;   0.164  ;    ; RE   ; 3      ; C4_X31_Y13_N0_I9                          ; V_SEG4                                                                                      ;
;   15.832 ;   0.254  ;    ; RE   ; 1      ; R6_X26_Y16_N0_I24                         ; H_SEG6                                                                                      ;
;   16.039 ;   0.207  ;    ; RE   ; 1      ; LOCAL_INTERCONNECT_X30_Y16_N0_I37         ; LAB_LINE                                                                                    ;
;   16.158 ;   0.119  ;    ; RE   ; 1      ; BLOCK_INPUT_MUX_X30_Y16_N0_I29            ; LEIM_INPUT                                                                                  ;
;   16.158 ;   0.000  ; FF ; IC   ; 1      ; LABCELL_X30_Y16_N21                       ; u_soc|crypto_accelerator|u_core|u_aes|u_sub_byte_core|gf_0|al_sq_f[3]|datac                 ;
;   16.575 ;   0.417  ; FF ; CELL ; 12     ; LABCELL_X30_Y16_N21                       ; u_soc|crypto_accelerator|u_core|u_aes|u_sub_byte_core|gf_0|al_sq_f[3]|combout               ;
;   16.575 ;   0.000  ;    ; RE   ; 3      ; LABCELL_X30_Y16_N21                       ; ARRIAV_LCELL_COMB                                                                           ;
;   16.647 ;   0.072  ;    ; RE   ; 3      ; LE_BUFFER_X30_Y16_N0_I14                  ; LE_BUFFER                                                                                   ;
;   16.783 ;   0.136  ;    ; RE   ; 3      ; LOCAL_INTERCONNECT_X31_Y16_N0_I25         ; LAB_LINE                                                                                    ;
;   16.874 ;   0.091  ;    ; RE   ; 1      ; BLOCK_INPUT_MUX_X31_Y16_N0_I50            ; LEIM_INPUT                                                                                  ;
;   16.874 ;   0.000  ; FF ; IC   ; 1      ; LABCELL_X31_Y16_N39                       ; u_soc|crypto_accelerator|u_core|u_aes|u_sub_byte_core|gf_0|dr_xor2~18|dataa                 ;
;   17.343 ;   0.469  ; FR ; CELL ; 3      ; LABCELL_X31_Y16_N39                       ; u_soc|crypto_accelerator|u_core|u_aes|u_sub_byte_core|gf_0|dr_xor2~18|combout               ;
;   17.343 ;   0.000  ;    ; RE   ; 2      ; LABCELL_X31_Y16_N39                       ; ARRIAV_LCELL_COMB                                                                           ;
;   17.449 ;   0.106  ;    ; RE   ; 2      ; LOCAL_LINE_X31_Y16_N0_I13                 ; LOCAL_LINE                                                                                  ;
;   17.559 ;   0.110  ;    ; RE   ; 1      ; BLOCK_INPUT_MUX_X31_Y16_N0_I5             ; LEIM_INPUT                                                                                  ;
;   17.559 ;   0.000  ; RR ; IC   ; 1      ; LABCELL_X31_Y16_N0                        ; u_soc|crypto_accelerator|u_core|u_aes|u_sub_byte_core|gf_0|dr_xor2~19|datad                 ;
;   17.982 ;   0.423  ; RF ; CELL ; 4      ; LABCELL_X31_Y16_N0                        ; u_soc|crypto_accelerator|u_core|u_aes|u_sub_byte_core|gf_0|dr_xor2~19|combout               ;
;   17.982 ;   0.000  ;    ; RE   ; 1      ; LABCELL_X31_Y16_N0                        ; ARRIAV_LCELL_COMB                                                                           ;
;   18.044 ;   0.062  ;    ; RE   ; 2      ; LE_BUFFER_X31_Y16_N0_I0                   ; LE_BUFFER                                                                                   ;
;   18.196 ;   0.152  ;    ; RE   ; 1      ; C2_X31_Y14_N0_I18                         ; V_SEG2                                                                                      ;
;   18.394 ;   0.198  ;    ; RE   ; 1      ; R6_X26_Y15_N0_I25                         ; H_SEG6                                                                                      ;
;   18.589 ;   0.195  ;    ; RE   ; 1      ; LOCAL_INTERCONNECT_X31_Y15_N0_I40         ; LAB_LINE                                                                                    ;
;   18.682 ;   0.093  ;    ; RE   ; 2      ; BLOCK_INPUT_MUX_X31_Y15_N0_I75            ; LEIM_INPUT                                                                                  ;
;   18.682 ;   0.000  ; FF ; IC   ; 1      ; LABCELL_X31_Y15_N54                       ; u_soc|crypto_accelerator|u_core|u_aes|u_sub_byte_core|gf_0|ah_mul_al_t[1]~1|datab           ;
;   19.162 ;   0.480  ; FF ; CELL ; 2      ; LABCELL_X31_Y15_N54                       ; u_soc|crypto_accelerator|u_core|u_aes|u_sub_byte_core|gf_0|ah_mul_al_t[1]~1|combout         ;
;   19.162 ;   0.000  ;    ; RE   ; 2      ; LABCELL_X31_Y15_N54                       ; ARRIAV_LCELL_COMB                                                                           ;
;   19.243 ;   0.081  ;    ; RE   ; 1      ; LOCAL_LINE_X31_Y15_N0_I18                 ; LOCAL_LINE                                                                                  ;
;   19.366 ;   0.123  ;    ; RE   ; 1      ; BLOCK_INPUT_MUX_X31_Y15_N0_I46            ; LEIM_INPUT                                                                                  ;
;   19.366 ;   0.000  ; FF ; IC   ; 1      ; LABCELL_X31_Y15_N33                       ; u_soc|crypto_accelerator|u_core|u_aes|u_sub_byte_core|gf_0|dr_xor2~27|datae                 ;
;   19.622 ;   0.256  ; FF ; CELL ; 6      ; LABCELL_X31_Y15_N33                       ; u_soc|crypto_accelerator|u_core|u_aes|u_sub_byte_core|gf_0|dr_xor2~27|combout               ;
;   19.622 ;   0.000  ;    ; RE   ; 2      ; LABCELL_X31_Y15_N33                       ; ARRIAV_LCELL_COMB                                                                           ;
;   19.692 ;   0.070  ;    ; RE   ; 1      ; LE_BUFFER_X31_Y15_N0_I23                  ; LE_BUFFER                                                                                   ;
;   19.845 ;   0.153  ;    ; RE   ; 1      ; R6_X31_Y15_N0_I16                         ; H_SEG6                                                                                      ;
;   20.013 ;   0.168  ;    ; RE   ; 1      ; LOCAL_INTERCONNECT_X31_Y15_N0_I16         ; LAB_LINE                                                                                    ;
;   20.115 ;   0.102  ;    ; RE   ; 1      ; BLOCK_INPUT_MUX_X31_Y15_N0_I54            ; LEIM_INPUT                                                                                  ;
;   20.114 ;   -0.001 ; FF ; IC   ; 1      ; LABCELL_X31_Y15_N39                       ; u_soc|crypto_accelerator|u_core|u_aes|u_sub_byte_core|gf_0|d_f[1]|datad                     ;
;   20.418 ;   0.304  ; FF ; CELL ; 17     ; LABCELL_X31_Y15_N39                       ; u_soc|crypto_accelerator|u_core|u_aes|u_sub_byte_core|gf_0|d_f[1]|combout                   ;
;   20.418 ;   0.000  ;    ; RE   ; 2      ; LABCELL_X31_Y15_N39                       ; ARRIAV_LCELL_COMB                                                                           ;
;   20.502 ;   0.084  ;    ; RE   ; 5      ; LE_BUFFER_X31_Y15_N0_I26                  ; LE_BUFFER                                                                                   ;
;   20.671 ;   0.169  ;    ; RE   ; 1      ; C2_X31_Y16_N0_I10                         ; V_SEG2                                                                                      ;
;   20.871 ;   0.200  ;    ; RE   ; 2      ; R3_X29_Y16_N0_I14                         ; H_SEG3                                                                                      ;
;   21.011 ;   0.140  ;    ; RE   ; 1      ; LOCAL_INTERCONNECT_X29_Y16_N0_I2          ; LAB_LINE                                                                                    ;
;   21.112 ;   0.101  ;    ; RE   ; 1      ; BLOCK_INPUT_MUX_X29_Y16_N0_I30            ; LEIM_INPUT                                                                                  ;
;   21.111 ;   -0.001 ; FF ; IC   ; 1      ; LABCELL_X29_Y16_N21                       ; u_soc|crypto_accelerator|u_core|u_aes|u_sub_byte_core|gf_0|d_inv_t[3]~6|datae               ;
;   21.367 ;   0.256  ; FF ; CELL ; 3      ; LABCELL_X29_Y16_N21                       ; u_soc|crypto_accelerator|u_core|u_aes|u_sub_byte_core|gf_0|d_inv_t[3]~6|combout             ;
;   21.367 ;   0.000  ;    ; RE   ; 2      ; LABCELL_X29_Y16_N21                       ; ARRIAV_LCELL_COMB                                                                           ;
;   21.443 ;   0.076  ;    ; RE   ; 2      ; LOCAL_LINE_X29_Y16_N0_I7                  ; LOCAL_LINE                                                                                  ;
;   21.566 ;   0.123  ;    ; RE   ; 1      ; BLOCK_INPUT_MUX_X29_Y16_N0_I8             ; LEIM_INPUT                                                                                  ;
;   21.566 ;   0.000  ; FF ; IC   ; 1      ; LABCELL_X29_Y16_N6                        ; u_soc|crypto_accelerator|u_core|u_aes|u_sub_byte_core|gf_0|d_inv_t[3]~7|datad               ;
;   21.869 ;   0.303  ; FR ; CELL ; 8      ; LABCELL_X29_Y16_N6                        ; u_soc|crypto_accelerator|u_core|u_aes|u_sub_byte_core|gf_0|d_inv_t[3]~7|combout             ;
;   21.869 ;   0.000  ;    ; RE   ; 2      ; LABCELL_X29_Y16_N6                        ; ARRIAV_LCELL_COMB                                                                           ;
;   21.968 ;   0.099  ;    ; RE   ; 3      ; LE_BUFFER_X29_Y16_N0_I5                   ; LE_BUFFER                                                                                   ;
;   22.154 ;   0.186  ;    ; RE   ; 1      ; C4_X28_Y12_N0_I5                          ; V_SEG4                                                                                      ;
;   22.293 ;   0.139  ;    ; RE   ; 2      ; LOCAL_INTERCONNECT_X28_Y14_N0_I32         ; LAB_LINE                                                                                    ;
;   22.378 ;   0.085  ;    ; RE   ; 2      ; BLOCK_INPUT_MUX_X28_Y14_N0_I2             ; LEIM_INPUT                                                                                  ;
;   22.377 ;   -0.001 ; RR ; IC   ; 1      ; MLABCELL_X28_Y14_N0                       ; u_soc|crypto_accelerator|u_core|u_aes|u_sub_byte_core|gf_0|dr_xor2~60|dataa                 ;
;   22.866 ;   0.489  ; RR ; CELL ; 3      ; MLABCELL_X28_Y14_N0                       ; u_soc|crypto_accelerator|u_core|u_aes|u_sub_byte_core|gf_0|dr_xor2~60|combout               ;
;   22.866 ;   0.000  ;    ; RE   ; 1      ; MLABCELL_X28_Y14_N0                       ; ARRIAV_LCELL_COMB                                                                           ;
;   23.010 ;   0.144  ;    ; RE   ; 3      ; LOCAL_LINE_X28_Y14_N0_I0                  ; LOCAL_LINE                                                                                  ;
;   23.116 ;   0.106  ;    ; RE   ; 1      ; BLOCK_INPUT_MUX_X28_Y14_N0_I46            ; LEIM_INPUT                                                                                  ;
;   23.116 ;   0.000  ; RR ; IC   ; 1      ; MLABCELL_X28_Y14_N33                      ; u_soc|crypto_accelerator|u_core|u_aes|u_sub_byte_core|gf_0|dr_xor2~63|datad                 ;
;   23.340 ;   0.224  ; RR ; CELL ; 3      ; MLABCELL_X28_Y14_N33                      ; u_soc|crypto_accelerator|u_core|u_aes|u_sub_byte_core|gf_0|dr_xor2~63|combout               ;
;   23.340 ;   0.000  ;    ; RE   ; 1      ; MLABCELL_X28_Y14_N33                      ; ARRIAV_LCELL_COMB                                                                           ;
;   23.449 ;   0.109  ;    ; RE   ; 2      ; LOCAL_LINE_X28_Y14_N0_I11                 ; LOCAL_LINE                                                                                  ;
;   23.570 ;   0.121  ;    ; RE   ; 1      ; BLOCK_INPUT_MUX_X28_Y14_N0_I68            ; LEIM_INPUT                                                                                  ;
;   23.570 ;   0.000  ; RR ; IC   ; 1      ; MLABCELL_X28_Y14_N48                      ; u_soc|crypto_accelerator|u_core|u_aes|u_sub_byte_core|gf_0|ah_out_f[0]~2|datac              ;
;   23.918 ;   0.348  ; RR ; CELL ; 6      ; MLABCELL_X28_Y14_N48                      ; u_soc|crypto_accelerator|u_core|u_aes|u_sub_byte_core|gf_0|ah_out_f[0]~2|combout            ;
;   23.918 ;   0.000  ;    ; RE   ; 1      ; MLABCELL_X28_Y14_N48                      ; ARRIAV_LCELL_COMB                                                                           ;
;   23.998 ;   0.080  ;    ; RE   ; 2      ; LE_BUFFER_X28_Y14_N0_I32                  ; LE_BUFFER                                                                                   ;
;   24.144 ;   0.146  ;    ; RE   ; 1      ; C2_X28_Y15_N0_I4                          ; V_SEG2                                                                                      ;
;   24.278 ;   0.134  ;    ; RE   ; 1      ; R3_X26_Y16_N0_I20                         ; H_SEG3                                                                                      ;
;   24.404 ;   0.126  ;    ; RE   ; 2      ; LOCAL_INTERCONNECT_X28_Y16_N0_I28         ; LAB_LINE                                                                                    ;
;   24.518 ;   0.114  ;    ; RE   ; 2      ; BLOCK_INPUT_MUX_X28_Y16_N0_I60            ; LEIM_INPUT                                                                                  ;
;   24.517 ;   -0.001 ; RR ; IC   ; 1      ; MLABCELL_X28_Y16_N45                      ; u_soc|crypto_accelerator|u_core|u_aes|u_sub_byte_core|gf_0|data_out_f[5]~5|datad            ;
;   24.953 ;   0.436  ; RF ; CELL ; 5      ; MLABCELL_X28_Y16_N45                      ; u_soc|crypto_accelerator|u_core|u_aes|u_sub_byte_core|gf_0|data_out_f[5]~5|combout          ;
;   24.953 ;   0.000  ;    ; RE   ; 2      ; MLABCELL_X28_Y16_N45                      ; ARRIAV_LCELL_COMB                                                                           ;
;   25.009 ;   0.056  ;    ; RE   ; 1      ; LE_BUFFER_X28_Y16_N0_I30                  ; LE_BUFFER                                                                                   ;
;   25.157 ;   0.148  ;    ; RE   ; 1      ; C2_X28_Y14_N0_I15                         ; V_SEG2                                                                                      ;
;   25.332 ;   0.175  ;    ; RE   ; 1      ; R3_X26_Y15_N0_I13                         ; H_SEG3                                                                                      ;
;   25.518 ;   0.186  ;    ; RE   ; 1      ; LOCAL_INTERCONNECT_X27_Y15_N0_I19         ; LAB_LINE                                                                                    ;
;   25.637 ;   0.119  ;    ; RE   ; 1      ; BLOCK_INPUT_MUX_X27_Y15_N0_I53            ; LEIM_INPUT                                                                                  ;
;   25.637 ;   0.000  ; FF ; IC   ; 1      ; LABCELL_X27_Y15_N39                       ; u_soc|crypto_accelerator|u_core|u_aes|u_sub_byte_core|aff_trans_0|aff_trans_out_f~0|datac   ;
;   26.045 ;   0.408  ; FF ; CELL ; 5      ; LABCELL_X27_Y15_N39                       ; u_soc|crypto_accelerator|u_core|u_aes|u_sub_byte_core|aff_trans_0|aff_trans_out_f~0|combout ;
;   26.045 ;   0.000  ;    ; RE   ; 1      ; LABCELL_X27_Y15_N39                       ; ARRIAV_LCELL_COMB                                                                           ;
;   26.127 ;   0.082  ;    ; RE   ; 3      ; LE_BUFFER_X27_Y15_N0_I27                  ; LE_BUFFER                                                                                   ;
;   26.311 ;   0.184  ;    ; RE   ; 1      ; C4_X26_Y16_N0_I0                          ; V_SEG4                                                                                      ;
;   26.523 ;   0.212  ;    ; RE   ; 1      ; LOCAL_INTERCONNECT_X27_Y16_N0_I12         ; LAB_LINE                                                                                    ;
;   26.638 ;   0.115  ;    ; RE   ; 1      ; BLOCK_INPUT_MUX_X27_Y16_N0_I28            ; LEIM_INPUT                                                                                  ;
;   26.637 ;   -0.001 ; FF ; IC   ; 1      ; LABCELL_X27_Y16_N18                       ; u_soc|crypto_accelerator|u_core|u_aes|u_sub_byte_core|data_out_f[7]~7|datac                 ;
;   27.051 ;   0.414  ; FF ; CELL ; 20     ; LABCELL_X27_Y16_N18                       ; u_soc|crypto_accelerator|u_core|u_aes|u_sub_byte_core|data_out_f[7]~7|combout               ;
;   27.051 ;   0.000  ;    ; RE   ; 2      ; LABCELL_X27_Y16_N18                       ; ARRIAV_LCELL_COMB                                                                           ;
;   27.146 ;   0.095  ;    ; RE   ; 5      ; LE_BUFFER_X27_Y16_N0_I12                  ; LE_BUFFER                                                                                   ;
;   27.373 ;   0.227  ;    ; RE   ; 2      ; C2_X27_Y14_N0_I12                         ; V_SEG2                                                                                      ;
;   27.602 ;   0.229  ;    ; RE   ; 3      ; C2_X27_Y12_N0_I12                         ; V_SEG2                                                                                      ;
;   27.823 ;   0.221  ;    ; RE   ; 1      ; R6_X28_Y13_N0_I17                         ; H_SEG6                                                                                      ;
;   28.032 ;   0.209  ;    ; RE   ; 1      ; R3_X28_Y13_N0_I7                          ; H_SEG3                                                                                      ;
;   28.183 ;   0.151  ;    ; RE   ; 1      ; LOCAL_INTERCONNECT_X28_Y13_N0_I42         ; LAB_LINE                                                                                    ;
;   28.301 ;   0.118  ;    ; RE   ; 1      ; BLOCK_INPUT_MUX_X28_Y13_N0_I70            ; LEIM_INPUT                                                                                  ;
;   28.302 ;   0.001  ; FF ; IC   ; 1      ; FF_X28_Y13_N53                            ; u_soc|crypto_accelerator|u_core|u_aes|buf_a_f[5][7]|asdata                                  ;
;   28.817 ;   0.515  ; FF ; CELL ; 1      ; FF_X28_Y13_N53                            ; soc:u_soc|axi_slave_top:crypto_accelerator|axi_slave_core:u_core|aes:u_aes|buf_a_f[5][7]    ;
+----------+----------+----+------+--------+-------------------------------------------+---------------------------------------------------------------------------------------------+

+----------------------------------------------------------------------------------------------------------------------------------------------------+
; Data Required Path                                                                                                                                 ;
+---------+---------+----+------+--------+----------------+------------------------------------------------------------------------------------------+
; Total   ; Incr    ; RF ; Type ; Fanout ; Location       ; Element                                                                                  ;
+---------+---------+----+------+--------+----------------+------------------------------------------------------------------------------------------+
; 1.000   ; 1.000   ;    ;      ;        ;                ; latch edge time                                                                          ;
; 4.636   ; 3.636   ;    ;      ;        ;                ; clock path                                                                               ;
;   4.580 ;   3.580 ; R  ;      ;        ;                ; clock network delay                                                                      ;
;   4.636 ;   0.056 ;    ;      ;        ;                ; clock pessimism removed                                                                  ;
; 4.466   ; -0.170  ;    ;      ;        ;                ; clock uncertainty                                                                        ;
; 4.466   ; 0.000   ;    ; uTsu ; 1      ; FF_X28_Y13_N53 ; soc:u_soc|axi_slave_top:crypto_accelerator|axi_slave_core:u_core|aes:u_aes|buf_a_f[5][7] ;
+---------+---------+----+------+--------+----------------+------------------------------------------------------------------------------------------+

----------------------------
; Extra Fitter Information ;
----------------------------
HTML report is unavailable in plain text report export.


Path #10: Setup slack is -24.342 (VIOLATED)
===============================================================================
+---------------------------------------------------------------------------------------------------------------+
; Path Summary                                                                                                  ;
+--------------------+------------------------------------------------------------------------------------------+
; Property           ; Value                                                                                    ;
+--------------------+------------------------------------------------------------------------------------------+
; From Node          ; soc:u_soc|axi_slave_top:crypto_accelerator|axi_slave_core:u_core|aes:u_aes|kexp_i[1]     ;
; To Node            ; soc:u_soc|axi_slave_top:crypto_accelerator|axi_slave_core:u_core|aes:u_aes|buf_a_f[5][7] ;
; Launch Clock       ; CLOCK_50                                                                                 ;
; Latch Clock        ; CLOCK_50                                                                                 ;
; Data Arrival Time  ; 28.808                                                                                   ;
; Data Required Time ; 4.466                                                                                    ;
; Slack              ; -24.342 (VIOLATED)                                                                       ;
+--------------------+------------------------------------------------------------------------------------------+

+----------------------------------------------------------------------------------------+
; Statistics                                                                             ;
+---------------------------+--------+-------+-------------+------------+--------+-------+
; Property                  ; Value  ; Count ; Total Delay ; % of Total ; Min    ; Max   ;
+---------------------------+--------+-------+-------------+------------+--------+-------+
; Setup Relationship        ; 1.000  ;       ;             ;            ;        ;       ;
; Clock Skew                ; -0.423 ;       ;             ;            ;        ;       ;
; Data Delay                ; 24.749 ;       ;             ;            ;        ;       ;
; Number of Logic Levels    ;        ; 32    ;             ;            ;        ;       ;
; Physical Delays           ;        ;       ;             ;            ;        ;       ;
;  Arrival Path             ;        ;       ;             ;            ;        ;       ;
;   Clock                   ;        ;       ;             ;            ;        ;       ;
;    Clock Network (Lumped) ;        ; 1     ; 4.059       ; 100        ; 4.059  ; 4.059 ;
;   Data                    ;        ;       ;             ;            ;        ;       ;
;    IC                     ;        ; 33    ; 0.000       ; 0          ; -0.001 ; 0.001 ;
;    Cell                   ;        ; 34    ; 7.720       ; 31         ; 0.000  ; 0.515 ;
;    uTco                   ;        ; 1     ; 0.000       ; 0          ; 0.000  ; 0.000 ;
;    Routing Element        ;        ; 155   ; 17.029      ; 69         ; 0.000  ; 0.401 ;
;  Required Path            ;        ;       ;             ;            ;        ;       ;
;   Clock                   ;        ;       ;             ;            ;        ;       ;
;    Clock Network (Lumped) ;        ; 1     ; 3.580       ; 100        ; 3.580  ; 3.580 ;
+---------------------------+--------+-------+-------------+------------+--------+-------+
Note: Negative delays are omitted from totals when calculating percentages

+------------------------------------------------------------------------------------------------------------------------------------------------------------------------------------+
; Data Arrival Path                                                                                                                                                                  ;
+----------+----------+----+------+--------+-------------------------------------------+---------------------------------------------------------------------------------------------+
; Total    ; Incr     ; RF ; Type ; Fanout ; Location                                  ; Element                                                                                     ;
+----------+----------+----+------+--------+-------------------------------------------+---------------------------------------------------------------------------------------------+
; 0.000    ; 0.000    ;    ;      ;        ;                                           ; launch edge time                                                                            ;
; 4.059    ; 4.059    ;    ;      ;        ;                                           ; clock path                                                                                  ;
;   4.059  ;   4.059  ; R  ;      ;        ;                                           ; clock network delay                                                                         ;
; 28.808   ; 24.749   ;    ;      ;        ;                                           ; data path                                                                                   ;
;   4.059  ;   0.000  ;    ; uTco ; 1      ; FF_X30_Y23_N2                             ; soc:u_soc|axi_slave_top:crypto_accelerator|axi_slave_core:u_core|aes:u_aes|kexp_i[1]        ;
;   4.059  ;   0.000  ; FF ; CELL ; 239    ; FF_X30_Y23_N2                             ; u_soc|crypto_accelerator|u_core|u_aes|kexp_i[1]|q                                           ;
;   4.109  ;   0.050  ;    ; RE   ; 3      ; FF_X30_Y23_N2                             ; ARRIAV_FF                                                                                   ;
;   4.197  ;   0.088  ;    ; RE   ; 5      ; LE_BUFFER_X30_Y23_N0_I1                   ; LE_BUFFER                                                                                   ;
;   4.598  ;   0.401  ;    ; RE   ; 8      ; R6_X30_Y23_N0_I11                         ; H_SEG6                                                                                      ;
;   4.941  ;   0.343  ;    ; RE   ; 3      ; R6_X35_Y23_N0_I10                         ; H_SEG6                                                                                      ;
;   5.177  ;   0.236  ;    ; RE   ; 2      ; LOCAL_INTERCONNECT_X36_Y23_N0_I1          ; LAB_LINE                                                                                    ;
;   5.299  ;   0.122  ;    ; RE   ; 1      ; BLOCK_INPUT_MUX_X36_Y23_N0_I64            ; LEIM_INPUT                                                                                  ;
;   5.299  ;   0.000  ; FF ; IC   ; 1      ; LABCELL_X36_Y23_N48                       ; u_soc|crypto_accelerator|u_core|u_aes|sb_in_f~20|datad                                      ;
;   5.587  ;   0.288  ; FF ; CELL ; 3      ; LABCELL_X36_Y23_N48                       ; u_soc|crypto_accelerator|u_core|u_aes|sb_in_f~20|combout                                    ;
;   5.587  ;   0.000  ;    ; RE   ; 2      ; LABCELL_X36_Y23_N48                       ; ARRIAV_LCELL_COMB                                                                           ;
;   5.664  ;   0.077  ;    ; RE   ; 1      ; LOCAL_LINE_X36_Y23_N0_I16                 ; LOCAL_LINE                                                                                  ;
;   5.785  ;   0.121  ;    ; RE   ; 1      ; BLOCK_INPUT_MUX_X36_Y23_N0_I28            ; LEIM_INPUT                                                                                  ;
;   5.785  ;   0.000  ; FF ; IC   ; 1      ; LABCELL_X36_Y23_N18                       ; u_soc|crypto_accelerator|u_core|u_aes|sb_in_f~22|datac                                      ;
;   6.202  ;   0.417  ; FF ; CELL ; 48     ; LABCELL_X36_Y23_N18                       ; u_soc|crypto_accelerator|u_core|u_aes|sb_in_f~22|combout                                    ;
;   6.202  ;   0.000  ;    ; RE   ; 2      ; LABCELL_X36_Y23_N18                       ; ARRIAV_LCELL_COMB                                                                           ;
;   6.299  ;   0.097  ;    ; RE   ; 2      ; LE_BUFFER_X36_Y23_N0_I13                  ; LE_BUFFER                                                                                   ;
;   6.497  ;   0.198  ;    ; RE   ; 2      ; R3_X36_Y23_N0_I1                          ; H_SEG3                                                                                      ;
;   6.497  ;   0.000  ;    ; RE   ; 2      ; R14_C12_INTERCONNECT_DRIVER_X36_Y23_N0_I1 ; WIRE_MUX                                                                                    ;
;   6.740  ;   0.243  ;    ; RE   ; 2      ; R14_X23_Y23_N0_I1                         ; H_SEG14                                                                                     ;
;   6.966  ;   0.226  ;    ; RE   ; 1      ; C2_X22_Y21_N0_I15                         ; V_SEG2                                                                                      ;
;   7.290  ;   0.324  ;    ; RE   ; 1      ; R6_X17_Y21_N0_I26                         ; H_SEG6                                                                                      ;
;   7.504  ;   0.214  ;    ; RE   ; 3      ; LOCAL_INTERCONNECT_X19_Y21_N0_I12         ; LAB_LINE                                                                                    ;
;   7.618  ;   0.114  ;    ; RE   ; 1      ; BLOCK_INPUT_MUX_X19_Y21_N0_I71            ; LEIM_INPUT                                                                                  ;
;   7.618  ;   0.000  ; FF ; IC   ; 1      ; LABCELL_X19_Y21_N51                       ; u_soc|crypto_accelerator|u_core|u_aes|sb_in_f~545|dataf                                     ;
;   7.689  ;   0.071  ; FF ; CELL ; 1      ; LABCELL_X19_Y21_N51                       ; u_soc|crypto_accelerator|u_core|u_aes|sb_in_f~545|combout                                   ;
;   7.689  ;   0.000  ;    ; RE   ; 1      ; LABCELL_X19_Y21_N51                       ; ARRIAV_LCELL_COMB                                                                           ;
;   7.745  ;   0.056  ;    ; RE   ; 1      ; LE_BUFFER_X19_Y21_N0_I34                  ; LE_BUFFER                                                                                   ;
;   7.885  ;   0.140  ;    ; RE   ; 1      ; R3_X17_Y21_N0_I21                         ; H_SEG3                                                                                      ;
;   7.885  ;   0.000  ;    ; RE   ; 1      ; R14_C12_INTERCONNECT_DRIVER_X19_Y21_N0_I2 ; WIRE_MUX                                                                                    ;
;   8.123  ;   0.238  ;    ; RE   ; 1      ; R14_X20_Y21_N0_I0                         ; H_SEG14                                                                                     ;
;   8.332  ;   0.209  ;    ; RE   ; 1      ; C2_X30_Y22_N0_I7                          ; V_SEG2                                                                                      ;
;   8.509  ;   0.177  ;    ; RE   ; 1      ; R6_X31_Y22_N0_I16                         ; H_SEG6                                                                                      ;
;   8.677  ;   0.168  ;    ; RE   ; 1      ; LOCAL_INTERCONNECT_X31_Y22_N0_I16         ; LAB_LINE                                                                                    ;
;   8.784  ;   0.107  ;    ; RE   ; 1      ; BLOCK_INPUT_MUX_X31_Y22_N0_I56            ; LEIM_INPUT                                                                                  ;
;   8.784  ;   0.000  ; FF ; IC   ; 1      ; LABCELL_X31_Y22_N42                       ; u_soc|crypto_accelerator|u_core|u_aes|sb_in_f~761|datad                                     ;
;   9.086  ;   0.302  ; FR ; CELL ; 1      ; LABCELL_X31_Y22_N42                       ; u_soc|crypto_accelerator|u_core|u_aes|sb_in_f~761|combout                                   ;
;   9.086  ;   0.000  ;    ; RE   ; 1      ; LABCELL_X31_Y22_N42                       ; ARRIAV_LCELL_COMB                                                                           ;
;   9.174  ;   0.088  ;    ; RE   ; 1      ; LOCAL_LINE_X31_Y22_N0_I14                 ; LOCAL_LINE                                                                                  ;
;   9.279  ;   0.105  ;    ; RE   ; 1      ; BLOCK_INPUT_MUX_X31_Y22_N0_I65            ; LEIM_INPUT                                                                                  ;
;   9.279  ;   0.000  ; RR ; IC   ; 1      ; LABCELL_X31_Y22_N48                       ; u_soc|crypto_accelerator|u_core|u_aes|sb_in_f~546|dataf                                     ;
;   9.357  ;   0.078  ; RR ; CELL ; 1      ; LABCELL_X31_Y22_N48                       ; u_soc|crypto_accelerator|u_core|u_aes|sb_in_f~546|combout                                   ;
;   9.357  ;   0.000  ;    ; RE   ; 1      ; LABCELL_X31_Y22_N48                       ; ARRIAV_LCELL_COMB                                                                           ;
;   9.457  ;   0.100  ;    ; RE   ; 1      ; LOCAL_LINE_X31_Y22_N0_I16                 ; LOCAL_LINE                                                                                  ;
;   9.564  ;   0.107  ;    ; RE   ; 1      ; BLOCK_INPUT_MUX_X31_Y22_N0_I17            ; LEIM_INPUT                                                                                  ;
;   9.564  ;   0.000  ; RR ; IC   ; 1      ; LABCELL_X31_Y22_N12                       ; u_soc|crypto_accelerator|u_core|u_aes|sb_in_f~548|dataf                                     ;
;   9.648  ;   0.084  ; RF ; CELL ; 1      ; LABCELL_X31_Y22_N12                       ; u_soc|crypto_accelerator|u_core|u_aes|sb_in_f~548|combout                                   ;
;   9.648  ;   0.000  ;    ; RE   ; 1      ; LABCELL_X31_Y22_N12                       ; ARRIAV_LCELL_COMB                                                                           ;
;   9.730  ;   0.082  ;    ; RE   ; 1      ; LOCAL_LINE_X31_Y22_N0_I4                  ; LOCAL_LINE                                                                                  ;
;   9.855  ;   0.125  ;    ; RE   ; 1      ; BLOCK_INPUT_MUX_X31_Y22_N0_I55            ; LEIM_INPUT                                                                                  ;
;   9.855  ;   0.000  ; FF ; IC   ; 1      ; LABCELL_X31_Y22_N39                       ; u_soc|crypto_accelerator|u_core|u_aes|sb_in_f~550|dataf                                     ;
;   9.926  ;   0.071  ; FF ; CELL ; 1      ; LABCELL_X31_Y22_N39                       ; u_soc|crypto_accelerator|u_core|u_aes|sb_in_f~550|combout                                   ;
;   9.926  ;   0.000  ;    ; RE   ; 1      ; LABCELL_X31_Y22_N39                       ; ARRIAV_LCELL_COMB                                                                           ;
;   9.995  ;   0.069  ;    ; RE   ; 1      ; LE_BUFFER_X31_Y22_N0_I27                  ; LE_BUFFER                                                                                   ;
;   10.173 ;   0.178  ;    ; RE   ; 1      ; C2_X30_Y20_N0_I14                         ; V_SEG2                                                                                      ;
;   10.381 ;   0.208  ;    ; RE   ; 1      ; C2_X30_Y18_N0_I14                         ; V_SEG2                                                                                      ;
;   10.747 ;   0.366  ;    ; RE   ; 1      ; R6_X31_Y18_N0_I5                          ; H_SEG6                                                                                      ;
;   10.991 ;   0.244  ;    ; RE   ; 1      ; LOCAL_INTERCONNECT_X36_Y18_N0_I39         ; LAB_LINE                                                                                    ;
;   11.107 ;   0.116  ;    ; RE   ; 1      ; BLOCK_INPUT_MUX_X36_Y18_N0_I9             ; LEIM_INPUT                                                                                  ;
;   11.107 ;   0.000  ; FF ; IC   ; 1      ; LABCELL_X36_Y18_N6                        ; u_soc|crypto_accelerator|u_core|u_aes|sb_in_f~553|dataf                                     ;
;   11.189 ;   0.082  ; FR ; CELL ; 1      ; LABCELL_X36_Y18_N6                        ; u_soc|crypto_accelerator|u_core|u_aes|sb_in_f~553|combout                                   ;
;   11.189 ;   0.000  ;    ; RE   ; 1      ; LABCELL_X36_Y18_N6                        ; ARRIAV_LCELL_COMB                                                                           ;
;   11.292 ;   0.103  ;    ; RE   ; 1      ; LOCAL_LINE_X36_Y18_N0_I2                  ; LOCAL_LINE                                                                                  ;
;   11.399 ;   0.107  ;    ; RE   ; 1      ; BLOCK_INPUT_MUX_X36_Y18_N0_I65            ; LEIM_INPUT                                                                                  ;
;   11.399 ;   0.000  ; RR ; IC   ; 1      ; LABCELL_X36_Y18_N48                       ; u_soc|crypto_accelerator|u_core|u_aes|sb_in_f~555|dataf                                     ;
;   11.477 ;   0.078  ; RR ; CELL ; 1      ; LABCELL_X36_Y18_N48                       ; u_soc|crypto_accelerator|u_core|u_aes|sb_in_f~555|combout                                   ;
;   11.477 ;   0.000  ;    ; RE   ; 1      ; LABCELL_X36_Y18_N48                       ; ARRIAV_LCELL_COMB                                                                           ;
;   11.570 ;   0.093  ;    ; RE   ; 1      ; LOCAL_LINE_X36_Y18_N0_I16                 ; LOCAL_LINE                                                                                  ;
;   11.675 ;   0.105  ;    ; RE   ; 1      ; BLOCK_INPUT_MUX_X36_Y18_N0_I41            ; LEIM_INPUT                                                                                  ;
;   11.675 ;   0.000  ; RR ; IC   ; 1      ; LABCELL_X36_Y18_N30                       ; u_soc|crypto_accelerator|u_core|u_aes|sb_in_f~557|dataf                                     ;
;   11.753 ;   0.078  ; RR ; CELL ; 1      ; LABCELL_X36_Y18_N30                       ; u_soc|crypto_accelerator|u_core|u_aes|sb_in_f~557|combout                                   ;
;   11.753 ;   0.000  ;    ; RE   ; 1      ; LABCELL_X36_Y18_N30                       ; ARRIAV_LCELL_COMB                                                                           ;
;   11.865 ;   0.112  ;    ; RE   ; 1      ; LOCAL_LINE_X36_Y18_N0_I10                 ; LOCAL_LINE                                                                                  ;
;   11.971 ;   0.106  ;    ; RE   ; 1      ; BLOCK_INPUT_MUX_X36_Y18_N0_I17            ; LEIM_INPUT                                                                                  ;
;   11.972 ;   0.001  ; RR ; IC   ; 1      ; LABCELL_X36_Y18_N12                       ; u_soc|crypto_accelerator|u_core|u_aes|sb_in_f~559|dataf                                     ;
;   12.050 ;   0.078  ; RR ; CELL ; 1      ; LABCELL_X36_Y18_N12                       ; u_soc|crypto_accelerator|u_core|u_aes|sb_in_f~559|combout                                   ;
;   12.050 ;   0.000  ;    ; RE   ; 1      ; LABCELL_X36_Y18_N12                       ; ARRIAV_LCELL_COMB                                                                           ;
;   12.142 ;   0.092  ;    ; RE   ; 1      ; LOCAL_LINE_X36_Y18_N0_I4                  ; LOCAL_LINE                                                                                  ;
;   12.248 ;   0.106  ;    ; RE   ; 1      ; BLOCK_INPUT_MUX_X36_Y18_N0_I25            ; LEIM_INPUT                                                                                  ;
;   12.248 ;   0.000  ; RR ; IC   ; 1      ; LABCELL_X36_Y18_N18                       ; u_soc|crypto_accelerator|u_core|u_aes|sb_in_f~561|dataf                                     ;
;   12.325 ;   0.077  ; RR ; CELL ; 1      ; LABCELL_X36_Y18_N18                       ; u_soc|crypto_accelerator|u_core|u_aes|sb_in_f~561|combout                                   ;
;   12.325 ;   0.000  ;    ; RE   ; 1      ; LABCELL_X36_Y18_N18                       ; ARRIAV_LCELL_COMB                                                                           ;
;   12.434 ;   0.109  ;    ; RE   ; 1      ; LE_BUFFER_X36_Y18_N0_I13                  ; LE_BUFFER                                                                                   ;
;   12.538 ;   0.104  ;    ; RE   ; 1      ; LOCAL_INTERCONNECT_X35_Y18_N0_I36         ; LAB_LINE                                                                                    ;
;   12.641 ;   0.103  ;    ; RE   ; 1      ; BLOCK_INPUT_MUX_X35_Y18_N0_I33            ; LEIM_INPUT                                                                                  ;
;   12.642 ;   0.001  ; RR ; IC   ; 1      ; LABCELL_X35_Y18_N24                       ; u_soc|crypto_accelerator|u_core|u_aes|sb_in_f~563|dataf                                     ;
;   12.720 ;   0.078  ; RR ; CELL ; 1      ; LABCELL_X35_Y18_N24                       ; u_soc|crypto_accelerator|u_core|u_aes|sb_in_f~563|combout                                   ;
;   12.720 ;   0.000  ;    ; RE   ; 1      ; LABCELL_X35_Y18_N24                       ; ARRIAV_LCELL_COMB                                                                           ;
;   12.809 ;   0.089  ;    ; RE   ; 1      ; LOCAL_LINE_X35_Y18_N0_I8                  ; LOCAL_LINE                                                                                  ;
;   12.913 ;   0.104  ;    ; RE   ; 1      ; BLOCK_INPUT_MUX_X35_Y18_N0_I25            ; LEIM_INPUT                                                                                  ;
;   12.913 ;   0.000  ; RR ; IC   ; 1      ; LABCELL_X35_Y18_N18                       ; u_soc|crypto_accelerator|u_core|u_aes|sb_in_f~565|dataf                                     ;
;   12.990 ;   0.077  ; RR ; CELL ; 1      ; LABCELL_X35_Y18_N18                       ; u_soc|crypto_accelerator|u_core|u_aes|sb_in_f~565|combout                                   ;
;   12.990 ;   0.000  ;    ; RE   ; 1      ; LABCELL_X35_Y18_N18                       ; ARRIAV_LCELL_COMB                                                                           ;
;   13.075 ;   0.085  ;    ; RE   ; 1      ; LE_BUFFER_X35_Y18_N0_I13                  ; LE_BUFFER                                                                                   ;
;   13.182 ;   0.107  ;    ; RE   ; 1      ; LOCAL_INTERCONNECT_X34_Y18_N0_I36         ; LAB_LINE                                                                                    ;
;   13.286 ;   0.104  ;    ; RE   ; 1      ; BLOCK_INPUT_MUX_X34_Y18_N0_I1             ; LEIM_INPUT                                                                                  ;
;   13.287 ;   0.001  ; RR ; IC   ; 1      ; MLABCELL_X34_Y18_N0                       ; u_soc|crypto_accelerator|u_core|u_aes|sb_in_f~567|dataf                                     ;
;   13.364 ;   0.077  ; RR ; CELL ; 1      ; MLABCELL_X34_Y18_N0                       ; u_soc|crypto_accelerator|u_core|u_aes|sb_in_f~567|combout                                   ;
;   13.364 ;   0.000  ;    ; RE   ; 1      ; MLABCELL_X34_Y18_N0                       ; ARRIAV_LCELL_COMB                                                                           ;
;   13.469 ;   0.105  ;    ; RE   ; 1      ; LE_BUFFER_X34_Y18_N0_I1                   ; LE_BUFFER                                                                                   ;
;   13.647 ;   0.178  ;    ; RE   ; 1      ; C2_X33_Y16_N0_I18                         ; V_SEG2                                                                                      ;
;   13.831 ;   0.184  ;    ; RE   ; 1      ; R3_X31_Y17_N0_I20                         ; H_SEG3                                                                                      ;
;   13.970 ;   0.139  ;    ; RE   ; 1      ; LOCAL_INTERCONNECT_X31_Y17_N0_I28         ; LAB_LINE                                                                                    ;
;   14.073 ;   0.103  ;    ; RE   ; 1      ; BLOCK_INPUT_MUX_X31_Y17_N0_I17            ; LEIM_INPUT                                                                                  ;
;   14.072 ;   -0.001 ; RR ; IC   ; 1      ; LABCELL_X31_Y17_N12                       ; u_soc|crypto_accelerator|u_core|u_aes|sb_in_f~569|dataf                                     ;
;   14.150 ;   0.078  ; RR ; CELL ; 1      ; LABCELL_X31_Y17_N12                       ; u_soc|crypto_accelerator|u_core|u_aes|sb_in_f~569|combout                                   ;
;   14.150 ;   0.000  ;    ; RE   ; 1      ; LABCELL_X31_Y17_N12                       ; ARRIAV_LCELL_COMB                                                                           ;
;   14.247 ;   0.097  ;    ; RE   ; 1      ; LOCAL_LINE_X31_Y17_N0_I4                  ; LOCAL_LINE                                                                                  ;
;   14.353 ;   0.106  ;    ; RE   ; 1      ; BLOCK_INPUT_MUX_X31_Y17_N0_I1             ; LEIM_INPUT                                                                                  ;
;   14.353 ;   0.000  ; RR ; IC   ; 1      ; LABCELL_X31_Y17_N0                        ; u_soc|crypto_accelerator|u_core|u_aes|Selector4548~1|dataf                                  ;
;   14.439 ;   0.086  ; RF ; CELL ; 4      ; LABCELL_X31_Y17_N0                        ; u_soc|crypto_accelerator|u_core|u_aes|Selector4548~1|combout                                ;
;   14.439 ;   0.000  ;    ; RE   ; 2      ; LABCELL_X31_Y17_N0                        ; ARRIAV_LCELL_COMB                                                                           ;
;   14.494 ;   0.055  ;    ; RE   ; 1      ; LE_BUFFER_X31_Y17_N0_I0                   ; LE_BUFFER                                                                                   ;
;   14.644 ;   0.150  ;    ; RE   ; 1      ; R6_X26_Y17_N0_I22                         ; H_SEG6                                                                                      ;
;   14.831 ;   0.187  ;    ; RE   ; 1      ; LOCAL_INTERCONNECT_X31_Y17_N0_I35         ; LAB_LINE                                                                                    ;
;   14.942 ;   0.111  ;    ; RE   ; 1      ; BLOCK_INPUT_MUX_X31_Y17_N0_I77            ; LEIM_INPUT                                                                                  ;
;   14.942 ;   0.000  ; FF ; IC   ; 1      ; LABCELL_X31_Y17_N57                       ; u_soc|crypto_accelerator|u_core|u_aes|u_sub_byte_core|gf_in_f[4]~1|datac                    ;
;   15.355 ;   0.413  ; FF ; CELL ; 8      ; LABCELL_X31_Y17_N57                       ; u_soc|crypto_accelerator|u_core|u_aes|u_sub_byte_core|gf_in_f[4]~1|combout                  ;
;   15.355 ;   0.000  ;    ; RE   ; 2      ; LABCELL_X31_Y17_N57                       ; ARRIAV_LCELL_COMB                                                                           ;
;   15.414 ;   0.059  ;    ; RE   ; 2      ; LE_BUFFER_X31_Y17_N0_I38                  ; LE_BUFFER                                                                                   ;
;   15.578 ;   0.164  ;    ; RE   ; 3      ; C4_X31_Y13_N0_I9                          ; V_SEG4                                                                                      ;
;   15.832 ;   0.254  ;    ; RE   ; 1      ; R6_X26_Y16_N0_I24                         ; H_SEG6                                                                                      ;
;   16.039 ;   0.207  ;    ; RE   ; 1      ; LOCAL_INTERCONNECT_X30_Y16_N0_I37         ; LAB_LINE                                                                                    ;
;   16.158 ;   0.119  ;    ; RE   ; 1      ; BLOCK_INPUT_MUX_X30_Y16_N0_I29            ; LEIM_INPUT                                                                                  ;
;   16.158 ;   0.000  ; FF ; IC   ; 1      ; LABCELL_X30_Y16_N21                       ; u_soc|crypto_accelerator|u_core|u_aes|u_sub_byte_core|gf_0|al_sq_f[3]|datac                 ;
;   16.575 ;   0.417  ; FF ; CELL ; 12     ; LABCELL_X30_Y16_N21                       ; u_soc|crypto_accelerator|u_core|u_aes|u_sub_byte_core|gf_0|al_sq_f[3]|combout               ;
;   16.575 ;   0.000  ;    ; RE   ; 3      ; LABCELL_X30_Y16_N21                       ; ARRIAV_LCELL_COMB                                                                           ;
;   16.647 ;   0.072  ;    ; RE   ; 3      ; LE_BUFFER_X30_Y16_N0_I14                  ; LE_BUFFER                                                                                   ;
;   16.783 ;   0.136  ;    ; RE   ; 3      ; LOCAL_INTERCONNECT_X31_Y16_N0_I25         ; LAB_LINE                                                                                    ;
;   16.874 ;   0.091  ;    ; RE   ; 1      ; BLOCK_INPUT_MUX_X31_Y16_N0_I50            ; LEIM_INPUT                                                                                  ;
;   16.874 ;   0.000  ; FF ; IC   ; 1      ; LABCELL_X31_Y16_N39                       ; u_soc|crypto_accelerator|u_core|u_aes|u_sub_byte_core|gf_0|dr_xor2~18|dataa                 ;
;   17.343 ;   0.469  ; FR ; CELL ; 3      ; LABCELL_X31_Y16_N39                       ; u_soc|crypto_accelerator|u_core|u_aes|u_sub_byte_core|gf_0|dr_xor2~18|combout               ;
;   17.343 ;   0.000  ;    ; RE   ; 2      ; LABCELL_X31_Y16_N39                       ; ARRIAV_LCELL_COMB                                                                           ;
;   17.449 ;   0.106  ;    ; RE   ; 2      ; LOCAL_LINE_X31_Y16_N0_I13                 ; LOCAL_LINE                                                                                  ;
;   17.559 ;   0.110  ;    ; RE   ; 1      ; BLOCK_INPUT_MUX_X31_Y16_N0_I5             ; LEIM_INPUT                                                                                  ;
;   17.559 ;   0.000  ; RR ; IC   ; 1      ; LABCELL_X31_Y16_N0                        ; u_soc|crypto_accelerator|u_core|u_aes|u_sub_byte_core|gf_0|dr_xor2~19|datad                 ;
;   17.982 ;   0.423  ; RF ; CELL ; 4      ; LABCELL_X31_Y16_N0                        ; u_soc|crypto_accelerator|u_core|u_aes|u_sub_byte_core|gf_0|dr_xor2~19|combout               ;
;   17.982 ;   0.000  ;    ; RE   ; 1      ; LABCELL_X31_Y16_N0                        ; ARRIAV_LCELL_COMB                                                                           ;
;   18.044 ;   0.062  ;    ; RE   ; 2      ; LE_BUFFER_X31_Y16_N0_I0                   ; LE_BUFFER                                                                                   ;
;   18.196 ;   0.152  ;    ; RE   ; 1      ; C2_X31_Y14_N0_I18                         ; V_SEG2                                                                                      ;
;   18.394 ;   0.198  ;    ; RE   ; 1      ; R6_X26_Y15_N0_I25                         ; H_SEG6                                                                                      ;
;   18.589 ;   0.195  ;    ; RE   ; 1      ; LOCAL_INTERCONNECT_X31_Y15_N0_I40         ; LAB_LINE                                                                                    ;
;   18.682 ;   0.093  ;    ; RE   ; 2      ; BLOCK_INPUT_MUX_X31_Y15_N0_I75            ; LEIM_INPUT                                                                                  ;
;   18.682 ;   0.000  ; FF ; IC   ; 1      ; LABCELL_X31_Y15_N54                       ; u_soc|crypto_accelerator|u_core|u_aes|u_sub_byte_core|gf_0|ah_mul_al_t[1]~1|datab           ;
;   19.162 ;   0.480  ; FF ; CELL ; 2      ; LABCELL_X31_Y15_N54                       ; u_soc|crypto_accelerator|u_core|u_aes|u_sub_byte_core|gf_0|ah_mul_al_t[1]~1|combout         ;
;   19.162 ;   0.000  ;    ; RE   ; 2      ; LABCELL_X31_Y15_N54                       ; ARRIAV_LCELL_COMB                                                                           ;
;   19.243 ;   0.081  ;    ; RE   ; 1      ; LOCAL_LINE_X31_Y15_N0_I18                 ; LOCAL_LINE                                                                                  ;
;   19.366 ;   0.123  ;    ; RE   ; 1      ; BLOCK_INPUT_MUX_X31_Y15_N0_I46            ; LEIM_INPUT                                                                                  ;
;   19.366 ;   0.000  ; FF ; IC   ; 1      ; LABCELL_X31_Y15_N33                       ; u_soc|crypto_accelerator|u_core|u_aes|u_sub_byte_core|gf_0|dr_xor2~27|datae                 ;
;   19.622 ;   0.256  ; FF ; CELL ; 6      ; LABCELL_X31_Y15_N33                       ; u_soc|crypto_accelerator|u_core|u_aes|u_sub_byte_core|gf_0|dr_xor2~27|combout               ;
;   19.622 ;   0.000  ;    ; RE   ; 2      ; LABCELL_X31_Y15_N33                       ; ARRIAV_LCELL_COMB                                                                           ;
;   19.692 ;   0.070  ;    ; RE   ; 1      ; LE_BUFFER_X31_Y15_N0_I23                  ; LE_BUFFER                                                                                   ;
;   19.845 ;   0.153  ;    ; RE   ; 1      ; R6_X31_Y15_N0_I16                         ; H_SEG6                                                                                      ;
;   20.013 ;   0.168  ;    ; RE   ; 1      ; LOCAL_INTERCONNECT_X31_Y15_N0_I16         ; LAB_LINE                                                                                    ;
;   20.115 ;   0.102  ;    ; RE   ; 1      ; BLOCK_INPUT_MUX_X31_Y15_N0_I54            ; LEIM_INPUT                                                                                  ;
;   20.114 ;   -0.001 ; FF ; IC   ; 1      ; LABCELL_X31_Y15_N39                       ; u_soc|crypto_accelerator|u_core|u_aes|u_sub_byte_core|gf_0|d_f[1]|datad                     ;
;   20.418 ;   0.304  ; FF ; CELL ; 17     ; LABCELL_X31_Y15_N39                       ; u_soc|crypto_accelerator|u_core|u_aes|u_sub_byte_core|gf_0|d_f[1]|combout                   ;
;   20.418 ;   0.000  ;    ; RE   ; 2      ; LABCELL_X31_Y15_N39                       ; ARRIAV_LCELL_COMB                                                                           ;
;   20.502 ;   0.084  ;    ; RE   ; 5      ; LE_BUFFER_X31_Y15_N0_I26                  ; LE_BUFFER                                                                                   ;
;   20.671 ;   0.169  ;    ; RE   ; 1      ; C2_X31_Y16_N0_I10                         ; V_SEG2                                                                                      ;
;   20.871 ;   0.200  ;    ; RE   ; 2      ; R3_X29_Y16_N0_I14                         ; H_SEG3                                                                                      ;
;   21.011 ;   0.140  ;    ; RE   ; 1      ; LOCAL_INTERCONNECT_X29_Y16_N0_I2          ; LAB_LINE                                                                                    ;
;   21.112 ;   0.101  ;    ; RE   ; 1      ; BLOCK_INPUT_MUX_X29_Y16_N0_I30            ; LEIM_INPUT                                                                                  ;
;   21.111 ;   -0.001 ; FF ; IC   ; 1      ; LABCELL_X29_Y16_N21                       ; u_soc|crypto_accelerator|u_core|u_aes|u_sub_byte_core|gf_0|d_inv_t[3]~6|datae               ;
;   21.367 ;   0.256  ; FF ; CELL ; 3      ; LABCELL_X29_Y16_N21                       ; u_soc|crypto_accelerator|u_core|u_aes|u_sub_byte_core|gf_0|d_inv_t[3]~6|combout             ;
;   21.367 ;   0.000  ;    ; RE   ; 2      ; LABCELL_X29_Y16_N21                       ; ARRIAV_LCELL_COMB                                                                           ;
;   21.443 ;   0.076  ;    ; RE   ; 2      ; LOCAL_LINE_X29_Y16_N0_I7                  ; LOCAL_LINE                                                                                  ;
;   21.566 ;   0.123  ;    ; RE   ; 1      ; BLOCK_INPUT_MUX_X29_Y16_N0_I8             ; LEIM_INPUT                                                                                  ;
;   21.566 ;   0.000  ; FF ; IC   ; 1      ; LABCELL_X29_Y16_N6                        ; u_soc|crypto_accelerator|u_core|u_aes|u_sub_byte_core|gf_0|d_inv_t[3]~7|datad               ;
;   21.869 ;   0.303  ; FR ; CELL ; 8      ; LABCELL_X29_Y16_N6                        ; u_soc|crypto_accelerator|u_core|u_aes|u_sub_byte_core|gf_0|d_inv_t[3]~7|combout             ;
;   21.869 ;   0.000  ;    ; RE   ; 2      ; LABCELL_X29_Y16_N6                        ; ARRIAV_LCELL_COMB                                                                           ;
;   21.958 ;   0.089  ;    ; RE   ; 2      ; LE_BUFFER_X29_Y16_N0_I4                   ; LE_BUFFER                                                                                   ;
;   22.094 ;   0.136  ;    ; RE   ; 1      ; C2_X29_Y14_N0_I19                         ; V_SEG2                                                                                      ;
;   22.224 ;   0.130  ;    ; RE   ; 1      ; R3_X27_Y15_N0_I12                         ; H_SEG3                                                                                      ;
;   22.350 ;   0.126  ;    ; RE   ; 1      ; LOCAL_INTERCONNECT_X28_Y15_N0_I9          ; LAB_LINE                                                                                    ;
;   22.461 ;   0.111  ;    ; RE   ; 1      ; BLOCK_INPUT_MUX_X28_Y15_N0_I32            ; LEIM_INPUT                                                                                  ;
;   22.461 ;   0.000  ; RR ; IC   ; 1      ; MLABCELL_X28_Y15_N24                      ; u_soc|crypto_accelerator|u_core|u_aes|u_sub_byte_core|gf_0|dr_xor2~67|datae                 ;
;   22.718 ;   0.257  ; RF ; CELL ; 4      ; MLABCELL_X28_Y15_N24                      ; u_soc|crypto_accelerator|u_core|u_aes|u_sub_byte_core|gf_0|dr_xor2~67|combout               ;
;   22.718 ;   0.000  ;    ; RE   ; 1      ; MLABCELL_X28_Y15_N24                      ; ARRIAV_LCELL_COMB                                                                           ;
;   22.781 ;   0.063  ;    ; RE   ; 2      ; LE_BUFFER_X28_Y15_N0_I16                  ; LE_BUFFER                                                                                   ;
;   22.935 ;   0.154  ;    ; RE   ; 1      ; C2_X28_Y16_N0_I9                          ; V_SEG2                                                                                      ;
;   23.111 ;   0.176  ;    ; RE   ; 1      ; R6_X23_Y16_N0_I26                         ; H_SEG6                                                                                      ;
;   23.293 ;   0.182  ;    ; RE   ; 2      ; LOCAL_INTERCONNECT_X28_Y16_N0_I41         ; LAB_LINE                                                                                    ;
;   23.420 ;   0.127  ;    ; RE   ; 1      ; BLOCK_INPUT_MUX_X28_Y16_N0_I72            ; LEIM_INPUT                                                                                  ;
;   23.421 ;   0.001  ; FF ; IC   ; 1      ; MLABCELL_X28_Y16_N54                      ; u_soc|crypto_accelerator|u_core|u_aes|u_sub_byte_core|gf_0|dr_xor2~69|datad                 ;
;   23.727 ;   0.306  ; FR ; CELL ; 2      ; MLABCELL_X28_Y16_N54                      ; u_soc|crypto_accelerator|u_core|u_aes|u_sub_byte_core|gf_0|dr_xor2~69|combout               ;
;   23.727 ;   0.000  ;    ; RE   ; 2      ; MLABCELL_X28_Y16_N54                      ; ARRIAV_LCELL_COMB                                                                           ;
;   23.836 ;   0.109  ;    ; RE   ; 1      ; LE_BUFFER_X28_Y16_N0_I37                  ; LE_BUFFER                                                                                   ;
;   23.966 ;   0.130  ;    ; RE   ; 1      ; R3_X28_Y16_N0_I7                          ; H_SEG3                                                                                      ;
;   24.100 ;   0.134  ;    ; RE   ; 1      ; LOCAL_INTERCONNECT_X28_Y16_N0_I15         ; LAB_LINE                                                                                    ;
;   24.212 ;   0.112  ;    ; RE   ; 1      ; BLOCK_INPUT_MUX_X28_Y16_N0_I23            ; LEIM_INPUT                                                                                  ;
;   24.212 ;   0.000  ; RR ; IC   ; 1      ; MLABCELL_X28_Y16_N15                      ; u_soc|crypto_accelerator|u_core|u_aes|u_sub_byte_core|gf_0|al_out_t[2]|dataf                ;
;   24.299 ;   0.087  ; RF ; CELL ; 6      ; MLABCELL_X28_Y16_N15                      ; u_soc|crypto_accelerator|u_core|u_aes|u_sub_byte_core|gf_0|al_out_t[2]|combout              ;
;   24.299 ;   0.000  ;    ; RE   ; 2      ; MLABCELL_X28_Y16_N15                      ; ARRIAV_LCELL_COMB                                                                           ;
;   24.359 ;   0.060  ;    ; RE   ; 1      ; LE_BUFFER_X28_Y16_N0_I10                  ; LE_BUFFER                                                                                   ;
;   24.506 ;   0.147  ;    ; RE   ; 1      ; C2_X28_Y14_N0_I20                         ; V_SEG2                                                                                      ;
;   24.704 ;   0.198  ;    ; RE   ; 1      ; R6_X23_Y15_N0_I39                         ; H_SEG6                                                                                      ;
;   24.948 ;   0.244  ;    ; RE   ; 2      ; LOCAL_INTERCONNECT_X27_Y15_N0_I17         ; LAB_LINE                                                                                    ;
;   25.080 ;   0.132  ;    ; RE   ; 1      ; BLOCK_INPUT_MUX_X27_Y15_N0_I4             ; LEIM_INPUT                                                                                  ;
;   25.079 ;   -0.001 ; FF ; IC   ; 1      ; LABCELL_X27_Y15_N0                        ; u_soc|crypto_accelerator|u_core|u_aes|u_sub_byte_core|gf_0|dr_xor2~91|datac                 ;
;   25.498 ;   0.419  ; FF ; CELL ; 4      ; LABCELL_X27_Y15_N0                        ; u_soc|crypto_accelerator|u_core|u_aes|u_sub_byte_core|gf_0|dr_xor2~91|combout               ;
;   25.498 ;   0.000  ;    ; RE   ; 2      ; LABCELL_X27_Y15_N0                        ; ARRIAV_LCELL_COMB                                                                           ;
;   25.601 ;   0.103  ;    ; RE   ; 2      ; LOCAL_LINE_X27_Y15_N0_I0                  ; LOCAL_LINE                                                                                  ;
;   25.735 ;   0.134  ;    ; RE   ; 1      ; BLOCK_INPUT_MUX_X27_Y15_N0_I54            ; LEIM_INPUT                                                                                  ;
;   25.735 ;   0.000  ; FF ; IC   ; 1      ; LABCELL_X27_Y15_N39                       ; u_soc|crypto_accelerator|u_core|u_aes|u_sub_byte_core|aff_trans_0|aff_trans_out_f~0|datad   ;
;   26.036 ;   0.301  ; FF ; CELL ; 5      ; LABCELL_X27_Y15_N39                       ; u_soc|crypto_accelerator|u_core|u_aes|u_sub_byte_core|aff_trans_0|aff_trans_out_f~0|combout ;
;   26.036 ;   0.000  ;    ; RE   ; 1      ; LABCELL_X27_Y15_N39                       ; ARRIAV_LCELL_COMB                                                                           ;
;   26.118 ;   0.082  ;    ; RE   ; 3      ; LE_BUFFER_X27_Y15_N0_I27                  ; LE_BUFFER                                                                                   ;
;   26.302 ;   0.184  ;    ; RE   ; 1      ; C4_X26_Y16_N0_I0                          ; V_SEG4                                                                                      ;
;   26.514 ;   0.212  ;    ; RE   ; 1      ; LOCAL_INTERCONNECT_X27_Y16_N0_I12         ; LAB_LINE                                                                                    ;
;   26.629 ;   0.115  ;    ; RE   ; 1      ; BLOCK_INPUT_MUX_X27_Y16_N0_I28            ; LEIM_INPUT                                                                                  ;
;   26.628 ;   -0.001 ; FF ; IC   ; 1      ; LABCELL_X27_Y16_N18                       ; u_soc|crypto_accelerator|u_core|u_aes|u_sub_byte_core|data_out_f[7]~7|datac                 ;
;   27.042 ;   0.414  ; FF ; CELL ; 20     ; LABCELL_X27_Y16_N18                       ; u_soc|crypto_accelerator|u_core|u_aes|u_sub_byte_core|data_out_f[7]~7|combout               ;
;   27.042 ;   0.000  ;    ; RE   ; 2      ; LABCELL_X27_Y16_N18                       ; ARRIAV_LCELL_COMB                                                                           ;
;   27.137 ;   0.095  ;    ; RE   ; 5      ; LE_BUFFER_X27_Y16_N0_I12                  ; LE_BUFFER                                                                                   ;
;   27.364 ;   0.227  ;    ; RE   ; 2      ; C2_X27_Y14_N0_I12                         ; V_SEG2                                                                                      ;
;   27.593 ;   0.229  ;    ; RE   ; 3      ; C2_X27_Y12_N0_I12                         ; V_SEG2                                                                                      ;
;   27.814 ;   0.221  ;    ; RE   ; 1      ; R6_X28_Y13_N0_I17                         ; H_SEG6                                                                                      ;
;   28.023 ;   0.209  ;    ; RE   ; 1      ; R3_X28_Y13_N0_I7                          ; H_SEG3                                                                                      ;
;   28.174 ;   0.151  ;    ; RE   ; 1      ; LOCAL_INTERCONNECT_X28_Y13_N0_I42         ; LAB_LINE                                                                                    ;
;   28.292 ;   0.118  ;    ; RE   ; 1      ; BLOCK_INPUT_MUX_X28_Y13_N0_I70            ; LEIM_INPUT                                                                                  ;
;   28.293 ;   0.001  ; FF ; IC   ; 1      ; FF_X28_Y13_N53                            ; u_soc|crypto_accelerator|u_core|u_aes|buf_a_f[5][7]|asdata                                  ;
;   28.808 ;   0.515  ; FF ; CELL ; 1      ; FF_X28_Y13_N53                            ; soc:u_soc|axi_slave_top:crypto_accelerator|axi_slave_core:u_core|aes:u_aes|buf_a_f[5][7]    ;
+----------+----------+----+------+--------+-------------------------------------------+---------------------------------------------------------------------------------------------+

+----------------------------------------------------------------------------------------------------------------------------------------------------+
; Data Required Path                                                                                                                                 ;
+---------+---------+----+------+--------+----------------+------------------------------------------------------------------------------------------+
; Total   ; Incr    ; RF ; Type ; Fanout ; Location       ; Element                                                                                  ;
+---------+---------+----+------+--------+----------------+------------------------------------------------------------------------------------------+
; 1.000   ; 1.000   ;    ;      ;        ;                ; latch edge time                                                                          ;
; 4.636   ; 3.636   ;    ;      ;        ;                ; clock path                                                                               ;
;   4.580 ;   3.580 ; R  ;      ;        ;                ; clock network delay                                                                      ;
;   4.636 ;   0.056 ;    ;      ;        ;                ; clock pessimism removed                                                                  ;
; 4.466   ; -0.170  ;    ;      ;        ;                ; clock uncertainty                                                                        ;
; 4.466   ; 0.000   ;    ; uTsu ; 1      ; FF_X28_Y13_N53 ; soc:u_soc|axi_slave_top:crypto_accelerator|axi_slave_core:u_core|aes:u_aes|buf_a_f[5][7] ;
+---------+---------+----+------+--------+----------------+------------------------------------------------------------------------------------------+

----------------------------
; Extra Fitter Information ;
----------------------------
HTML report is unavailable in plain text report export.


Path #11: Setup slack is -24.339 (VIOLATED)
===============================================================================
+---------------------------------------------------------------------------------------------------------------+
; Path Summary                                                                                                  ;
+--------------------+------------------------------------------------------------------------------------------+
; Property           ; Value                                                                                    ;
+--------------------+------------------------------------------------------------------------------------------+
; From Node          ; soc:u_soc|axi_slave_top:crypto_accelerator|axi_slave_core:u_core|aes:u_aes|kexp_i[1]     ;
; To Node            ; soc:u_soc|axi_slave_top:crypto_accelerator|axi_slave_core:u_core|aes:u_aes|buf_a_f[5][7] ;
; Launch Clock       ; CLOCK_50                                                                                 ;
; Latch Clock        ; CLOCK_50                                                                                 ;
; Data Arrival Time  ; 28.805                                                                                   ;
; Data Required Time ; 4.466                                                                                    ;
; Slack              ; -24.339 (VIOLATED)                                                                       ;
+--------------------+------------------------------------------------------------------------------------------+

+----------------------------------------------------------------------------------------+
; Statistics                                                                             ;
+---------------------------+--------+-------+-------------+------------+--------+-------+
; Property                  ; Value  ; Count ; Total Delay ; % of Total ; Min    ; Max   ;
+---------------------------+--------+-------+-------------+------------+--------+-------+
; Setup Relationship        ; 1.000  ;       ;             ;            ;        ;       ;
; Clock Skew                ; -0.423 ;       ;             ;            ;        ;       ;
; Data Delay                ; 24.746 ;       ;             ;            ;        ;       ;
; Number of Logic Levels    ;        ; 34    ;             ;            ;        ;       ;
; Physical Delays           ;        ;       ;             ;            ;        ;       ;
;  Arrival Path             ;        ;       ;             ;            ;        ;       ;
;   Clock                   ;        ;       ;             ;            ;        ;       ;
;    Clock Network (Lumped) ;        ; 1     ; 4.059       ; 100        ; 4.059  ; 4.059 ;
;   Data                    ;        ;       ;             ;            ;        ;       ;
;    IC                     ;        ; 35    ; -0.001      ; 0          ; -0.001 ; 0.001 ;
;    Cell                   ;        ; 36    ; 7.978       ; 32         ; 0.000  ; 0.515 ;
;    uTco                   ;        ; 1     ; 0.000       ; 0          ; 0.000  ; 0.000 ;
;    Routing Element        ;        ; 158   ; 16.769      ; 68         ; 0.000  ; 0.401 ;
;  Required Path            ;        ;       ;             ;            ;        ;       ;
;   Clock                   ;        ;       ;             ;            ;        ;       ;
;    Clock Network (Lumped) ;        ; 1     ; 3.580       ; 100        ; 3.580  ; 3.580 ;
+---------------------------+--------+-------+-------------+------------+--------+-------+
Note: Negative delays are omitted from totals when calculating percentages

+------------------------------------------------------------------------------------------------------------------------------------------------------------------------------------+
; Data Arrival Path                                                                                                                                                                  ;
+----------+----------+----+------+--------+-------------------------------------------+---------------------------------------------------------------------------------------------+
; Total    ; Incr     ; RF ; Type ; Fanout ; Location                                  ; Element                                                                                     ;
+----------+----------+----+------+--------+-------------------------------------------+---------------------------------------------------------------------------------------------+
; 0.000    ; 0.000    ;    ;      ;        ;                                           ; launch edge time                                                                            ;
; 4.059    ; 4.059    ;    ;      ;        ;                                           ; clock path                                                                                  ;
;   4.059  ;   4.059  ; R  ;      ;        ;                                           ; clock network delay                                                                         ;
; 28.805   ; 24.746   ;    ;      ;        ;                                           ; data path                                                                                   ;
;   4.059  ;   0.000  ;    ; uTco ; 1      ; FF_X30_Y23_N2                             ; soc:u_soc|axi_slave_top:crypto_accelerator|axi_slave_core:u_core|aes:u_aes|kexp_i[1]        ;
;   4.059  ;   0.000  ; FF ; CELL ; 239    ; FF_X30_Y23_N2                             ; u_soc|crypto_accelerator|u_core|u_aes|kexp_i[1]|q                                           ;
;   4.109  ;   0.050  ;    ; RE   ; 3      ; FF_X30_Y23_N2                             ; ARRIAV_FF                                                                                   ;
;   4.197  ;   0.088  ;    ; RE   ; 5      ; LE_BUFFER_X30_Y23_N0_I1                   ; LE_BUFFER                                                                                   ;
;   4.598  ;   0.401  ;    ; RE   ; 8      ; R6_X30_Y23_N0_I11                         ; H_SEG6                                                                                      ;
;   4.941  ;   0.343  ;    ; RE   ; 3      ; R6_X35_Y23_N0_I10                         ; H_SEG6                                                                                      ;
;   5.177  ;   0.236  ;    ; RE   ; 2      ; LOCAL_INTERCONNECT_X36_Y23_N0_I1          ; LAB_LINE                                                                                    ;
;   5.299  ;   0.122  ;    ; RE   ; 1      ; BLOCK_INPUT_MUX_X36_Y23_N0_I64            ; LEIM_INPUT                                                                                  ;
;   5.299  ;   0.000  ; FF ; IC   ; 1      ; LABCELL_X36_Y23_N48                       ; u_soc|crypto_accelerator|u_core|u_aes|sb_in_f~20|datad                                      ;
;   5.587  ;   0.288  ; FF ; CELL ; 3      ; LABCELL_X36_Y23_N48                       ; u_soc|crypto_accelerator|u_core|u_aes|sb_in_f~20|combout                                    ;
;   5.587  ;   0.000  ;    ; RE   ; 2      ; LABCELL_X36_Y23_N48                       ; ARRIAV_LCELL_COMB                                                                           ;
;   5.664  ;   0.077  ;    ; RE   ; 1      ; LOCAL_LINE_X36_Y23_N0_I16                 ; LOCAL_LINE                                                                                  ;
;   5.785  ;   0.121  ;    ; RE   ; 1      ; BLOCK_INPUT_MUX_X36_Y23_N0_I28            ; LEIM_INPUT                                                                                  ;
;   5.785  ;   0.000  ; FF ; IC   ; 1      ; LABCELL_X36_Y23_N18                       ; u_soc|crypto_accelerator|u_core|u_aes|sb_in_f~22|datac                                      ;
;   6.202  ;   0.417  ; FF ; CELL ; 48     ; LABCELL_X36_Y23_N18                       ; u_soc|crypto_accelerator|u_core|u_aes|sb_in_f~22|combout                                    ;
;   6.202  ;   0.000  ;    ; RE   ; 2      ; LABCELL_X36_Y23_N18                       ; ARRIAV_LCELL_COMB                                                                           ;
;   6.299  ;   0.097  ;    ; RE   ; 2      ; LE_BUFFER_X36_Y23_N0_I13                  ; LE_BUFFER                                                                                   ;
;   6.497  ;   0.198  ;    ; RE   ; 2      ; R3_X36_Y23_N0_I1                          ; H_SEG3                                                                                      ;
;   6.497  ;   0.000  ;    ; RE   ; 2      ; R14_C12_INTERCONNECT_DRIVER_X36_Y23_N0_I1 ; WIRE_MUX                                                                                    ;
;   6.740  ;   0.243  ;    ; RE   ; 2      ; R14_X23_Y23_N0_I1                         ; H_SEG14                                                                                     ;
;   6.966  ;   0.226  ;    ; RE   ; 1      ; C2_X22_Y21_N0_I15                         ; V_SEG2                                                                                      ;
;   7.290  ;   0.324  ;    ; RE   ; 1      ; R6_X17_Y21_N0_I26                         ; H_SEG6                                                                                      ;
;   7.504  ;   0.214  ;    ; RE   ; 3      ; LOCAL_INTERCONNECT_X19_Y21_N0_I12         ; LAB_LINE                                                                                    ;
;   7.618  ;   0.114  ;    ; RE   ; 1      ; BLOCK_INPUT_MUX_X19_Y21_N0_I71            ; LEIM_INPUT                                                                                  ;
;   7.618  ;   0.000  ; FF ; IC   ; 1      ; LABCELL_X19_Y21_N51                       ; u_soc|crypto_accelerator|u_core|u_aes|sb_in_f~545|dataf                                     ;
;   7.689  ;   0.071  ; FF ; CELL ; 1      ; LABCELL_X19_Y21_N51                       ; u_soc|crypto_accelerator|u_core|u_aes|sb_in_f~545|combout                                   ;
;   7.689  ;   0.000  ;    ; RE   ; 1      ; LABCELL_X19_Y21_N51                       ; ARRIAV_LCELL_COMB                                                                           ;
;   7.745  ;   0.056  ;    ; RE   ; 1      ; LE_BUFFER_X19_Y21_N0_I34                  ; LE_BUFFER                                                                                   ;
;   7.885  ;   0.140  ;    ; RE   ; 1      ; R3_X17_Y21_N0_I21                         ; H_SEG3                                                                                      ;
;   7.885  ;   0.000  ;    ; RE   ; 1      ; R14_C12_INTERCONNECT_DRIVER_X19_Y21_N0_I2 ; WIRE_MUX                                                                                    ;
;   8.123  ;   0.238  ;    ; RE   ; 1      ; R14_X20_Y21_N0_I0                         ; H_SEG14                                                                                     ;
;   8.332  ;   0.209  ;    ; RE   ; 1      ; C2_X30_Y22_N0_I7                          ; V_SEG2                                                                                      ;
;   8.509  ;   0.177  ;    ; RE   ; 1      ; R6_X31_Y22_N0_I16                         ; H_SEG6                                                                                      ;
;   8.677  ;   0.168  ;    ; RE   ; 1      ; LOCAL_INTERCONNECT_X31_Y22_N0_I16         ; LAB_LINE                                                                                    ;
;   8.784  ;   0.107  ;    ; RE   ; 1      ; BLOCK_INPUT_MUX_X31_Y22_N0_I56            ; LEIM_INPUT                                                                                  ;
;   8.784  ;   0.000  ; FF ; IC   ; 1      ; LABCELL_X31_Y22_N42                       ; u_soc|crypto_accelerator|u_core|u_aes|sb_in_f~761|datad                                     ;
;   9.086  ;   0.302  ; FR ; CELL ; 1      ; LABCELL_X31_Y22_N42                       ; u_soc|crypto_accelerator|u_core|u_aes|sb_in_f~761|combout                                   ;
;   9.086  ;   0.000  ;    ; RE   ; 1      ; LABCELL_X31_Y22_N42                       ; ARRIAV_LCELL_COMB                                                                           ;
;   9.174  ;   0.088  ;    ; RE   ; 1      ; LOCAL_LINE_X31_Y22_N0_I14                 ; LOCAL_LINE                                                                                  ;
;   9.279  ;   0.105  ;    ; RE   ; 1      ; BLOCK_INPUT_MUX_X31_Y22_N0_I65            ; LEIM_INPUT                                                                                  ;
;   9.279  ;   0.000  ; RR ; IC   ; 1      ; LABCELL_X31_Y22_N48                       ; u_soc|crypto_accelerator|u_core|u_aes|sb_in_f~546|dataf                                     ;
;   9.357  ;   0.078  ; RR ; CELL ; 1      ; LABCELL_X31_Y22_N48                       ; u_soc|crypto_accelerator|u_core|u_aes|sb_in_f~546|combout                                   ;
;   9.357  ;   0.000  ;    ; RE   ; 1      ; LABCELL_X31_Y22_N48                       ; ARRIAV_LCELL_COMB                                                                           ;
;   9.457  ;   0.100  ;    ; RE   ; 1      ; LOCAL_LINE_X31_Y22_N0_I16                 ; LOCAL_LINE                                                                                  ;
;   9.564  ;   0.107  ;    ; RE   ; 1      ; BLOCK_INPUT_MUX_X31_Y22_N0_I17            ; LEIM_INPUT                                                                                  ;
;   9.564  ;   0.000  ; RR ; IC   ; 1      ; LABCELL_X31_Y22_N12                       ; u_soc|crypto_accelerator|u_core|u_aes|sb_in_f~548|dataf                                     ;
;   9.648  ;   0.084  ; RF ; CELL ; 1      ; LABCELL_X31_Y22_N12                       ; u_soc|crypto_accelerator|u_core|u_aes|sb_in_f~548|combout                                   ;
;   9.648  ;   0.000  ;    ; RE   ; 1      ; LABCELL_X31_Y22_N12                       ; ARRIAV_LCELL_COMB                                                                           ;
;   9.730  ;   0.082  ;    ; RE   ; 1      ; LOCAL_LINE_X31_Y22_N0_I4                  ; LOCAL_LINE                                                                                  ;
;   9.855  ;   0.125  ;    ; RE   ; 1      ; BLOCK_INPUT_MUX_X31_Y22_N0_I55            ; LEIM_INPUT                                                                                  ;
;   9.855  ;   0.000  ; FF ; IC   ; 1      ; LABCELL_X31_Y22_N39                       ; u_soc|crypto_accelerator|u_core|u_aes|sb_in_f~550|dataf                                     ;
;   9.926  ;   0.071  ; FF ; CELL ; 1      ; LABCELL_X31_Y22_N39                       ; u_soc|crypto_accelerator|u_core|u_aes|sb_in_f~550|combout                                   ;
;   9.926  ;   0.000  ;    ; RE   ; 1      ; LABCELL_X31_Y22_N39                       ; ARRIAV_LCELL_COMB                                                                           ;
;   9.995  ;   0.069  ;    ; RE   ; 1      ; LE_BUFFER_X31_Y22_N0_I27                  ; LE_BUFFER                                                                                   ;
;   10.173 ;   0.178  ;    ; RE   ; 1      ; C2_X30_Y20_N0_I14                         ; V_SEG2                                                                                      ;
;   10.381 ;   0.208  ;    ; RE   ; 1      ; C2_X30_Y18_N0_I14                         ; V_SEG2                                                                                      ;
;   10.747 ;   0.366  ;    ; RE   ; 1      ; R6_X31_Y18_N0_I5                          ; H_SEG6                                                                                      ;
;   10.991 ;   0.244  ;    ; RE   ; 1      ; LOCAL_INTERCONNECT_X36_Y18_N0_I39         ; LAB_LINE                                                                                    ;
;   11.107 ;   0.116  ;    ; RE   ; 1      ; BLOCK_INPUT_MUX_X36_Y18_N0_I9             ; LEIM_INPUT                                                                                  ;
;   11.107 ;   0.000  ; FF ; IC   ; 1      ; LABCELL_X36_Y18_N6                        ; u_soc|crypto_accelerator|u_core|u_aes|sb_in_f~553|dataf                                     ;
;   11.189 ;   0.082  ; FR ; CELL ; 1      ; LABCELL_X36_Y18_N6                        ; u_soc|crypto_accelerator|u_core|u_aes|sb_in_f~553|combout                                   ;
;   11.189 ;   0.000  ;    ; RE   ; 1      ; LABCELL_X36_Y18_N6                        ; ARRIAV_LCELL_COMB                                                                           ;
;   11.292 ;   0.103  ;    ; RE   ; 1      ; LOCAL_LINE_X36_Y18_N0_I2                  ; LOCAL_LINE                                                                                  ;
;   11.399 ;   0.107  ;    ; RE   ; 1      ; BLOCK_INPUT_MUX_X36_Y18_N0_I65            ; LEIM_INPUT                                                                                  ;
;   11.399 ;   0.000  ; RR ; IC   ; 1      ; LABCELL_X36_Y18_N48                       ; u_soc|crypto_accelerator|u_core|u_aes|sb_in_f~555|dataf                                     ;
;   11.477 ;   0.078  ; RR ; CELL ; 1      ; LABCELL_X36_Y18_N48                       ; u_soc|crypto_accelerator|u_core|u_aes|sb_in_f~555|combout                                   ;
;   11.477 ;   0.000  ;    ; RE   ; 1      ; LABCELL_X36_Y18_N48                       ; ARRIAV_LCELL_COMB                                                                           ;
;   11.570 ;   0.093  ;    ; RE   ; 1      ; LOCAL_LINE_X36_Y18_N0_I16                 ; LOCAL_LINE                                                                                  ;
;   11.675 ;   0.105  ;    ; RE   ; 1      ; BLOCK_INPUT_MUX_X36_Y18_N0_I41            ; LEIM_INPUT                                                                                  ;
;   11.675 ;   0.000  ; RR ; IC   ; 1      ; LABCELL_X36_Y18_N30                       ; u_soc|crypto_accelerator|u_core|u_aes|sb_in_f~557|dataf                                     ;
;   11.753 ;   0.078  ; RR ; CELL ; 1      ; LABCELL_X36_Y18_N30                       ; u_soc|crypto_accelerator|u_core|u_aes|sb_in_f~557|combout                                   ;
;   11.753 ;   0.000  ;    ; RE   ; 1      ; LABCELL_X36_Y18_N30                       ; ARRIAV_LCELL_COMB                                                                           ;
;   11.865 ;   0.112  ;    ; RE   ; 1      ; LOCAL_LINE_X36_Y18_N0_I10                 ; LOCAL_LINE                                                                                  ;
;   11.971 ;   0.106  ;    ; RE   ; 1      ; BLOCK_INPUT_MUX_X36_Y18_N0_I17            ; LEIM_INPUT                                                                                  ;
;   11.972 ;   0.001  ; RR ; IC   ; 1      ; LABCELL_X36_Y18_N12                       ; u_soc|crypto_accelerator|u_core|u_aes|sb_in_f~559|dataf                                     ;
;   12.050 ;   0.078  ; RR ; CELL ; 1      ; LABCELL_X36_Y18_N12                       ; u_soc|crypto_accelerator|u_core|u_aes|sb_in_f~559|combout                                   ;
;   12.050 ;   0.000  ;    ; RE   ; 1      ; LABCELL_X36_Y18_N12                       ; ARRIAV_LCELL_COMB                                                                           ;
;   12.142 ;   0.092  ;    ; RE   ; 1      ; LOCAL_LINE_X36_Y18_N0_I4                  ; LOCAL_LINE                                                                                  ;
;   12.248 ;   0.106  ;    ; RE   ; 1      ; BLOCK_INPUT_MUX_X36_Y18_N0_I25            ; LEIM_INPUT                                                                                  ;
;   12.248 ;   0.000  ; RR ; IC   ; 1      ; LABCELL_X36_Y18_N18                       ; u_soc|crypto_accelerator|u_core|u_aes|sb_in_f~561|dataf                                     ;
;   12.325 ;   0.077  ; RR ; CELL ; 1      ; LABCELL_X36_Y18_N18                       ; u_soc|crypto_accelerator|u_core|u_aes|sb_in_f~561|combout                                   ;
;   12.325 ;   0.000  ;    ; RE   ; 1      ; LABCELL_X36_Y18_N18                       ; ARRIAV_LCELL_COMB                                                                           ;
;   12.434 ;   0.109  ;    ; RE   ; 1      ; LE_BUFFER_X36_Y18_N0_I13                  ; LE_BUFFER                                                                                   ;
;   12.538 ;   0.104  ;    ; RE   ; 1      ; LOCAL_INTERCONNECT_X35_Y18_N0_I36         ; LAB_LINE                                                                                    ;
;   12.641 ;   0.103  ;    ; RE   ; 1      ; BLOCK_INPUT_MUX_X35_Y18_N0_I33            ; LEIM_INPUT                                                                                  ;
;   12.642 ;   0.001  ; RR ; IC   ; 1      ; LABCELL_X35_Y18_N24                       ; u_soc|crypto_accelerator|u_core|u_aes|sb_in_f~563|dataf                                     ;
;   12.720 ;   0.078  ; RR ; CELL ; 1      ; LABCELL_X35_Y18_N24                       ; u_soc|crypto_accelerator|u_core|u_aes|sb_in_f~563|combout                                   ;
;   12.720 ;   0.000  ;    ; RE   ; 1      ; LABCELL_X35_Y18_N24                       ; ARRIAV_LCELL_COMB                                                                           ;
;   12.809 ;   0.089  ;    ; RE   ; 1      ; LOCAL_LINE_X35_Y18_N0_I8                  ; LOCAL_LINE                                                                                  ;
;   12.913 ;   0.104  ;    ; RE   ; 1      ; BLOCK_INPUT_MUX_X35_Y18_N0_I25            ; LEIM_INPUT                                                                                  ;
;   12.913 ;   0.000  ; RR ; IC   ; 1      ; LABCELL_X35_Y18_N18                       ; u_soc|crypto_accelerator|u_core|u_aes|sb_in_f~565|dataf                                     ;
;   12.990 ;   0.077  ; RR ; CELL ; 1      ; LABCELL_X35_Y18_N18                       ; u_soc|crypto_accelerator|u_core|u_aes|sb_in_f~565|combout                                   ;
;   12.990 ;   0.000  ;    ; RE   ; 1      ; LABCELL_X35_Y18_N18                       ; ARRIAV_LCELL_COMB                                                                           ;
;   13.075 ;   0.085  ;    ; RE   ; 1      ; LE_BUFFER_X35_Y18_N0_I13                  ; LE_BUFFER                                                                                   ;
;   13.182 ;   0.107  ;    ; RE   ; 1      ; LOCAL_INTERCONNECT_X34_Y18_N0_I36         ; LAB_LINE                                                                                    ;
;   13.286 ;   0.104  ;    ; RE   ; 1      ; BLOCK_INPUT_MUX_X34_Y18_N0_I1             ; LEIM_INPUT                                                                                  ;
;   13.287 ;   0.001  ; RR ; IC   ; 1      ; MLABCELL_X34_Y18_N0                       ; u_soc|crypto_accelerator|u_core|u_aes|sb_in_f~567|dataf                                     ;
;   13.364 ;   0.077  ; RR ; CELL ; 1      ; MLABCELL_X34_Y18_N0                       ; u_soc|crypto_accelerator|u_core|u_aes|sb_in_f~567|combout                                   ;
;   13.364 ;   0.000  ;    ; RE   ; 1      ; MLABCELL_X34_Y18_N0                       ; ARRIAV_LCELL_COMB                                                                           ;
;   13.469 ;   0.105  ;    ; RE   ; 1      ; LE_BUFFER_X34_Y18_N0_I1                   ; LE_BUFFER                                                                                   ;
;   13.647 ;   0.178  ;    ; RE   ; 1      ; C2_X33_Y16_N0_I18                         ; V_SEG2                                                                                      ;
;   13.831 ;   0.184  ;    ; RE   ; 1      ; R3_X31_Y17_N0_I20                         ; H_SEG3                                                                                      ;
;   13.970 ;   0.139  ;    ; RE   ; 1      ; LOCAL_INTERCONNECT_X31_Y17_N0_I28         ; LAB_LINE                                                                                    ;
;   14.073 ;   0.103  ;    ; RE   ; 1      ; BLOCK_INPUT_MUX_X31_Y17_N0_I17            ; LEIM_INPUT                                                                                  ;
;   14.072 ;   -0.001 ; RR ; IC   ; 1      ; LABCELL_X31_Y17_N12                       ; u_soc|crypto_accelerator|u_core|u_aes|sb_in_f~569|dataf                                     ;
;   14.150 ;   0.078  ; RR ; CELL ; 1      ; LABCELL_X31_Y17_N12                       ; u_soc|crypto_accelerator|u_core|u_aes|sb_in_f~569|combout                                   ;
;   14.150 ;   0.000  ;    ; RE   ; 1      ; LABCELL_X31_Y17_N12                       ; ARRIAV_LCELL_COMB                                                                           ;
;   14.247 ;   0.097  ;    ; RE   ; 1      ; LOCAL_LINE_X31_Y17_N0_I4                  ; LOCAL_LINE                                                                                  ;
;   14.353 ;   0.106  ;    ; RE   ; 1      ; BLOCK_INPUT_MUX_X31_Y17_N0_I1             ; LEIM_INPUT                                                                                  ;
;   14.353 ;   0.000  ; RR ; IC   ; 1      ; LABCELL_X31_Y17_N0                        ; u_soc|crypto_accelerator|u_core|u_aes|Selector4548~1|dataf                                  ;
;   14.439 ;   0.086  ; RF ; CELL ; 4      ; LABCELL_X31_Y17_N0                        ; u_soc|crypto_accelerator|u_core|u_aes|Selector4548~1|combout                                ;
;   14.439 ;   0.000  ;    ; RE   ; 2      ; LABCELL_X31_Y17_N0                        ; ARRIAV_LCELL_COMB                                                                           ;
;   14.494 ;   0.055  ;    ; RE   ; 1      ; LE_BUFFER_X31_Y17_N0_I0                   ; LE_BUFFER                                                                                   ;
;   14.644 ;   0.150  ;    ; RE   ; 1      ; R6_X26_Y17_N0_I22                         ; H_SEG6                                                                                      ;
;   14.831 ;   0.187  ;    ; RE   ; 1      ; LOCAL_INTERCONNECT_X31_Y17_N0_I35         ; LAB_LINE                                                                                    ;
;   14.942 ;   0.111  ;    ; RE   ; 1      ; BLOCK_INPUT_MUX_X31_Y17_N0_I77            ; LEIM_INPUT                                                                                  ;
;   14.942 ;   0.000  ; FF ; IC   ; 1      ; LABCELL_X31_Y17_N57                       ; u_soc|crypto_accelerator|u_core|u_aes|u_sub_byte_core|gf_in_f[4]~1|datac                    ;
;   15.355 ;   0.413  ; FF ; CELL ; 8      ; LABCELL_X31_Y17_N57                       ; u_soc|crypto_accelerator|u_core|u_aes|u_sub_byte_core|gf_in_f[4]~1|combout                  ;
;   15.355 ;   0.000  ;    ; RE   ; 2      ; LABCELL_X31_Y17_N57                       ; ARRIAV_LCELL_COMB                                                                           ;
;   15.435 ;   0.080  ;    ; RE   ; 2      ; LOCAL_LINE_X31_Y17_N0_I19                 ; LOCAL_LINE                                                                                  ;
;   15.536 ;   0.101  ;    ; RE   ; 1      ; BLOCK_INPUT_MUX_X31_Y17_N0_I35            ; LEIM_INPUT                                                                                  ;
;   15.536 ;   0.000  ; FF ; IC   ; 1      ; LABCELL_X31_Y17_N24                       ; u_soc|crypto_accelerator|u_core|u_aes|u_sub_byte_core|gf_0|dr_xor2~0|datab                  ;
;   15.993 ;   0.457  ; FF ; CELL ; 3      ; LABCELL_X31_Y17_N24                       ; u_soc|crypto_accelerator|u_core|u_aes|u_sub_byte_core|gf_0|dr_xor2~0|combout                ;
;   15.993 ;   0.000  ;    ; RE   ; 2      ; LABCELL_X31_Y17_N24                       ; ARRIAV_LCELL_COMB                                                                           ;
;   16.071 ;   0.078  ;    ; RE   ; 1      ; LOCAL_LINE_X31_Y17_N0_I8                  ; LOCAL_LINE                                                                                  ;
;   16.167 ;   0.096  ;    ; RE   ; 2      ; BLOCK_INPUT_MUX_X31_Y17_N0_I50            ; LEIM_INPUT                                                                                  ;
;   16.166 ;   -0.001 ; FF ; IC   ; 1      ; LABCELL_X31_Y17_N39                       ; u_soc|crypto_accelerator|u_core|u_aes|u_sub_byte_core|gf_0|al_sq_f[1]~0|dataa               ;
;   16.648 ;   0.482  ; FF ; CELL ; 19     ; LABCELL_X31_Y17_N39                       ; u_soc|crypto_accelerator|u_core|u_aes|u_sub_byte_core|gf_0|al_sq_f[1]~0|combout             ;
;   16.648 ;   0.000  ;    ; RE   ; 2      ; LABCELL_X31_Y17_N39                       ; ARRIAV_LCELL_COMB                                                                           ;
;   16.722 ;   0.074  ;    ; RE   ; 2      ; LE_BUFFER_X31_Y17_N0_I27                  ; LE_BUFFER                                                                                   ;
;   16.907 ;   0.185  ;    ; RE   ; 2      ; C2_X30_Y15_N0_I14                         ; V_SEG2                                                                                      ;
;   17.083 ;   0.176  ;    ; RE   ; 2      ; LOCAL_INTERCONNECT_X31_Y15_N0_I12         ; LAB_LINE                                                                                    ;
;   17.174 ;   0.091  ;    ; RE   ; 2      ; BLOCK_INPUT_MUX_X31_Y15_N0_I18            ; LEIM_INPUT                                                                                  ;
;   17.174 ;   0.000  ; FF ; IC   ; 1      ; LABCELL_X31_Y15_N15                       ; u_soc|crypto_accelerator|u_core|u_aes|u_sub_byte_core|gf_0|dr_xor2~10|dataa                 ;
;   17.633 ;   0.459  ; FF ; CELL ; 1      ; LABCELL_X31_Y15_N15                       ; u_soc|crypto_accelerator|u_core|u_aes|u_sub_byte_core|gf_0|dr_xor2~10|combout               ;
;   17.633 ;   0.000  ;    ; RE   ; 1      ; LABCELL_X31_Y15_N15                       ; ARRIAV_LCELL_COMB                                                                           ;
;   17.718 ;   0.085  ;    ; RE   ; 1      ; LOCAL_LINE_X31_Y15_N0_I5                  ; LOCAL_LINE                                                                                  ;
;   17.832 ;   0.114  ;    ; RE   ; 1      ; BLOCK_INPUT_MUX_X31_Y15_N0_I49            ; LEIM_INPUT                                                                                  ;
;   17.832 ;   0.000  ; FF ; IC   ; 1      ; LABCELL_X31_Y15_N36                       ; u_soc|crypto_accelerator|u_core|u_aes|u_sub_byte_core|gf_0|dr_xor2~11|dataf                 ;
;   17.914 ;   0.082  ; FR ; CELL ; 2      ; LABCELL_X31_Y15_N36                       ; u_soc|crypto_accelerator|u_core|u_aes|u_sub_byte_core|gf_0|dr_xor2~11|combout               ;
;   17.914 ;   0.000  ;    ; RE   ; 1      ; LABCELL_X31_Y15_N36                       ; ARRIAV_LCELL_COMB                                                                           ;
;   18.043 ;   0.129  ;    ; RE   ; 2      ; LOCAL_LINE_X31_Y15_N0_I12                 ; LOCAL_LINE                                                                                  ;
;   18.163 ;   0.120  ;    ; RE   ; 1      ; BLOCK_INPUT_MUX_X31_Y15_N0_I0             ; LEIM_INPUT                                                                                  ;
;   18.163 ;   0.000  ; RR ; IC   ; 1      ; LABCELL_X31_Y15_N0                        ; u_soc|crypto_accelerator|u_core|u_aes|u_sub_byte_core|gf_0|dr_xor2~13|datad                 ;
;   18.467 ;   0.304  ; RF ; CELL ; 4      ; LABCELL_X31_Y15_N0                        ; u_soc|crypto_accelerator|u_core|u_aes|u_sub_byte_core|gf_0|dr_xor2~13|combout               ;
;   18.467 ;   0.000  ;    ; RE   ; 3      ; LABCELL_X31_Y15_N0                        ; ARRIAV_LCELL_COMB                                                                           ;
;   18.524 ;   0.057  ;    ; RE   ; 1      ; LE_BUFFER_X31_Y15_N0_I0                   ; LE_BUFFER                                                                                   ;
;   18.677 ;   0.153  ;    ; RE   ; 2      ; R6_X26_Y15_N0_I22                         ; H_SEG6                                                                                      ;
;   18.886 ;   0.209  ;    ; RE   ; 1      ; LOCAL_INTERCONNECT_X31_Y15_N0_I35         ; LAB_LINE                                                                                    ;
;   19.004 ;   0.118  ;    ; RE   ; 1      ; BLOCK_INPUT_MUX_X31_Y15_N0_I73            ; LEIM_INPUT                                                                                  ;
;   19.003 ;   -0.001 ; FF ; IC   ; 1      ; LABCELL_X31_Y15_N54                       ; u_soc|crypto_accelerator|u_core|u_aes|u_sub_byte_core|gf_0|ah_mul_al_t[1]~1|dataf           ;
;   19.079 ;   0.076  ; FF ; CELL ; 2      ; LABCELL_X31_Y15_N54                       ; u_soc|crypto_accelerator|u_core|u_aes|u_sub_byte_core|gf_0|ah_mul_al_t[1]~1|combout         ;
;   19.079 ;   0.000  ;    ; RE   ; 2      ; LABCELL_X31_Y15_N54                       ; ARRIAV_LCELL_COMB                                                                           ;
;   19.160 ;   0.081  ;    ; RE   ; 1      ; LOCAL_LINE_X31_Y15_N0_I18                 ; LOCAL_LINE                                                                                  ;
;   19.283 ;   0.123  ;    ; RE   ; 1      ; BLOCK_INPUT_MUX_X31_Y15_N0_I46            ; LEIM_INPUT                                                                                  ;
;   19.283 ;   0.000  ; FF ; IC   ; 1      ; LABCELL_X31_Y15_N33                       ; u_soc|crypto_accelerator|u_core|u_aes|u_sub_byte_core|gf_0|dr_xor2~27|datae                 ;
;   19.539 ;   0.256  ; FF ; CELL ; 6      ; LABCELL_X31_Y15_N33                       ; u_soc|crypto_accelerator|u_core|u_aes|u_sub_byte_core|gf_0|dr_xor2~27|combout               ;
;   19.539 ;   0.000  ;    ; RE   ; 2      ; LABCELL_X31_Y15_N33                       ; ARRIAV_LCELL_COMB                                                                           ;
;   19.609 ;   0.070  ;    ; RE   ; 1      ; LE_BUFFER_X31_Y15_N0_I23                  ; LE_BUFFER                                                                                   ;
;   19.762 ;   0.153  ;    ; RE   ; 1      ; R6_X31_Y15_N0_I16                         ; H_SEG6                                                                                      ;
;   19.930 ;   0.168  ;    ; RE   ; 1      ; LOCAL_INTERCONNECT_X31_Y15_N0_I16         ; LAB_LINE                                                                                    ;
;   20.032 ;   0.102  ;    ; RE   ; 1      ; BLOCK_INPUT_MUX_X31_Y15_N0_I54            ; LEIM_INPUT                                                                                  ;
;   20.031 ;   -0.001 ; FF ; IC   ; 1      ; LABCELL_X31_Y15_N39                       ; u_soc|crypto_accelerator|u_core|u_aes|u_sub_byte_core|gf_0|d_f[1]|datad                     ;
;   20.335 ;   0.304  ; FF ; CELL ; 17     ; LABCELL_X31_Y15_N39                       ; u_soc|crypto_accelerator|u_core|u_aes|u_sub_byte_core|gf_0|d_f[1]|combout                   ;
;   20.335 ;   0.000  ;    ; RE   ; 2      ; LABCELL_X31_Y15_N39                       ; ARRIAV_LCELL_COMB                                                                           ;
;   20.419 ;   0.084  ;    ; RE   ; 5      ; LE_BUFFER_X31_Y15_N0_I26                  ; LE_BUFFER                                                                                   ;
;   20.588 ;   0.169  ;    ; RE   ; 1      ; C2_X31_Y16_N0_I10                         ; V_SEG2                                                                                      ;
;   20.788 ;   0.200  ;    ; RE   ; 2      ; R3_X29_Y16_N0_I14                         ; H_SEG3                                                                                      ;
;   20.928 ;   0.140  ;    ; RE   ; 1      ; LOCAL_INTERCONNECT_X29_Y16_N0_I2          ; LAB_LINE                                                                                    ;
;   21.029 ;   0.101  ;    ; RE   ; 1      ; BLOCK_INPUT_MUX_X29_Y16_N0_I30            ; LEIM_INPUT                                                                                  ;
;   21.028 ;   -0.001 ; FF ; IC   ; 1      ; LABCELL_X29_Y16_N21                       ; u_soc|crypto_accelerator|u_core|u_aes|u_sub_byte_core|gf_0|d_inv_t[3]~6|datae               ;
;   21.284 ;   0.256  ; FF ; CELL ; 3      ; LABCELL_X29_Y16_N21                       ; u_soc|crypto_accelerator|u_core|u_aes|u_sub_byte_core|gf_0|d_inv_t[3]~6|combout             ;
;   21.284 ;   0.000  ;    ; RE   ; 2      ; LABCELL_X29_Y16_N21                       ; ARRIAV_LCELL_COMB                                                                           ;
;   21.360 ;   0.076  ;    ; RE   ; 2      ; LOCAL_LINE_X29_Y16_N0_I7                  ; LOCAL_LINE                                                                                  ;
;   21.483 ;   0.123  ;    ; RE   ; 1      ; BLOCK_INPUT_MUX_X29_Y16_N0_I8             ; LEIM_INPUT                                                                                  ;
;   21.483 ;   0.000  ; FF ; IC   ; 1      ; LABCELL_X29_Y16_N6                        ; u_soc|crypto_accelerator|u_core|u_aes|u_sub_byte_core|gf_0|d_inv_t[3]~7|datad               ;
;   21.786 ;   0.303  ; FR ; CELL ; 8      ; LABCELL_X29_Y16_N6                        ; u_soc|crypto_accelerator|u_core|u_aes|u_sub_byte_core|gf_0|d_inv_t[3]~7|combout             ;
;   21.786 ;   0.000  ;    ; RE   ; 2      ; LABCELL_X29_Y16_N6                        ; ARRIAV_LCELL_COMB                                                                           ;
;   21.875 ;   0.089  ;    ; RE   ; 2      ; LE_BUFFER_X29_Y16_N0_I4                   ; LE_BUFFER                                                                                   ;
;   22.011 ;   0.136  ;    ; RE   ; 1      ; C2_X29_Y14_N0_I19                         ; V_SEG2                                                                                      ;
;   22.141 ;   0.130  ;    ; RE   ; 1      ; R3_X27_Y15_N0_I12                         ; H_SEG3                                                                                      ;
;   22.267 ;   0.126  ;    ; RE   ; 1      ; LOCAL_INTERCONNECT_X28_Y15_N0_I9          ; LAB_LINE                                                                                    ;
;   22.378 ;   0.111  ;    ; RE   ; 1      ; BLOCK_INPUT_MUX_X28_Y15_N0_I32            ; LEIM_INPUT                                                                                  ;
;   22.378 ;   0.000  ; RR ; IC   ; 1      ; MLABCELL_X28_Y15_N24                      ; u_soc|crypto_accelerator|u_core|u_aes|u_sub_byte_core|gf_0|dr_xor2~67|datae                 ;
;   22.635 ;   0.257  ; RF ; CELL ; 4      ; MLABCELL_X28_Y15_N24                      ; u_soc|crypto_accelerator|u_core|u_aes|u_sub_byte_core|gf_0|dr_xor2~67|combout               ;
;   22.635 ;   0.000  ;    ; RE   ; 1      ; MLABCELL_X28_Y15_N24                      ; ARRIAV_LCELL_COMB                                                                           ;
;   22.698 ;   0.063  ;    ; RE   ; 2      ; LE_BUFFER_X28_Y15_N0_I16                  ; LE_BUFFER                                                                                   ;
;   22.852 ;   0.154  ;    ; RE   ; 1      ; C2_X28_Y16_N0_I9                          ; V_SEG2                                                                                      ;
;   23.028 ;   0.176  ;    ; RE   ; 1      ; R6_X23_Y16_N0_I26                         ; H_SEG6                                                                                      ;
;   23.210 ;   0.182  ;    ; RE   ; 2      ; LOCAL_INTERCONNECT_X28_Y16_N0_I41         ; LAB_LINE                                                                                    ;
;   23.337 ;   0.127  ;    ; RE   ; 1      ; BLOCK_INPUT_MUX_X28_Y16_N0_I72            ; LEIM_INPUT                                                                                  ;
;   23.338 ;   0.001  ; FF ; IC   ; 1      ; MLABCELL_X28_Y16_N54                      ; u_soc|crypto_accelerator|u_core|u_aes|u_sub_byte_core|gf_0|dr_xor2~69|datad                 ;
;   23.644 ;   0.306  ; FR ; CELL ; 2      ; MLABCELL_X28_Y16_N54                      ; u_soc|crypto_accelerator|u_core|u_aes|u_sub_byte_core|gf_0|dr_xor2~69|combout               ;
;   23.644 ;   0.000  ;    ; RE   ; 2      ; MLABCELL_X28_Y16_N54                      ; ARRIAV_LCELL_COMB                                                                           ;
;   23.753 ;   0.109  ;    ; RE   ; 1      ; LE_BUFFER_X28_Y16_N0_I37                  ; LE_BUFFER                                                                                   ;
;   23.883 ;   0.130  ;    ; RE   ; 1      ; R3_X28_Y16_N0_I7                          ; H_SEG3                                                                                      ;
;   24.017 ;   0.134  ;    ; RE   ; 1      ; LOCAL_INTERCONNECT_X28_Y16_N0_I15         ; LAB_LINE                                                                                    ;
;   24.129 ;   0.112  ;    ; RE   ; 1      ; BLOCK_INPUT_MUX_X28_Y16_N0_I23            ; LEIM_INPUT                                                                                  ;
;   24.129 ;   0.000  ; RR ; IC   ; 1      ; MLABCELL_X28_Y16_N15                      ; u_soc|crypto_accelerator|u_core|u_aes|u_sub_byte_core|gf_0|al_out_t[2]|dataf                ;
;   24.216 ;   0.087  ; RF ; CELL ; 6      ; MLABCELL_X28_Y16_N15                      ; u_soc|crypto_accelerator|u_core|u_aes|u_sub_byte_core|gf_0|al_out_t[2]|combout              ;
;   24.216 ;   0.000  ;    ; RE   ; 2      ; MLABCELL_X28_Y16_N15                      ; ARRIAV_LCELL_COMB                                                                           ;
;   24.312 ;   0.096  ;    ; RE   ; 2      ; LOCAL_LINE_X28_Y16_N0_I5                  ; LOCAL_LINE                                                                                  ;
;   24.442 ;   0.130  ;    ; RE   ; 2      ; BLOCK_INPUT_MUX_X28_Y16_N0_I61            ; LEIM_INPUT                                                                                  ;
;   24.442 ;   0.000  ; FF ; IC   ; 1      ; MLABCELL_X28_Y16_N45                      ; u_soc|crypto_accelerator|u_core|u_aes|u_sub_byte_core|gf_0|data_out_f[5]~5|datac            ;
;   24.941 ;   0.499  ; FF ; CELL ; 5      ; MLABCELL_X28_Y16_N45                      ; u_soc|crypto_accelerator|u_core|u_aes|u_sub_byte_core|gf_0|data_out_f[5]~5|combout          ;
;   24.941 ;   0.000  ;    ; RE   ; 2      ; MLABCELL_X28_Y16_N45                      ; ARRIAV_LCELL_COMB                                                                           ;
;   24.997 ;   0.056  ;    ; RE   ; 1      ; LE_BUFFER_X28_Y16_N0_I30                  ; LE_BUFFER                                                                                   ;
;   25.145 ;   0.148  ;    ; RE   ; 1      ; C2_X28_Y14_N0_I15                         ; V_SEG2                                                                                      ;
;   25.320 ;   0.175  ;    ; RE   ; 1      ; R3_X26_Y15_N0_I13                         ; H_SEG3                                                                                      ;
;   25.506 ;   0.186  ;    ; RE   ; 1      ; LOCAL_INTERCONNECT_X27_Y15_N0_I19         ; LAB_LINE                                                                                    ;
;   25.625 ;   0.119  ;    ; RE   ; 1      ; BLOCK_INPUT_MUX_X27_Y15_N0_I53            ; LEIM_INPUT                                                                                  ;
;   25.625 ;   0.000  ; FF ; IC   ; 1      ; LABCELL_X27_Y15_N39                       ; u_soc|crypto_accelerator|u_core|u_aes|u_sub_byte_core|aff_trans_0|aff_trans_out_f~0|datac   ;
;   26.033 ;   0.408  ; FF ; CELL ; 5      ; LABCELL_X27_Y15_N39                       ; u_soc|crypto_accelerator|u_core|u_aes|u_sub_byte_core|aff_trans_0|aff_trans_out_f~0|combout ;
;   26.033 ;   0.000  ;    ; RE   ; 1      ; LABCELL_X27_Y15_N39                       ; ARRIAV_LCELL_COMB                                                                           ;
;   26.115 ;   0.082  ;    ; RE   ; 3      ; LE_BUFFER_X27_Y15_N0_I27                  ; LE_BUFFER                                                                                   ;
;   26.299 ;   0.184  ;    ; RE   ; 1      ; C4_X26_Y16_N0_I0                          ; V_SEG4                                                                                      ;
;   26.511 ;   0.212  ;    ; RE   ; 1      ; LOCAL_INTERCONNECT_X27_Y16_N0_I12         ; LAB_LINE                                                                                    ;
;   26.626 ;   0.115  ;    ; RE   ; 1      ; BLOCK_INPUT_MUX_X27_Y16_N0_I28            ; LEIM_INPUT                                                                                  ;
;   26.625 ;   -0.001 ; FF ; IC   ; 1      ; LABCELL_X27_Y16_N18                       ; u_soc|crypto_accelerator|u_core|u_aes|u_sub_byte_core|data_out_f[7]~7|datac                 ;
;   27.039 ;   0.414  ; FF ; CELL ; 20     ; LABCELL_X27_Y16_N18                       ; u_soc|crypto_accelerator|u_core|u_aes|u_sub_byte_core|data_out_f[7]~7|combout               ;
;   27.039 ;   0.000  ;    ; RE   ; 2      ; LABCELL_X27_Y16_N18                       ; ARRIAV_LCELL_COMB                                                                           ;
;   27.134 ;   0.095  ;    ; RE   ; 5      ; LE_BUFFER_X27_Y16_N0_I12                  ; LE_BUFFER                                                                                   ;
;   27.361 ;   0.227  ;    ; RE   ; 2      ; C2_X27_Y14_N0_I12                         ; V_SEG2                                                                                      ;
;   27.590 ;   0.229  ;    ; RE   ; 3      ; C2_X27_Y12_N0_I12                         ; V_SEG2                                                                                      ;
;   27.811 ;   0.221  ;    ; RE   ; 1      ; R6_X28_Y13_N0_I17                         ; H_SEG6                                                                                      ;
;   28.020 ;   0.209  ;    ; RE   ; 1      ; R3_X28_Y13_N0_I7                          ; H_SEG3                                                                                      ;
;   28.171 ;   0.151  ;    ; RE   ; 1      ; LOCAL_INTERCONNECT_X28_Y13_N0_I42         ; LAB_LINE                                                                                    ;
;   28.289 ;   0.118  ;    ; RE   ; 1      ; BLOCK_INPUT_MUX_X28_Y13_N0_I70            ; LEIM_INPUT                                                                                  ;
;   28.290 ;   0.001  ; FF ; IC   ; 1      ; FF_X28_Y13_N53                            ; u_soc|crypto_accelerator|u_core|u_aes|buf_a_f[5][7]|asdata                                  ;
;   28.805 ;   0.515  ; FF ; CELL ; 1      ; FF_X28_Y13_N53                            ; soc:u_soc|axi_slave_top:crypto_accelerator|axi_slave_core:u_core|aes:u_aes|buf_a_f[5][7]    ;
+----------+----------+----+------+--------+-------------------------------------------+---------------------------------------------------------------------------------------------+

+----------------------------------------------------------------------------------------------------------------------------------------------------+
; Data Required Path                                                                                                                                 ;
+---------+---------+----+------+--------+----------------+------------------------------------------------------------------------------------------+
; Total   ; Incr    ; RF ; Type ; Fanout ; Location       ; Element                                                                                  ;
+---------+---------+----+------+--------+----------------+------------------------------------------------------------------------------------------+
; 1.000   ; 1.000   ;    ;      ;        ;                ; latch edge time                                                                          ;
; 4.636   ; 3.636   ;    ;      ;        ;                ; clock path                                                                               ;
;   4.580 ;   3.580 ; R  ;      ;        ;                ; clock network delay                                                                      ;
;   4.636 ;   0.056 ;    ;      ;        ;                ; clock pessimism removed                                                                  ;
; 4.466   ; -0.170  ;    ;      ;        ;                ; clock uncertainty                                                                        ;
; 4.466   ; 0.000   ;    ; uTsu ; 1      ; FF_X28_Y13_N53 ; soc:u_soc|axi_slave_top:crypto_accelerator|axi_slave_core:u_core|aes:u_aes|buf_a_f[5][7] ;
+---------+---------+----+------+--------+----------------+------------------------------------------------------------------------------------------+

----------------------------
; Extra Fitter Information ;
----------------------------
HTML report is unavailable in plain text report export.


Path #12: Setup slack is -24.338 (VIOLATED)
===============================================================================
+---------------------------------------------------------------------------------------------------------------+
; Path Summary                                                                                                  ;
+--------------------+------------------------------------------------------------------------------------------+
; Property           ; Value                                                                                    ;
+--------------------+------------------------------------------------------------------------------------------+
; From Node          ; soc:u_soc|axi_slave_top:crypto_accelerator|axi_slave_core:u_core|aes:u_aes|kexp_i[1]     ;
; To Node            ; soc:u_soc|axi_slave_top:crypto_accelerator|axi_slave_core:u_core|aes:u_aes|buf_a_f[5][7] ;
; Launch Clock       ; CLOCK_50                                                                                 ;
; Latch Clock        ; CLOCK_50                                                                                 ;
; Data Arrival Time  ; 28.804                                                                                   ;
; Data Required Time ; 4.466                                                                                    ;
; Slack              ; -24.338 (VIOLATED)                                                                       ;
+--------------------+------------------------------------------------------------------------------------------+

+----------------------------------------------------------------------------------------+
; Statistics                                                                             ;
+---------------------------+--------+-------+-------------+------------+--------+-------+
; Property                  ; Value  ; Count ; Total Delay ; % of Total ; Min    ; Max   ;
+---------------------------+--------+-------+-------------+------------+--------+-------+
; Setup Relationship        ; 1.000  ;       ;             ;            ;        ;       ;
; Clock Skew                ; -0.423 ;       ;             ;            ;        ;       ;
; Data Delay                ; 24.745 ;       ;             ;            ;        ;       ;
; Number of Logic Levels    ;        ; 32    ;             ;            ;        ;       ;
; Physical Delays           ;        ;       ;             ;            ;        ;       ;
;  Arrival Path             ;        ;       ;             ;            ;        ;       ;
;   Clock                   ;        ;       ;             ;            ;        ;       ;
;    Clock Network (Lumped) ;        ; 1     ; 4.059       ; 100        ; 4.059  ; 4.059 ;
;   Data                    ;        ;       ;             ;            ;        ;       ;
;    IC                     ;        ; 33    ; 0.002       ; 0          ; -0.001 ; 0.001 ;
;    Cell                   ;        ; 34    ; 8.254       ; 33         ; 0.000  ; 0.515 ;
;    uTco                   ;        ; 1     ; 0.000       ; 0          ; 0.000  ; 0.000 ;
;    Routing Element        ;        ; 152   ; 16.489      ; 67         ; 0.000  ; 0.401 ;
;  Required Path            ;        ;       ;             ;            ;        ;       ;
;   Clock                   ;        ;       ;             ;            ;        ;       ;
;    Clock Network (Lumped) ;        ; 1     ; 3.580       ; 100        ; 3.580  ; 3.580 ;
+---------------------------+--------+-------+-------------+------------+--------+-------+
Note: Negative delays are omitted from totals when calculating percentages

+------------------------------------------------------------------------------------------------------------------------------------------------------------------------------------+
; Data Arrival Path                                                                                                                                                                  ;
+----------+----------+----+------+--------+-------------------------------------------+---------------------------------------------------------------------------------------------+
; Total    ; Incr     ; RF ; Type ; Fanout ; Location                                  ; Element                                                                                     ;
+----------+----------+----+------+--------+-------------------------------------------+---------------------------------------------------------------------------------------------+
; 0.000    ; 0.000    ;    ;      ;        ;                                           ; launch edge time                                                                            ;
; 4.059    ; 4.059    ;    ;      ;        ;                                           ; clock path                                                                                  ;
;   4.059  ;   4.059  ; R  ;      ;        ;                                           ; clock network delay                                                                         ;
; 28.804   ; 24.745   ;    ;      ;        ;                                           ; data path                                                                                   ;
;   4.059  ;   0.000  ;    ; uTco ; 1      ; FF_X30_Y23_N2                             ; soc:u_soc|axi_slave_top:crypto_accelerator|axi_slave_core:u_core|aes:u_aes|kexp_i[1]        ;
;   4.059  ;   0.000  ; FF ; CELL ; 239    ; FF_X30_Y23_N2                             ; u_soc|crypto_accelerator|u_core|u_aes|kexp_i[1]|q                                           ;
;   4.109  ;   0.050  ;    ; RE   ; 3      ; FF_X30_Y23_N2                             ; ARRIAV_FF                                                                                   ;
;   4.197  ;   0.088  ;    ; RE   ; 5      ; LE_BUFFER_X30_Y23_N0_I1                   ; LE_BUFFER                                                                                   ;
;   4.598  ;   0.401  ;    ; RE   ; 8      ; R6_X30_Y23_N0_I11                         ; H_SEG6                                                                                      ;
;   4.941  ;   0.343  ;    ; RE   ; 3      ; R6_X35_Y23_N0_I10                         ; H_SEG6                                                                                      ;
;   5.177  ;   0.236  ;    ; RE   ; 2      ; LOCAL_INTERCONNECT_X36_Y23_N0_I1          ; LAB_LINE                                                                                    ;
;   5.299  ;   0.122  ;    ; RE   ; 1      ; BLOCK_INPUT_MUX_X36_Y23_N0_I64            ; LEIM_INPUT                                                                                  ;
;   5.299  ;   0.000  ; FF ; IC   ; 1      ; LABCELL_X36_Y23_N48                       ; u_soc|crypto_accelerator|u_core|u_aes|sb_in_f~20|datad                                      ;
;   5.587  ;   0.288  ; FF ; CELL ; 3      ; LABCELL_X36_Y23_N48                       ; u_soc|crypto_accelerator|u_core|u_aes|sb_in_f~20|combout                                    ;
;   5.587  ;   0.000  ;    ; RE   ; 2      ; LABCELL_X36_Y23_N48                       ; ARRIAV_LCELL_COMB                                                                           ;
;   5.664  ;   0.077  ;    ; RE   ; 1      ; LOCAL_LINE_X36_Y23_N0_I16                 ; LOCAL_LINE                                                                                  ;
;   5.785  ;   0.121  ;    ; RE   ; 1      ; BLOCK_INPUT_MUX_X36_Y23_N0_I28            ; LEIM_INPUT                                                                                  ;
;   5.785  ;   0.000  ; FF ; IC   ; 1      ; LABCELL_X36_Y23_N18                       ; u_soc|crypto_accelerator|u_core|u_aes|sb_in_f~22|datac                                      ;
;   6.202  ;   0.417  ; FF ; CELL ; 48     ; LABCELL_X36_Y23_N18                       ; u_soc|crypto_accelerator|u_core|u_aes|sb_in_f~22|combout                                    ;
;   6.202  ;   0.000  ;    ; RE   ; 2      ; LABCELL_X36_Y23_N18                       ; ARRIAV_LCELL_COMB                                                                           ;
;   6.299  ;   0.097  ;    ; RE   ; 2      ; LE_BUFFER_X36_Y23_N0_I13                  ; LE_BUFFER                                                                                   ;
;   6.497  ;   0.198  ;    ; RE   ; 2      ; R3_X36_Y23_N0_I1                          ; H_SEG3                                                                                      ;
;   6.497  ;   0.000  ;    ; RE   ; 2      ; R14_C12_INTERCONNECT_DRIVER_X36_Y23_N0_I1 ; WIRE_MUX                                                                                    ;
;   6.740  ;   0.243  ;    ; RE   ; 2      ; R14_X23_Y23_N0_I1                         ; H_SEG14                                                                                     ;
;   6.966  ;   0.226  ;    ; RE   ; 1      ; C2_X22_Y21_N0_I15                         ; V_SEG2                                                                                      ;
;   7.290  ;   0.324  ;    ; RE   ; 1      ; R6_X17_Y21_N0_I26                         ; H_SEG6                                                                                      ;
;   7.504  ;   0.214  ;    ; RE   ; 3      ; LOCAL_INTERCONNECT_X19_Y21_N0_I12         ; LAB_LINE                                                                                    ;
;   7.618  ;   0.114  ;    ; RE   ; 1      ; BLOCK_INPUT_MUX_X19_Y21_N0_I71            ; LEIM_INPUT                                                                                  ;
;   7.618  ;   0.000  ; FF ; IC   ; 1      ; LABCELL_X19_Y21_N51                       ; u_soc|crypto_accelerator|u_core|u_aes|sb_in_f~545|dataf                                     ;
;   7.689  ;   0.071  ; FF ; CELL ; 1      ; LABCELL_X19_Y21_N51                       ; u_soc|crypto_accelerator|u_core|u_aes|sb_in_f~545|combout                                   ;
;   7.689  ;   0.000  ;    ; RE   ; 1      ; LABCELL_X19_Y21_N51                       ; ARRIAV_LCELL_COMB                                                                           ;
;   7.745  ;   0.056  ;    ; RE   ; 1      ; LE_BUFFER_X19_Y21_N0_I34                  ; LE_BUFFER                                                                                   ;
;   7.885  ;   0.140  ;    ; RE   ; 1      ; R3_X17_Y21_N0_I21                         ; H_SEG3                                                                                      ;
;   7.885  ;   0.000  ;    ; RE   ; 1      ; R14_C12_INTERCONNECT_DRIVER_X19_Y21_N0_I2 ; WIRE_MUX                                                                                    ;
;   8.123  ;   0.238  ;    ; RE   ; 1      ; R14_X20_Y21_N0_I0                         ; H_SEG14                                                                                     ;
;   8.332  ;   0.209  ;    ; RE   ; 1      ; C2_X30_Y22_N0_I7                          ; V_SEG2                                                                                      ;
;   8.509  ;   0.177  ;    ; RE   ; 1      ; R6_X31_Y22_N0_I16                         ; H_SEG6                                                                                      ;
;   8.677  ;   0.168  ;    ; RE   ; 1      ; LOCAL_INTERCONNECT_X31_Y22_N0_I16         ; LAB_LINE                                                                                    ;
;   8.784  ;   0.107  ;    ; RE   ; 1      ; BLOCK_INPUT_MUX_X31_Y22_N0_I56            ; LEIM_INPUT                                                                                  ;
;   8.784  ;   0.000  ; FF ; IC   ; 1      ; LABCELL_X31_Y22_N42                       ; u_soc|crypto_accelerator|u_core|u_aes|sb_in_f~761|datad                                     ;
;   9.086  ;   0.302  ; FR ; CELL ; 1      ; LABCELL_X31_Y22_N42                       ; u_soc|crypto_accelerator|u_core|u_aes|sb_in_f~761|combout                                   ;
;   9.086  ;   0.000  ;    ; RE   ; 1      ; LABCELL_X31_Y22_N42                       ; ARRIAV_LCELL_COMB                                                                           ;
;   9.174  ;   0.088  ;    ; RE   ; 1      ; LOCAL_LINE_X31_Y22_N0_I14                 ; LOCAL_LINE                                                                                  ;
;   9.279  ;   0.105  ;    ; RE   ; 1      ; BLOCK_INPUT_MUX_X31_Y22_N0_I65            ; LEIM_INPUT                                                                                  ;
;   9.279  ;   0.000  ; RR ; IC   ; 1      ; LABCELL_X31_Y22_N48                       ; u_soc|crypto_accelerator|u_core|u_aes|sb_in_f~546|dataf                                     ;
;   9.357  ;   0.078  ; RR ; CELL ; 1      ; LABCELL_X31_Y22_N48                       ; u_soc|crypto_accelerator|u_core|u_aes|sb_in_f~546|combout                                   ;
;   9.357  ;   0.000  ;    ; RE   ; 1      ; LABCELL_X31_Y22_N48                       ; ARRIAV_LCELL_COMB                                                                           ;
;   9.457  ;   0.100  ;    ; RE   ; 1      ; LOCAL_LINE_X31_Y22_N0_I16                 ; LOCAL_LINE                                                                                  ;
;   9.564  ;   0.107  ;    ; RE   ; 1      ; BLOCK_INPUT_MUX_X31_Y22_N0_I17            ; LEIM_INPUT                                                                                  ;
;   9.564  ;   0.000  ; RR ; IC   ; 1      ; LABCELL_X31_Y22_N12                       ; u_soc|crypto_accelerator|u_core|u_aes|sb_in_f~548|dataf                                     ;
;   9.648  ;   0.084  ; RF ; CELL ; 1      ; LABCELL_X31_Y22_N12                       ; u_soc|crypto_accelerator|u_core|u_aes|sb_in_f~548|combout                                   ;
;   9.648  ;   0.000  ;    ; RE   ; 1      ; LABCELL_X31_Y22_N12                       ; ARRIAV_LCELL_COMB                                                                           ;
;   9.730  ;   0.082  ;    ; RE   ; 1      ; LOCAL_LINE_X31_Y22_N0_I4                  ; LOCAL_LINE                                                                                  ;
;   9.855  ;   0.125  ;    ; RE   ; 1      ; BLOCK_INPUT_MUX_X31_Y22_N0_I55            ; LEIM_INPUT                                                                                  ;
;   9.855  ;   0.000  ; FF ; IC   ; 1      ; LABCELL_X31_Y22_N39                       ; u_soc|crypto_accelerator|u_core|u_aes|sb_in_f~550|dataf                                     ;
;   9.926  ;   0.071  ; FF ; CELL ; 1      ; LABCELL_X31_Y22_N39                       ; u_soc|crypto_accelerator|u_core|u_aes|sb_in_f~550|combout                                   ;
;   9.926  ;   0.000  ;    ; RE   ; 1      ; LABCELL_X31_Y22_N39                       ; ARRIAV_LCELL_COMB                                                                           ;
;   9.995  ;   0.069  ;    ; RE   ; 1      ; LE_BUFFER_X31_Y22_N0_I27                  ; LE_BUFFER                                                                                   ;
;   10.173 ;   0.178  ;    ; RE   ; 1      ; C2_X30_Y20_N0_I14                         ; V_SEG2                                                                                      ;
;   10.381 ;   0.208  ;    ; RE   ; 1      ; C2_X30_Y18_N0_I14                         ; V_SEG2                                                                                      ;
;   10.747 ;   0.366  ;    ; RE   ; 1      ; R6_X31_Y18_N0_I5                          ; H_SEG6                                                                                      ;
;   10.991 ;   0.244  ;    ; RE   ; 1      ; LOCAL_INTERCONNECT_X36_Y18_N0_I39         ; LAB_LINE                                                                                    ;
;   11.107 ;   0.116  ;    ; RE   ; 1      ; BLOCK_INPUT_MUX_X36_Y18_N0_I9             ; LEIM_INPUT                                                                                  ;
;   11.107 ;   0.000  ; FF ; IC   ; 1      ; LABCELL_X36_Y18_N6                        ; u_soc|crypto_accelerator|u_core|u_aes|sb_in_f~553|dataf                                     ;
;   11.189 ;   0.082  ; FR ; CELL ; 1      ; LABCELL_X36_Y18_N6                        ; u_soc|crypto_accelerator|u_core|u_aes|sb_in_f~553|combout                                   ;
;   11.189 ;   0.000  ;    ; RE   ; 1      ; LABCELL_X36_Y18_N6                        ; ARRIAV_LCELL_COMB                                                                           ;
;   11.292 ;   0.103  ;    ; RE   ; 1      ; LOCAL_LINE_X36_Y18_N0_I2                  ; LOCAL_LINE                                                                                  ;
;   11.399 ;   0.107  ;    ; RE   ; 1      ; BLOCK_INPUT_MUX_X36_Y18_N0_I65            ; LEIM_INPUT                                                                                  ;
;   11.399 ;   0.000  ; RR ; IC   ; 1      ; LABCELL_X36_Y18_N48                       ; u_soc|crypto_accelerator|u_core|u_aes|sb_in_f~555|dataf                                     ;
;   11.477 ;   0.078  ; RR ; CELL ; 1      ; LABCELL_X36_Y18_N48                       ; u_soc|crypto_accelerator|u_core|u_aes|sb_in_f~555|combout                                   ;
;   11.477 ;   0.000  ;    ; RE   ; 1      ; LABCELL_X36_Y18_N48                       ; ARRIAV_LCELL_COMB                                                                           ;
;   11.570 ;   0.093  ;    ; RE   ; 1      ; LOCAL_LINE_X36_Y18_N0_I16                 ; LOCAL_LINE                                                                                  ;
;   11.675 ;   0.105  ;    ; RE   ; 1      ; BLOCK_INPUT_MUX_X36_Y18_N0_I41            ; LEIM_INPUT                                                                                  ;
;   11.675 ;   0.000  ; RR ; IC   ; 1      ; LABCELL_X36_Y18_N30                       ; u_soc|crypto_accelerator|u_core|u_aes|sb_in_f~557|dataf                                     ;
;   11.753 ;   0.078  ; RR ; CELL ; 1      ; LABCELL_X36_Y18_N30                       ; u_soc|crypto_accelerator|u_core|u_aes|sb_in_f~557|combout                                   ;
;   11.753 ;   0.000  ;    ; RE   ; 1      ; LABCELL_X36_Y18_N30                       ; ARRIAV_LCELL_COMB                                                                           ;
;   11.865 ;   0.112  ;    ; RE   ; 1      ; LOCAL_LINE_X36_Y18_N0_I10                 ; LOCAL_LINE                                                                                  ;
;   11.971 ;   0.106  ;    ; RE   ; 1      ; BLOCK_INPUT_MUX_X36_Y18_N0_I17            ; LEIM_INPUT                                                                                  ;
;   11.972 ;   0.001  ; RR ; IC   ; 1      ; LABCELL_X36_Y18_N12                       ; u_soc|crypto_accelerator|u_core|u_aes|sb_in_f~559|dataf                                     ;
;   12.050 ;   0.078  ; RR ; CELL ; 1      ; LABCELL_X36_Y18_N12                       ; u_soc|crypto_accelerator|u_core|u_aes|sb_in_f~559|combout                                   ;
;   12.050 ;   0.000  ;    ; RE   ; 1      ; LABCELL_X36_Y18_N12                       ; ARRIAV_LCELL_COMB                                                                           ;
;   12.142 ;   0.092  ;    ; RE   ; 1      ; LOCAL_LINE_X36_Y18_N0_I4                  ; LOCAL_LINE                                                                                  ;
;   12.248 ;   0.106  ;    ; RE   ; 1      ; BLOCK_INPUT_MUX_X36_Y18_N0_I25            ; LEIM_INPUT                                                                                  ;
;   12.248 ;   0.000  ; RR ; IC   ; 1      ; LABCELL_X36_Y18_N18                       ; u_soc|crypto_accelerator|u_core|u_aes|sb_in_f~561|dataf                                     ;
;   12.325 ;   0.077  ; RR ; CELL ; 1      ; LABCELL_X36_Y18_N18                       ; u_soc|crypto_accelerator|u_core|u_aes|sb_in_f~561|combout                                   ;
;   12.325 ;   0.000  ;    ; RE   ; 1      ; LABCELL_X36_Y18_N18                       ; ARRIAV_LCELL_COMB                                                                           ;
;   12.434 ;   0.109  ;    ; RE   ; 1      ; LE_BUFFER_X36_Y18_N0_I13                  ; LE_BUFFER                                                                                   ;
;   12.538 ;   0.104  ;    ; RE   ; 1      ; LOCAL_INTERCONNECT_X35_Y18_N0_I36         ; LAB_LINE                                                                                    ;
;   12.641 ;   0.103  ;    ; RE   ; 1      ; BLOCK_INPUT_MUX_X35_Y18_N0_I33            ; LEIM_INPUT                                                                                  ;
;   12.642 ;   0.001  ; RR ; IC   ; 1      ; LABCELL_X35_Y18_N24                       ; u_soc|crypto_accelerator|u_core|u_aes|sb_in_f~563|dataf                                     ;
;   12.720 ;   0.078  ; RR ; CELL ; 1      ; LABCELL_X35_Y18_N24                       ; u_soc|crypto_accelerator|u_core|u_aes|sb_in_f~563|combout                                   ;
;   12.720 ;   0.000  ;    ; RE   ; 1      ; LABCELL_X35_Y18_N24                       ; ARRIAV_LCELL_COMB                                                                           ;
;   12.809 ;   0.089  ;    ; RE   ; 1      ; LOCAL_LINE_X35_Y18_N0_I8                  ; LOCAL_LINE                                                                                  ;
;   12.913 ;   0.104  ;    ; RE   ; 1      ; BLOCK_INPUT_MUX_X35_Y18_N0_I25            ; LEIM_INPUT                                                                                  ;
;   12.913 ;   0.000  ; RR ; IC   ; 1      ; LABCELL_X35_Y18_N18                       ; u_soc|crypto_accelerator|u_core|u_aes|sb_in_f~565|dataf                                     ;
;   12.990 ;   0.077  ; RR ; CELL ; 1      ; LABCELL_X35_Y18_N18                       ; u_soc|crypto_accelerator|u_core|u_aes|sb_in_f~565|combout                                   ;
;   12.990 ;   0.000  ;    ; RE   ; 1      ; LABCELL_X35_Y18_N18                       ; ARRIAV_LCELL_COMB                                                                           ;
;   13.075 ;   0.085  ;    ; RE   ; 1      ; LE_BUFFER_X35_Y18_N0_I13                  ; LE_BUFFER                                                                                   ;
;   13.182 ;   0.107  ;    ; RE   ; 1      ; LOCAL_INTERCONNECT_X34_Y18_N0_I36         ; LAB_LINE                                                                                    ;
;   13.286 ;   0.104  ;    ; RE   ; 1      ; BLOCK_INPUT_MUX_X34_Y18_N0_I1             ; LEIM_INPUT                                                                                  ;
;   13.287 ;   0.001  ; RR ; IC   ; 1      ; MLABCELL_X34_Y18_N0                       ; u_soc|crypto_accelerator|u_core|u_aes|sb_in_f~567|dataf                                     ;
;   13.364 ;   0.077  ; RR ; CELL ; 1      ; MLABCELL_X34_Y18_N0                       ; u_soc|crypto_accelerator|u_core|u_aes|sb_in_f~567|combout                                   ;
;   13.364 ;   0.000  ;    ; RE   ; 1      ; MLABCELL_X34_Y18_N0                       ; ARRIAV_LCELL_COMB                                                                           ;
;   13.469 ;   0.105  ;    ; RE   ; 1      ; LE_BUFFER_X34_Y18_N0_I1                   ; LE_BUFFER                                                                                   ;
;   13.647 ;   0.178  ;    ; RE   ; 1      ; C2_X33_Y16_N0_I18                         ; V_SEG2                                                                                      ;
;   13.831 ;   0.184  ;    ; RE   ; 1      ; R3_X31_Y17_N0_I20                         ; H_SEG3                                                                                      ;
;   13.970 ;   0.139  ;    ; RE   ; 1      ; LOCAL_INTERCONNECT_X31_Y17_N0_I28         ; LAB_LINE                                                                                    ;
;   14.073 ;   0.103  ;    ; RE   ; 1      ; BLOCK_INPUT_MUX_X31_Y17_N0_I17            ; LEIM_INPUT                                                                                  ;
;   14.072 ;   -0.001 ; RR ; IC   ; 1      ; LABCELL_X31_Y17_N12                       ; u_soc|crypto_accelerator|u_core|u_aes|sb_in_f~569|dataf                                     ;
;   14.150 ;   0.078  ; RR ; CELL ; 1      ; LABCELL_X31_Y17_N12                       ; u_soc|crypto_accelerator|u_core|u_aes|sb_in_f~569|combout                                   ;
;   14.150 ;   0.000  ;    ; RE   ; 1      ; LABCELL_X31_Y17_N12                       ; ARRIAV_LCELL_COMB                                                                           ;
;   14.247 ;   0.097  ;    ; RE   ; 1      ; LOCAL_LINE_X31_Y17_N0_I4                  ; LOCAL_LINE                                                                                  ;
;   14.353 ;   0.106  ;    ; RE   ; 1      ; BLOCK_INPUT_MUX_X31_Y17_N0_I1             ; LEIM_INPUT                                                                                  ;
;   14.353 ;   0.000  ; RR ; IC   ; 1      ; LABCELL_X31_Y17_N0                        ; u_soc|crypto_accelerator|u_core|u_aes|Selector4548~1|dataf                                  ;
;   14.439 ;   0.086  ; RF ; CELL ; 4      ; LABCELL_X31_Y17_N0                        ; u_soc|crypto_accelerator|u_core|u_aes|Selector4548~1|combout                                ;
;   14.439 ;   0.000  ;    ; RE   ; 2      ; LABCELL_X31_Y17_N0                        ; ARRIAV_LCELL_COMB                                                                           ;
;   14.494 ;   0.055  ;    ; RE   ; 1      ; LE_BUFFER_X31_Y17_N0_I0                   ; LE_BUFFER                                                                                   ;
;   14.644 ;   0.150  ;    ; RE   ; 1      ; R6_X26_Y17_N0_I22                         ; H_SEG6                                                                                      ;
;   14.831 ;   0.187  ;    ; RE   ; 1      ; LOCAL_INTERCONNECT_X31_Y17_N0_I35         ; LAB_LINE                                                                                    ;
;   14.942 ;   0.111  ;    ; RE   ; 1      ; BLOCK_INPUT_MUX_X31_Y17_N0_I77            ; LEIM_INPUT                                                                                  ;
;   14.942 ;   0.000  ; FF ; IC   ; 1      ; LABCELL_X31_Y17_N57                       ; u_soc|crypto_accelerator|u_core|u_aes|u_sub_byte_core|gf_in_f[4]~1|datac                    ;
;   15.355 ;   0.413  ; FF ; CELL ; 8      ; LABCELL_X31_Y17_N57                       ; u_soc|crypto_accelerator|u_core|u_aes|u_sub_byte_core|gf_in_f[4]~1|combout                  ;
;   15.355 ;   0.000  ;    ; RE   ; 2      ; LABCELL_X31_Y17_N57                       ; ARRIAV_LCELL_COMB                                                                           ;
;   15.414 ;   0.059  ;    ; RE   ; 2      ; LE_BUFFER_X31_Y17_N0_I38                  ; LE_BUFFER                                                                                   ;
;   15.578 ;   0.164  ;    ; RE   ; 3      ; C4_X31_Y13_N0_I9                          ; V_SEG4                                                                                      ;
;   15.832 ;   0.254  ;    ; RE   ; 1      ; R6_X26_Y16_N0_I24                         ; H_SEG6                                                                                      ;
;   16.039 ;   0.207  ;    ; RE   ; 1      ; LOCAL_INTERCONNECT_X30_Y16_N0_I37         ; LAB_LINE                                                                                    ;
;   16.158 ;   0.119  ;    ; RE   ; 1      ; BLOCK_INPUT_MUX_X30_Y16_N0_I29            ; LEIM_INPUT                                                                                  ;
;   16.158 ;   0.000  ; FF ; IC   ; 1      ; LABCELL_X30_Y16_N21                       ; u_soc|crypto_accelerator|u_core|u_aes|u_sub_byte_core|gf_0|al_sq_f[3]|datac                 ;
;   16.575 ;   0.417  ; FF ; CELL ; 12     ; LABCELL_X30_Y16_N21                       ; u_soc|crypto_accelerator|u_core|u_aes|u_sub_byte_core|gf_0|al_sq_f[3]|combout               ;
;   16.575 ;   0.000  ;    ; RE   ; 3      ; LABCELL_X30_Y16_N21                       ; ARRIAV_LCELL_COMB                                                                           ;
;   16.647 ;   0.072  ;    ; RE   ; 3      ; LE_BUFFER_X30_Y16_N0_I14                  ; LE_BUFFER                                                                                   ;
;   16.783 ;   0.136  ;    ; RE   ; 3      ; LOCAL_INTERCONNECT_X31_Y16_N0_I25         ; LAB_LINE                                                                                    ;
;   16.874 ;   0.091  ;    ; RE   ; 1      ; BLOCK_INPUT_MUX_X31_Y16_N0_I50            ; LEIM_INPUT                                                                                  ;
;   16.874 ;   0.000  ; FF ; IC   ; 1      ; LABCELL_X31_Y16_N39                       ; u_soc|crypto_accelerator|u_core|u_aes|u_sub_byte_core|gf_0|dr_xor2~18|dataa                 ;
;   17.343 ;   0.469  ; FR ; CELL ; 3      ; LABCELL_X31_Y16_N39                       ; u_soc|crypto_accelerator|u_core|u_aes|u_sub_byte_core|gf_0|dr_xor2~18|combout               ;
;   17.343 ;   0.000  ;    ; RE   ; 2      ; LABCELL_X31_Y16_N39                       ; ARRIAV_LCELL_COMB                                                                           ;
;   17.449 ;   0.106  ;    ; RE   ; 2      ; LOCAL_LINE_X31_Y16_N0_I13                 ; LOCAL_LINE                                                                                  ;
;   17.559 ;   0.110  ;    ; RE   ; 1      ; BLOCK_INPUT_MUX_X31_Y16_N0_I5             ; LEIM_INPUT                                                                                  ;
;   17.559 ;   0.000  ; RR ; IC   ; 1      ; LABCELL_X31_Y16_N0                        ; u_soc|crypto_accelerator|u_core|u_aes|u_sub_byte_core|gf_0|dr_xor2~19|datad                 ;
;   17.982 ;   0.423  ; RF ; CELL ; 4      ; LABCELL_X31_Y16_N0                        ; u_soc|crypto_accelerator|u_core|u_aes|u_sub_byte_core|gf_0|dr_xor2~19|combout               ;
;   17.982 ;   0.000  ;    ; RE   ; 1      ; LABCELL_X31_Y16_N0                        ; ARRIAV_LCELL_COMB                                                                           ;
;   18.044 ;   0.062  ;    ; RE   ; 2      ; LE_BUFFER_X31_Y16_N0_I0                   ; LE_BUFFER                                                                                   ;
;   18.196 ;   0.152  ;    ; RE   ; 1      ; C2_X31_Y14_N0_I18                         ; V_SEG2                                                                                      ;
;   18.394 ;   0.198  ;    ; RE   ; 1      ; R6_X26_Y15_N0_I25                         ; H_SEG6                                                                                      ;
;   18.589 ;   0.195  ;    ; RE   ; 1      ; LOCAL_INTERCONNECT_X31_Y15_N0_I40         ; LAB_LINE                                                                                    ;
;   18.682 ;   0.093  ;    ; RE   ; 2      ; BLOCK_INPUT_MUX_X31_Y15_N0_I75            ; LEIM_INPUT                                                                                  ;
;   18.682 ;   0.000  ; FF ; IC   ; 1      ; LABCELL_X31_Y15_N54                       ; u_soc|crypto_accelerator|u_core|u_aes|u_sub_byte_core|gf_0|ah_mul_al_t[1]~1|datab           ;
;   19.162 ;   0.480  ; FF ; CELL ; 2      ; LABCELL_X31_Y15_N54                       ; u_soc|crypto_accelerator|u_core|u_aes|u_sub_byte_core|gf_0|ah_mul_al_t[1]~1|combout         ;
;   19.162 ;   0.000  ;    ; RE   ; 2      ; LABCELL_X31_Y15_N54                       ; ARRIAV_LCELL_COMB                                                                           ;
;   19.233 ;   0.071  ;    ; RE   ; 1      ; LE_BUFFER_X31_Y15_N0_I37                  ; LE_BUFFER                                                                                   ;
;   19.381 ;   0.148  ;    ; RE   ; 1      ; R3_X31_Y15_N0_I3                          ; H_SEG3                                                                                      ;
;   19.559 ;   0.178  ;    ; RE   ; 1      ; LOCAL_INTERCONNECT_X31_Y15_N0_I20         ; LAB_LINE                                                                                    ;
;   19.660 ;   0.101  ;    ; RE   ; 1      ; BLOCK_INPUT_MUX_X31_Y15_N0_I41            ; LEIM_INPUT                                                                                  ;
;   19.659 ;   -0.001 ; FF ; IC   ; 1      ; LABCELL_X31_Y15_N30                       ; u_soc|crypto_accelerator|u_core|u_aes|u_sub_byte_core|gf_0|dr_xor2~26|dataf                 ;
;   19.733 ;   0.074  ; FF ; CELL ; 6      ; LABCELL_X31_Y15_N30                       ; u_soc|crypto_accelerator|u_core|u_aes|u_sub_byte_core|gf_0|dr_xor2~26|combout               ;
;   19.733 ;   0.000  ;    ; RE   ; 1      ; LABCELL_X31_Y15_N30                       ; ARRIAV_LCELL_COMB                                                                           ;
;   19.846 ;   0.113  ;    ; RE   ; 5      ; LOCAL_LINE_X31_Y15_N0_I10                 ; LOCAL_LINE                                                                                  ;
;   19.962 ;   0.116  ;    ; RE   ; 2      ; BLOCK_INPUT_MUX_X31_Y15_N0_I35            ; LEIM_INPUT                                                                                  ;
;   19.963 ;   0.001  ; FF ; IC   ; 1      ; LABCELL_X31_Y15_N24                       ; u_soc|crypto_accelerator|u_core|u_aes|u_sub_byte_core|gf_0|d_inv_t[2]~1|datab               ;
;   20.415 ;   0.452  ; FF ; CELL ; 2      ; LABCELL_X31_Y15_N24                       ; u_soc|crypto_accelerator|u_core|u_aes|u_sub_byte_core|gf_0|d_inv_t[2]~1|combout             ;
;   20.415 ;   0.000  ;    ; RE   ; 1      ; LABCELL_X31_Y15_N24                       ; ARRIAV_LCELL_COMB                                                                           ;
;   20.493 ;   0.078  ;    ; RE   ; 2      ; LE_BUFFER_X31_Y15_N0_I17                  ; LE_BUFFER                                                                                   ;
;   20.625 ;   0.132  ;    ; RE   ; 1      ; LOCAL_INTERCONNECT_X30_Y15_N0_I37         ; LAB_LINE                                                                                    ;
;   20.716 ;   0.091  ;    ; RE   ; 1      ; BLOCK_INPUT_MUX_X30_Y15_N0_I43            ; LEIM_INPUT                                                                                  ;
;   20.716 ;   0.000  ; FF ; IC   ; 1      ; LABCELL_X30_Y15_N30                       ; u_soc|crypto_accelerator|u_core|u_aes|u_sub_byte_core|gf_0|d_inv_t[2]~2|datab               ;
;   21.171 ;   0.455  ; FF ; CELL ; 11     ; LABCELL_X30_Y15_N30                       ; u_soc|crypto_accelerator|u_core|u_aes|u_sub_byte_core|gf_0|d_inv_t[2]~2|combout             ;
;   21.171 ;   0.000  ;    ; RE   ; 2      ; LABCELL_X30_Y15_N30                       ; ARRIAV_LCELL_COMB                                                                           ;
;   21.242 ;   0.071  ;    ; RE   ; 3      ; LE_BUFFER_X30_Y15_N0_I20                  ; LE_BUFFER                                                                                   ;
;   21.412 ;   0.170  ;    ; RE   ; 1      ; R3_X28_Y15_N0_I19                         ; H_SEG3                                                                                      ;
;   21.575 ;   0.163  ;    ; RE   ; 1      ; LOCAL_INTERCONNECT_X28_Y15_N0_I41         ; LAB_LINE                                                                                    ;
;   21.695 ;   0.120  ;    ; RE   ; 1      ; BLOCK_INPUT_MUX_X28_Y15_N0_I70            ; LEIM_INPUT                                                                                  ;
;   21.694 ;   -0.001 ; FF ; IC   ; 1      ; MLABCELL_X28_Y15_N51                      ; u_soc|crypto_accelerator|u_core|u_aes|u_sub_byte_core|gf_0|dr_xor2~99|datad                 ;
;   21.996 ;   0.302  ; FF ; CELL ; 1      ; MLABCELL_X28_Y15_N51                      ; u_soc|crypto_accelerator|u_core|u_aes|u_sub_byte_core|gf_0|dr_xor2~99|combout               ;
;   21.996 ;   0.000  ;    ; RE   ; 1      ; MLABCELL_X28_Y15_N51                      ; ARRIAV_LCELL_COMB                                                                           ;
;   22.072 ;   0.076  ;    ; RE   ; 1      ; LOCAL_LINE_X28_Y15_N0_I17                 ; LOCAL_LINE                                                                                  ;
;   22.194 ;   0.122  ;    ; RE   ; 1      ; BLOCK_INPUT_MUX_X28_Y15_N0_I36            ; LEIM_INPUT                                                                                  ;
;   22.194 ;   0.000  ; FF ; IC   ; 1      ; MLABCELL_X28_Y15_N24                      ; u_soc|crypto_accelerator|u_core|u_aes|u_sub_byte_core|gf_0|dr_xor2~67|datac                 ;
;   22.634 ;   0.440  ; FF ; CELL ; 4      ; MLABCELL_X28_Y15_N24                      ; u_soc|crypto_accelerator|u_core|u_aes|u_sub_byte_core|gf_0|dr_xor2~67|combout               ;
;   22.634 ;   0.000  ;    ; RE   ; 1      ; MLABCELL_X28_Y15_N24                      ; ARRIAV_LCELL_COMB                                                                           ;
;   22.697 ;   0.063  ;    ; RE   ; 2      ; LE_BUFFER_X28_Y15_N0_I16                  ; LE_BUFFER                                                                                   ;
;   22.851 ;   0.154  ;    ; RE   ; 1      ; C2_X28_Y16_N0_I9                          ; V_SEG2                                                                                      ;
;   23.027 ;   0.176  ;    ; RE   ; 1      ; R6_X23_Y16_N0_I26                         ; H_SEG6                                                                                      ;
;   23.209 ;   0.182  ;    ; RE   ; 2      ; LOCAL_INTERCONNECT_X28_Y16_N0_I41         ; LAB_LINE                                                                                    ;
;   23.336 ;   0.127  ;    ; RE   ; 1      ; BLOCK_INPUT_MUX_X28_Y16_N0_I72            ; LEIM_INPUT                                                                                  ;
;   23.337 ;   0.001  ; FF ; IC   ; 1      ; MLABCELL_X28_Y16_N54                      ; u_soc|crypto_accelerator|u_core|u_aes|u_sub_byte_core|gf_0|dr_xor2~69|datad                 ;
;   23.643 ;   0.306  ; FR ; CELL ; 2      ; MLABCELL_X28_Y16_N54                      ; u_soc|crypto_accelerator|u_core|u_aes|u_sub_byte_core|gf_0|dr_xor2~69|combout               ;
;   23.643 ;   0.000  ;    ; RE   ; 2      ; MLABCELL_X28_Y16_N54                      ; ARRIAV_LCELL_COMB                                                                           ;
;   23.752 ;   0.109  ;    ; RE   ; 1      ; LE_BUFFER_X28_Y16_N0_I37                  ; LE_BUFFER                                                                                   ;
;   23.882 ;   0.130  ;    ; RE   ; 1      ; R3_X28_Y16_N0_I7                          ; H_SEG3                                                                                      ;
;   24.016 ;   0.134  ;    ; RE   ; 1      ; LOCAL_INTERCONNECT_X28_Y16_N0_I15         ; LAB_LINE                                                                                    ;
;   24.128 ;   0.112  ;    ; RE   ; 1      ; BLOCK_INPUT_MUX_X28_Y16_N0_I23            ; LEIM_INPUT                                                                                  ;
;   24.128 ;   0.000  ; RR ; IC   ; 1      ; MLABCELL_X28_Y16_N15                      ; u_soc|crypto_accelerator|u_core|u_aes|u_sub_byte_core|gf_0|al_out_t[2]|dataf                ;
;   24.215 ;   0.087  ; RF ; CELL ; 6      ; MLABCELL_X28_Y16_N15                      ; u_soc|crypto_accelerator|u_core|u_aes|u_sub_byte_core|gf_0|al_out_t[2]|combout              ;
;   24.215 ;   0.000  ;    ; RE   ; 2      ; MLABCELL_X28_Y16_N15                      ; ARRIAV_LCELL_COMB                                                                           ;
;   24.311 ;   0.096  ;    ; RE   ; 2      ; LOCAL_LINE_X28_Y16_N0_I5                  ; LOCAL_LINE                                                                                  ;
;   24.441 ;   0.130  ;    ; RE   ; 2      ; BLOCK_INPUT_MUX_X28_Y16_N0_I61            ; LEIM_INPUT                                                                                  ;
;   24.441 ;   0.000  ; FF ; IC   ; 1      ; MLABCELL_X28_Y16_N45                      ; u_soc|crypto_accelerator|u_core|u_aes|u_sub_byte_core|gf_0|data_out_f[5]~5|datac            ;
;   24.940 ;   0.499  ; FF ; CELL ; 5      ; MLABCELL_X28_Y16_N45                      ; u_soc|crypto_accelerator|u_core|u_aes|u_sub_byte_core|gf_0|data_out_f[5]~5|combout          ;
;   24.940 ;   0.000  ;    ; RE   ; 2      ; MLABCELL_X28_Y16_N45                      ; ARRIAV_LCELL_COMB                                                                           ;
;   24.996 ;   0.056  ;    ; RE   ; 1      ; LE_BUFFER_X28_Y16_N0_I30                  ; LE_BUFFER                                                                                   ;
;   25.144 ;   0.148  ;    ; RE   ; 1      ; C2_X28_Y14_N0_I15                         ; V_SEG2                                                                                      ;
;   25.319 ;   0.175  ;    ; RE   ; 1      ; R3_X26_Y15_N0_I13                         ; H_SEG3                                                                                      ;
;   25.505 ;   0.186  ;    ; RE   ; 1      ; LOCAL_INTERCONNECT_X27_Y15_N0_I19         ; LAB_LINE                                                                                    ;
;   25.624 ;   0.119  ;    ; RE   ; 1      ; BLOCK_INPUT_MUX_X27_Y15_N0_I53            ; LEIM_INPUT                                                                                  ;
;   25.624 ;   0.000  ; FF ; IC   ; 1      ; LABCELL_X27_Y15_N39                       ; u_soc|crypto_accelerator|u_core|u_aes|u_sub_byte_core|aff_trans_0|aff_trans_out_f~0|datac   ;
;   26.032 ;   0.408  ; FF ; CELL ; 5      ; LABCELL_X27_Y15_N39                       ; u_soc|crypto_accelerator|u_core|u_aes|u_sub_byte_core|aff_trans_0|aff_trans_out_f~0|combout ;
;   26.032 ;   0.000  ;    ; RE   ; 1      ; LABCELL_X27_Y15_N39                       ; ARRIAV_LCELL_COMB                                                                           ;
;   26.114 ;   0.082  ;    ; RE   ; 3      ; LE_BUFFER_X27_Y15_N0_I27                  ; LE_BUFFER                                                                                   ;
;   26.298 ;   0.184  ;    ; RE   ; 1      ; C4_X26_Y16_N0_I0                          ; V_SEG4                                                                                      ;
;   26.510 ;   0.212  ;    ; RE   ; 1      ; LOCAL_INTERCONNECT_X27_Y16_N0_I12         ; LAB_LINE                                                                                    ;
;   26.625 ;   0.115  ;    ; RE   ; 1      ; BLOCK_INPUT_MUX_X27_Y16_N0_I28            ; LEIM_INPUT                                                                                  ;
;   26.624 ;   -0.001 ; FF ; IC   ; 1      ; LABCELL_X27_Y16_N18                       ; u_soc|crypto_accelerator|u_core|u_aes|u_sub_byte_core|data_out_f[7]~7|datac                 ;
;   27.038 ;   0.414  ; FF ; CELL ; 20     ; LABCELL_X27_Y16_N18                       ; u_soc|crypto_accelerator|u_core|u_aes|u_sub_byte_core|data_out_f[7]~7|combout               ;
;   27.038 ;   0.000  ;    ; RE   ; 2      ; LABCELL_X27_Y16_N18                       ; ARRIAV_LCELL_COMB                                                                           ;
;   27.133 ;   0.095  ;    ; RE   ; 5      ; LE_BUFFER_X27_Y16_N0_I12                  ; LE_BUFFER                                                                                   ;
;   27.360 ;   0.227  ;    ; RE   ; 2      ; C2_X27_Y14_N0_I12                         ; V_SEG2                                                                                      ;
;   27.589 ;   0.229  ;    ; RE   ; 3      ; C2_X27_Y12_N0_I12                         ; V_SEG2                                                                                      ;
;   27.810 ;   0.221  ;    ; RE   ; 1      ; R6_X28_Y13_N0_I17                         ; H_SEG6                                                                                      ;
;   28.019 ;   0.209  ;    ; RE   ; 1      ; R3_X28_Y13_N0_I7                          ; H_SEG3                                                                                      ;
;   28.170 ;   0.151  ;    ; RE   ; 1      ; LOCAL_INTERCONNECT_X28_Y13_N0_I42         ; LAB_LINE                                                                                    ;
;   28.288 ;   0.118  ;    ; RE   ; 1      ; BLOCK_INPUT_MUX_X28_Y13_N0_I70            ; LEIM_INPUT                                                                                  ;
;   28.289 ;   0.001  ; FF ; IC   ; 1      ; FF_X28_Y13_N53                            ; u_soc|crypto_accelerator|u_core|u_aes|buf_a_f[5][7]|asdata                                  ;
;   28.804 ;   0.515  ; FF ; CELL ; 1      ; FF_X28_Y13_N53                            ; soc:u_soc|axi_slave_top:crypto_accelerator|axi_slave_core:u_core|aes:u_aes|buf_a_f[5][7]    ;
+----------+----------+----+------+--------+-------------------------------------------+---------------------------------------------------------------------------------------------+

+----------------------------------------------------------------------------------------------------------------------------------------------------+
; Data Required Path                                                                                                                                 ;
+---------+---------+----+------+--------+----------------+------------------------------------------------------------------------------------------+
; Total   ; Incr    ; RF ; Type ; Fanout ; Location       ; Element                                                                                  ;
+---------+---------+----+------+--------+----------------+------------------------------------------------------------------------------------------+
; 1.000   ; 1.000   ;    ;      ;        ;                ; latch edge time                                                                          ;
; 4.636   ; 3.636   ;    ;      ;        ;                ; clock path                                                                               ;
;   4.580 ;   3.580 ; R  ;      ;        ;                ; clock network delay                                                                      ;
;   4.636 ;   0.056 ;    ;      ;        ;                ; clock pessimism removed                                                                  ;
; 4.466   ; -0.170  ;    ;      ;        ;                ; clock uncertainty                                                                        ;
; 4.466   ; 0.000   ;    ; uTsu ; 1      ; FF_X28_Y13_N53 ; soc:u_soc|axi_slave_top:crypto_accelerator|axi_slave_core:u_core|aes:u_aes|buf_a_f[5][7] ;
+---------+---------+----+------+--------+----------------+------------------------------------------------------------------------------------------+

----------------------------
; Extra Fitter Information ;
----------------------------
HTML report is unavailable in plain text report export.


Path #13: Setup slack is -24.323 (VIOLATED)
===============================================================================
+---------------------------------------------------------------------------------------------------------------+
; Path Summary                                                                                                  ;
+--------------------+------------------------------------------------------------------------------------------+
; Property           ; Value                                                                                    ;
+--------------------+------------------------------------------------------------------------------------------+
; From Node          ; soc:u_soc|axi_slave_top:crypto_accelerator|axi_slave_core:u_core|aes:u_aes|kexp_i[1]     ;
; To Node            ; soc:u_soc|axi_slave_top:crypto_accelerator|axi_slave_core:u_core|aes:u_aes|buf_a_f[5][7] ;
; Launch Clock       ; CLOCK_50                                                                                 ;
; Latch Clock        ; CLOCK_50                                                                                 ;
; Data Arrival Time  ; 28.789                                                                                   ;
; Data Required Time ; 4.466                                                                                    ;
; Slack              ; -24.323 (VIOLATED)                                                                       ;
+--------------------+------------------------------------------------------------------------------------------+

+----------------------------------------------------------------------------------------+
; Statistics                                                                             ;
+---------------------------+--------+-------+-------------+------------+--------+-------+
; Property                  ; Value  ; Count ; Total Delay ; % of Total ; Min    ; Max   ;
+---------------------------+--------+-------+-------------+------------+--------+-------+
; Setup Relationship        ; 1.000  ;       ;             ;            ;        ;       ;
; Clock Skew                ; -0.423 ;       ;             ;            ;        ;       ;
; Data Delay                ; 24.730 ;       ;             ;            ;        ;       ;
; Number of Logic Levels    ;        ; 32    ;             ;            ;        ;       ;
; Physical Delays           ;        ;       ;             ;            ;        ;       ;
;  Arrival Path             ;        ;       ;             ;            ;        ;       ;
;   Clock                   ;        ;       ;             ;            ;        ;       ;
;    Clock Network (Lumped) ;        ; 1     ; 4.059       ; 100        ; 4.059  ; 4.059 ;
;   Data                    ;        ;       ;             ;            ;        ;       ;
;    IC                     ;        ; 33    ; 0.001       ; 0          ; -0.001 ; 0.001 ;
;    Cell                   ;        ; 34    ; 7.724       ; 31         ; 0.000  ; 0.515 ;
;    uTco                   ;        ; 1     ; 0.000       ; 0          ; 0.000  ; 0.000 ;
;    Routing Element        ;        ; 156   ; 17.005      ; 69         ; 0.000  ; 0.401 ;
;  Required Path            ;        ;       ;             ;            ;        ;       ;
;   Clock                   ;        ;       ;             ;            ;        ;       ;
;    Clock Network (Lumped) ;        ; 1     ; 3.580       ; 100        ; 3.580  ; 3.580 ;
+---------------------------+--------+-------+-------------+------------+--------+-------+
Note: Negative delays are omitted from totals when calculating percentages

+------------------------------------------------------------------------------------------------------------------------------------------------------------------------------------+
; Data Arrival Path                                                                                                                                                                  ;
+----------+----------+----+------+--------+-------------------------------------------+---------------------------------------------------------------------------------------------+
; Total    ; Incr     ; RF ; Type ; Fanout ; Location                                  ; Element                                                                                     ;
+----------+----------+----+------+--------+-------------------------------------------+---------------------------------------------------------------------------------------------+
; 0.000    ; 0.000    ;    ;      ;        ;                                           ; launch edge time                                                                            ;
; 4.059    ; 4.059    ;    ;      ;        ;                                           ; clock path                                                                                  ;
;   4.059  ;   4.059  ; R  ;      ;        ;                                           ; clock network delay                                                                         ;
; 28.789   ; 24.730   ;    ;      ;        ;                                           ; data path                                                                                   ;
;   4.059  ;   0.000  ;    ; uTco ; 1      ; FF_X30_Y23_N2                             ; soc:u_soc|axi_slave_top:crypto_accelerator|axi_slave_core:u_core|aes:u_aes|kexp_i[1]        ;
;   4.059  ;   0.000  ; FF ; CELL ; 239    ; FF_X30_Y23_N2                             ; u_soc|crypto_accelerator|u_core|u_aes|kexp_i[1]|q                                           ;
;   4.109  ;   0.050  ;    ; RE   ; 3      ; FF_X30_Y23_N2                             ; ARRIAV_FF                                                                                   ;
;   4.197  ;   0.088  ;    ; RE   ; 5      ; LE_BUFFER_X30_Y23_N0_I1                   ; LE_BUFFER                                                                                   ;
;   4.598  ;   0.401  ;    ; RE   ; 8      ; R6_X30_Y23_N0_I11                         ; H_SEG6                                                                                      ;
;   4.941  ;   0.343  ;    ; RE   ; 3      ; R6_X35_Y23_N0_I10                         ; H_SEG6                                                                                      ;
;   5.177  ;   0.236  ;    ; RE   ; 2      ; LOCAL_INTERCONNECT_X36_Y23_N0_I1          ; LAB_LINE                                                                                    ;
;   5.299  ;   0.122  ;    ; RE   ; 1      ; BLOCK_INPUT_MUX_X36_Y23_N0_I64            ; LEIM_INPUT                                                                                  ;
;   5.299  ;   0.000  ; FF ; IC   ; 1      ; LABCELL_X36_Y23_N48                       ; u_soc|crypto_accelerator|u_core|u_aes|sb_in_f~20|datad                                      ;
;   5.587  ;   0.288  ; FF ; CELL ; 3      ; LABCELL_X36_Y23_N48                       ; u_soc|crypto_accelerator|u_core|u_aes|sb_in_f~20|combout                                    ;
;   5.587  ;   0.000  ;    ; RE   ; 2      ; LABCELL_X36_Y23_N48                       ; ARRIAV_LCELL_COMB                                                                           ;
;   5.664  ;   0.077  ;    ; RE   ; 1      ; LOCAL_LINE_X36_Y23_N0_I16                 ; LOCAL_LINE                                                                                  ;
;   5.785  ;   0.121  ;    ; RE   ; 1      ; BLOCK_INPUT_MUX_X36_Y23_N0_I28            ; LEIM_INPUT                                                                                  ;
;   5.785  ;   0.000  ; FF ; IC   ; 1      ; LABCELL_X36_Y23_N18                       ; u_soc|crypto_accelerator|u_core|u_aes|sb_in_f~22|datac                                      ;
;   6.202  ;   0.417  ; FF ; CELL ; 48     ; LABCELL_X36_Y23_N18                       ; u_soc|crypto_accelerator|u_core|u_aes|sb_in_f~22|combout                                    ;
;   6.202  ;   0.000  ;    ; RE   ; 2      ; LABCELL_X36_Y23_N18                       ; ARRIAV_LCELL_COMB                                                                           ;
;   6.299  ;   0.097  ;    ; RE   ; 2      ; LE_BUFFER_X36_Y23_N0_I13                  ; LE_BUFFER                                                                                   ;
;   6.497  ;   0.198  ;    ; RE   ; 2      ; R3_X36_Y23_N0_I1                          ; H_SEG3                                                                                      ;
;   6.497  ;   0.000  ;    ; RE   ; 2      ; R14_C12_INTERCONNECT_DRIVER_X36_Y23_N0_I1 ; WIRE_MUX                                                                                    ;
;   6.740  ;   0.243  ;    ; RE   ; 2      ; R14_X23_Y23_N0_I1                         ; H_SEG14                                                                                     ;
;   6.966  ;   0.226  ;    ; RE   ; 1      ; C2_X22_Y21_N0_I15                         ; V_SEG2                                                                                      ;
;   7.290  ;   0.324  ;    ; RE   ; 1      ; R6_X17_Y21_N0_I26                         ; H_SEG6                                                                                      ;
;   7.504  ;   0.214  ;    ; RE   ; 3      ; LOCAL_INTERCONNECT_X19_Y21_N0_I12         ; LAB_LINE                                                                                    ;
;   7.618  ;   0.114  ;    ; RE   ; 1      ; BLOCK_INPUT_MUX_X19_Y21_N0_I71            ; LEIM_INPUT                                                                                  ;
;   7.618  ;   0.000  ; FF ; IC   ; 1      ; LABCELL_X19_Y21_N51                       ; u_soc|crypto_accelerator|u_core|u_aes|sb_in_f~545|dataf                                     ;
;   7.689  ;   0.071  ; FF ; CELL ; 1      ; LABCELL_X19_Y21_N51                       ; u_soc|crypto_accelerator|u_core|u_aes|sb_in_f~545|combout                                   ;
;   7.689  ;   0.000  ;    ; RE   ; 1      ; LABCELL_X19_Y21_N51                       ; ARRIAV_LCELL_COMB                                                                           ;
;   7.745  ;   0.056  ;    ; RE   ; 1      ; LE_BUFFER_X19_Y21_N0_I34                  ; LE_BUFFER                                                                                   ;
;   7.885  ;   0.140  ;    ; RE   ; 1      ; R3_X17_Y21_N0_I21                         ; H_SEG3                                                                                      ;
;   7.885  ;   0.000  ;    ; RE   ; 1      ; R14_C12_INTERCONNECT_DRIVER_X19_Y21_N0_I2 ; WIRE_MUX                                                                                    ;
;   8.123  ;   0.238  ;    ; RE   ; 1      ; R14_X20_Y21_N0_I0                         ; H_SEG14                                                                                     ;
;   8.332  ;   0.209  ;    ; RE   ; 1      ; C2_X30_Y22_N0_I7                          ; V_SEG2                                                                                      ;
;   8.509  ;   0.177  ;    ; RE   ; 1      ; R6_X31_Y22_N0_I16                         ; H_SEG6                                                                                      ;
;   8.677  ;   0.168  ;    ; RE   ; 1      ; LOCAL_INTERCONNECT_X31_Y22_N0_I16         ; LAB_LINE                                                                                    ;
;   8.784  ;   0.107  ;    ; RE   ; 1      ; BLOCK_INPUT_MUX_X31_Y22_N0_I56            ; LEIM_INPUT                                                                                  ;
;   8.784  ;   0.000  ; FF ; IC   ; 1      ; LABCELL_X31_Y22_N42                       ; u_soc|crypto_accelerator|u_core|u_aes|sb_in_f~761|datad                                     ;
;   9.086  ;   0.302  ; FR ; CELL ; 1      ; LABCELL_X31_Y22_N42                       ; u_soc|crypto_accelerator|u_core|u_aes|sb_in_f~761|combout                                   ;
;   9.086  ;   0.000  ;    ; RE   ; 1      ; LABCELL_X31_Y22_N42                       ; ARRIAV_LCELL_COMB                                                                           ;
;   9.174  ;   0.088  ;    ; RE   ; 1      ; LOCAL_LINE_X31_Y22_N0_I14                 ; LOCAL_LINE                                                                                  ;
;   9.279  ;   0.105  ;    ; RE   ; 1      ; BLOCK_INPUT_MUX_X31_Y22_N0_I65            ; LEIM_INPUT                                                                                  ;
;   9.279  ;   0.000  ; RR ; IC   ; 1      ; LABCELL_X31_Y22_N48                       ; u_soc|crypto_accelerator|u_core|u_aes|sb_in_f~546|dataf                                     ;
;   9.357  ;   0.078  ; RR ; CELL ; 1      ; LABCELL_X31_Y22_N48                       ; u_soc|crypto_accelerator|u_core|u_aes|sb_in_f~546|combout                                   ;
;   9.357  ;   0.000  ;    ; RE   ; 1      ; LABCELL_X31_Y22_N48                       ; ARRIAV_LCELL_COMB                                                                           ;
;   9.457  ;   0.100  ;    ; RE   ; 1      ; LOCAL_LINE_X31_Y22_N0_I16                 ; LOCAL_LINE                                                                                  ;
;   9.564  ;   0.107  ;    ; RE   ; 1      ; BLOCK_INPUT_MUX_X31_Y22_N0_I17            ; LEIM_INPUT                                                                                  ;
;   9.564  ;   0.000  ; RR ; IC   ; 1      ; LABCELL_X31_Y22_N12                       ; u_soc|crypto_accelerator|u_core|u_aes|sb_in_f~548|dataf                                     ;
;   9.648  ;   0.084  ; RF ; CELL ; 1      ; LABCELL_X31_Y22_N12                       ; u_soc|crypto_accelerator|u_core|u_aes|sb_in_f~548|combout                                   ;
;   9.648  ;   0.000  ;    ; RE   ; 1      ; LABCELL_X31_Y22_N12                       ; ARRIAV_LCELL_COMB                                                                           ;
;   9.730  ;   0.082  ;    ; RE   ; 1      ; LOCAL_LINE_X31_Y22_N0_I4                  ; LOCAL_LINE                                                                                  ;
;   9.855  ;   0.125  ;    ; RE   ; 1      ; BLOCK_INPUT_MUX_X31_Y22_N0_I55            ; LEIM_INPUT                                                                                  ;
;   9.855  ;   0.000  ; FF ; IC   ; 1      ; LABCELL_X31_Y22_N39                       ; u_soc|crypto_accelerator|u_core|u_aes|sb_in_f~550|dataf                                     ;
;   9.926  ;   0.071  ; FF ; CELL ; 1      ; LABCELL_X31_Y22_N39                       ; u_soc|crypto_accelerator|u_core|u_aes|sb_in_f~550|combout                                   ;
;   9.926  ;   0.000  ;    ; RE   ; 1      ; LABCELL_X31_Y22_N39                       ; ARRIAV_LCELL_COMB                                                                           ;
;   9.995  ;   0.069  ;    ; RE   ; 1      ; LE_BUFFER_X31_Y22_N0_I27                  ; LE_BUFFER                                                                                   ;
;   10.173 ;   0.178  ;    ; RE   ; 1      ; C2_X30_Y20_N0_I14                         ; V_SEG2                                                                                      ;
;   10.381 ;   0.208  ;    ; RE   ; 1      ; C2_X30_Y18_N0_I14                         ; V_SEG2                                                                                      ;
;   10.747 ;   0.366  ;    ; RE   ; 1      ; R6_X31_Y18_N0_I5                          ; H_SEG6                                                                                      ;
;   10.991 ;   0.244  ;    ; RE   ; 1      ; LOCAL_INTERCONNECT_X36_Y18_N0_I39         ; LAB_LINE                                                                                    ;
;   11.107 ;   0.116  ;    ; RE   ; 1      ; BLOCK_INPUT_MUX_X36_Y18_N0_I9             ; LEIM_INPUT                                                                                  ;
;   11.107 ;   0.000  ; FF ; IC   ; 1      ; LABCELL_X36_Y18_N6                        ; u_soc|crypto_accelerator|u_core|u_aes|sb_in_f~553|dataf                                     ;
;   11.189 ;   0.082  ; FR ; CELL ; 1      ; LABCELL_X36_Y18_N6                        ; u_soc|crypto_accelerator|u_core|u_aes|sb_in_f~553|combout                                   ;
;   11.189 ;   0.000  ;    ; RE   ; 1      ; LABCELL_X36_Y18_N6                        ; ARRIAV_LCELL_COMB                                                                           ;
;   11.292 ;   0.103  ;    ; RE   ; 1      ; LOCAL_LINE_X36_Y18_N0_I2                  ; LOCAL_LINE                                                                                  ;
;   11.399 ;   0.107  ;    ; RE   ; 1      ; BLOCK_INPUT_MUX_X36_Y18_N0_I65            ; LEIM_INPUT                                                                                  ;
;   11.399 ;   0.000  ; RR ; IC   ; 1      ; LABCELL_X36_Y18_N48                       ; u_soc|crypto_accelerator|u_core|u_aes|sb_in_f~555|dataf                                     ;
;   11.477 ;   0.078  ; RR ; CELL ; 1      ; LABCELL_X36_Y18_N48                       ; u_soc|crypto_accelerator|u_core|u_aes|sb_in_f~555|combout                                   ;
;   11.477 ;   0.000  ;    ; RE   ; 1      ; LABCELL_X36_Y18_N48                       ; ARRIAV_LCELL_COMB                                                                           ;
;   11.570 ;   0.093  ;    ; RE   ; 1      ; LOCAL_LINE_X36_Y18_N0_I16                 ; LOCAL_LINE                                                                                  ;
;   11.675 ;   0.105  ;    ; RE   ; 1      ; BLOCK_INPUT_MUX_X36_Y18_N0_I41            ; LEIM_INPUT                                                                                  ;
;   11.675 ;   0.000  ; RR ; IC   ; 1      ; LABCELL_X36_Y18_N30                       ; u_soc|crypto_accelerator|u_core|u_aes|sb_in_f~557|dataf                                     ;
;   11.753 ;   0.078  ; RR ; CELL ; 1      ; LABCELL_X36_Y18_N30                       ; u_soc|crypto_accelerator|u_core|u_aes|sb_in_f~557|combout                                   ;
;   11.753 ;   0.000  ;    ; RE   ; 1      ; LABCELL_X36_Y18_N30                       ; ARRIAV_LCELL_COMB                                                                           ;
;   11.865 ;   0.112  ;    ; RE   ; 1      ; LOCAL_LINE_X36_Y18_N0_I10                 ; LOCAL_LINE                                                                                  ;
;   11.971 ;   0.106  ;    ; RE   ; 1      ; BLOCK_INPUT_MUX_X36_Y18_N0_I17            ; LEIM_INPUT                                                                                  ;
;   11.972 ;   0.001  ; RR ; IC   ; 1      ; LABCELL_X36_Y18_N12                       ; u_soc|crypto_accelerator|u_core|u_aes|sb_in_f~559|dataf                                     ;
;   12.050 ;   0.078  ; RR ; CELL ; 1      ; LABCELL_X36_Y18_N12                       ; u_soc|crypto_accelerator|u_core|u_aes|sb_in_f~559|combout                                   ;
;   12.050 ;   0.000  ;    ; RE   ; 1      ; LABCELL_X36_Y18_N12                       ; ARRIAV_LCELL_COMB                                                                           ;
;   12.142 ;   0.092  ;    ; RE   ; 1      ; LOCAL_LINE_X36_Y18_N0_I4                  ; LOCAL_LINE                                                                                  ;
;   12.248 ;   0.106  ;    ; RE   ; 1      ; BLOCK_INPUT_MUX_X36_Y18_N0_I25            ; LEIM_INPUT                                                                                  ;
;   12.248 ;   0.000  ; RR ; IC   ; 1      ; LABCELL_X36_Y18_N18                       ; u_soc|crypto_accelerator|u_core|u_aes|sb_in_f~561|dataf                                     ;
;   12.325 ;   0.077  ; RR ; CELL ; 1      ; LABCELL_X36_Y18_N18                       ; u_soc|crypto_accelerator|u_core|u_aes|sb_in_f~561|combout                                   ;
;   12.325 ;   0.000  ;    ; RE   ; 1      ; LABCELL_X36_Y18_N18                       ; ARRIAV_LCELL_COMB                                                                           ;
;   12.434 ;   0.109  ;    ; RE   ; 1      ; LE_BUFFER_X36_Y18_N0_I13                  ; LE_BUFFER                                                                                   ;
;   12.538 ;   0.104  ;    ; RE   ; 1      ; LOCAL_INTERCONNECT_X35_Y18_N0_I36         ; LAB_LINE                                                                                    ;
;   12.641 ;   0.103  ;    ; RE   ; 1      ; BLOCK_INPUT_MUX_X35_Y18_N0_I33            ; LEIM_INPUT                                                                                  ;
;   12.642 ;   0.001  ; RR ; IC   ; 1      ; LABCELL_X35_Y18_N24                       ; u_soc|crypto_accelerator|u_core|u_aes|sb_in_f~563|dataf                                     ;
;   12.720 ;   0.078  ; RR ; CELL ; 1      ; LABCELL_X35_Y18_N24                       ; u_soc|crypto_accelerator|u_core|u_aes|sb_in_f~563|combout                                   ;
;   12.720 ;   0.000  ;    ; RE   ; 1      ; LABCELL_X35_Y18_N24                       ; ARRIAV_LCELL_COMB                                                                           ;
;   12.809 ;   0.089  ;    ; RE   ; 1      ; LOCAL_LINE_X35_Y18_N0_I8                  ; LOCAL_LINE                                                                                  ;
;   12.913 ;   0.104  ;    ; RE   ; 1      ; BLOCK_INPUT_MUX_X35_Y18_N0_I25            ; LEIM_INPUT                                                                                  ;
;   12.913 ;   0.000  ; RR ; IC   ; 1      ; LABCELL_X35_Y18_N18                       ; u_soc|crypto_accelerator|u_core|u_aes|sb_in_f~565|dataf                                     ;
;   12.990 ;   0.077  ; RR ; CELL ; 1      ; LABCELL_X35_Y18_N18                       ; u_soc|crypto_accelerator|u_core|u_aes|sb_in_f~565|combout                                   ;
;   12.990 ;   0.000  ;    ; RE   ; 1      ; LABCELL_X35_Y18_N18                       ; ARRIAV_LCELL_COMB                                                                           ;
;   13.075 ;   0.085  ;    ; RE   ; 1      ; LE_BUFFER_X35_Y18_N0_I13                  ; LE_BUFFER                                                                                   ;
;   13.182 ;   0.107  ;    ; RE   ; 1      ; LOCAL_INTERCONNECT_X34_Y18_N0_I36         ; LAB_LINE                                                                                    ;
;   13.286 ;   0.104  ;    ; RE   ; 1      ; BLOCK_INPUT_MUX_X34_Y18_N0_I1             ; LEIM_INPUT                                                                                  ;
;   13.287 ;   0.001  ; RR ; IC   ; 1      ; MLABCELL_X34_Y18_N0                       ; u_soc|crypto_accelerator|u_core|u_aes|sb_in_f~567|dataf                                     ;
;   13.364 ;   0.077  ; RR ; CELL ; 1      ; MLABCELL_X34_Y18_N0                       ; u_soc|crypto_accelerator|u_core|u_aes|sb_in_f~567|combout                                   ;
;   13.364 ;   0.000  ;    ; RE   ; 1      ; MLABCELL_X34_Y18_N0                       ; ARRIAV_LCELL_COMB                                                                           ;
;   13.469 ;   0.105  ;    ; RE   ; 1      ; LE_BUFFER_X34_Y18_N0_I1                   ; LE_BUFFER                                                                                   ;
;   13.647 ;   0.178  ;    ; RE   ; 1      ; C2_X33_Y16_N0_I18                         ; V_SEG2                                                                                      ;
;   13.831 ;   0.184  ;    ; RE   ; 1      ; R3_X31_Y17_N0_I20                         ; H_SEG3                                                                                      ;
;   13.970 ;   0.139  ;    ; RE   ; 1      ; LOCAL_INTERCONNECT_X31_Y17_N0_I28         ; LAB_LINE                                                                                    ;
;   14.073 ;   0.103  ;    ; RE   ; 1      ; BLOCK_INPUT_MUX_X31_Y17_N0_I17            ; LEIM_INPUT                                                                                  ;
;   14.072 ;   -0.001 ; RR ; IC   ; 1      ; LABCELL_X31_Y17_N12                       ; u_soc|crypto_accelerator|u_core|u_aes|sb_in_f~569|dataf                                     ;
;   14.150 ;   0.078  ; RR ; CELL ; 1      ; LABCELL_X31_Y17_N12                       ; u_soc|crypto_accelerator|u_core|u_aes|sb_in_f~569|combout                                   ;
;   14.150 ;   0.000  ;    ; RE   ; 1      ; LABCELL_X31_Y17_N12                       ; ARRIAV_LCELL_COMB                                                                           ;
;   14.247 ;   0.097  ;    ; RE   ; 1      ; LOCAL_LINE_X31_Y17_N0_I4                  ; LOCAL_LINE                                                                                  ;
;   14.353 ;   0.106  ;    ; RE   ; 1      ; BLOCK_INPUT_MUX_X31_Y17_N0_I1             ; LEIM_INPUT                                                                                  ;
;   14.353 ;   0.000  ; RR ; IC   ; 1      ; LABCELL_X31_Y17_N0                        ; u_soc|crypto_accelerator|u_core|u_aes|Selector4548~1|dataf                                  ;
;   14.439 ;   0.086  ; RF ; CELL ; 4      ; LABCELL_X31_Y17_N0                        ; u_soc|crypto_accelerator|u_core|u_aes|Selector4548~1|combout                                ;
;   14.439 ;   0.000  ;    ; RE   ; 2      ; LABCELL_X31_Y17_N0                        ; ARRIAV_LCELL_COMB                                                                           ;
;   14.494 ;   0.055  ;    ; RE   ; 1      ; LE_BUFFER_X31_Y17_N0_I0                   ; LE_BUFFER                                                                                   ;
;   14.644 ;   0.150  ;    ; RE   ; 1      ; R6_X26_Y17_N0_I22                         ; H_SEG6                                                                                      ;
;   14.831 ;   0.187  ;    ; RE   ; 1      ; LOCAL_INTERCONNECT_X31_Y17_N0_I35         ; LAB_LINE                                                                                    ;
;   14.942 ;   0.111  ;    ; RE   ; 1      ; BLOCK_INPUT_MUX_X31_Y17_N0_I77            ; LEIM_INPUT                                                                                  ;
;   14.942 ;   0.000  ; FF ; IC   ; 1      ; LABCELL_X31_Y17_N57                       ; u_soc|crypto_accelerator|u_core|u_aes|u_sub_byte_core|gf_in_f[4]~1|datac                    ;
;   15.355 ;   0.413  ; FF ; CELL ; 8      ; LABCELL_X31_Y17_N57                       ; u_soc|crypto_accelerator|u_core|u_aes|u_sub_byte_core|gf_in_f[4]~1|combout                  ;
;   15.355 ;   0.000  ;    ; RE   ; 2      ; LABCELL_X31_Y17_N57                       ; ARRIAV_LCELL_COMB                                                                           ;
;   15.414 ;   0.059  ;    ; RE   ; 2      ; LE_BUFFER_X31_Y17_N0_I38                  ; LE_BUFFER                                                                                   ;
;   15.578 ;   0.164  ;    ; RE   ; 3      ; C4_X31_Y13_N0_I9                          ; V_SEG4                                                                                      ;
;   15.832 ;   0.254  ;    ; RE   ; 1      ; R6_X26_Y16_N0_I24                         ; H_SEG6                                                                                      ;
;   16.039 ;   0.207  ;    ; RE   ; 1      ; LOCAL_INTERCONNECT_X30_Y16_N0_I37         ; LAB_LINE                                                                                    ;
;   16.158 ;   0.119  ;    ; RE   ; 1      ; BLOCK_INPUT_MUX_X30_Y16_N0_I29            ; LEIM_INPUT                                                                                  ;
;   16.158 ;   0.000  ; FF ; IC   ; 1      ; LABCELL_X30_Y16_N21                       ; u_soc|crypto_accelerator|u_core|u_aes|u_sub_byte_core|gf_0|al_sq_f[3]|datac                 ;
;   16.575 ;   0.417  ; FF ; CELL ; 12     ; LABCELL_X30_Y16_N21                       ; u_soc|crypto_accelerator|u_core|u_aes|u_sub_byte_core|gf_0|al_sq_f[3]|combout               ;
;   16.575 ;   0.000  ;    ; RE   ; 3      ; LABCELL_X30_Y16_N21                       ; ARRIAV_LCELL_COMB                                                                           ;
;   16.647 ;   0.072  ;    ; RE   ; 3      ; LE_BUFFER_X30_Y16_N0_I14                  ; LE_BUFFER                                                                                   ;
;   16.783 ;   0.136  ;    ; RE   ; 3      ; LOCAL_INTERCONNECT_X31_Y16_N0_I25         ; LAB_LINE                                                                                    ;
;   16.874 ;   0.091  ;    ; RE   ; 1      ; BLOCK_INPUT_MUX_X31_Y16_N0_I50            ; LEIM_INPUT                                                                                  ;
;   16.874 ;   0.000  ; FF ; IC   ; 1      ; LABCELL_X31_Y16_N39                       ; u_soc|crypto_accelerator|u_core|u_aes|u_sub_byte_core|gf_0|dr_xor2~18|dataa                 ;
;   17.343 ;   0.469  ; FR ; CELL ; 3      ; LABCELL_X31_Y16_N39                       ; u_soc|crypto_accelerator|u_core|u_aes|u_sub_byte_core|gf_0|dr_xor2~18|combout               ;
;   17.343 ;   0.000  ;    ; RE   ; 2      ; LABCELL_X31_Y16_N39                       ; ARRIAV_LCELL_COMB                                                                           ;
;   17.449 ;   0.106  ;    ; RE   ; 2      ; LOCAL_LINE_X31_Y16_N0_I13                 ; LOCAL_LINE                                                                                  ;
;   17.559 ;   0.110  ;    ; RE   ; 1      ; BLOCK_INPUT_MUX_X31_Y16_N0_I5             ; LEIM_INPUT                                                                                  ;
;   17.559 ;   0.000  ; RR ; IC   ; 1      ; LABCELL_X31_Y16_N0                        ; u_soc|crypto_accelerator|u_core|u_aes|u_sub_byte_core|gf_0|dr_xor2~19|datad                 ;
;   17.982 ;   0.423  ; RF ; CELL ; 4      ; LABCELL_X31_Y16_N0                        ; u_soc|crypto_accelerator|u_core|u_aes|u_sub_byte_core|gf_0|dr_xor2~19|combout               ;
;   17.982 ;   0.000  ;    ; RE   ; 1      ; LABCELL_X31_Y16_N0                        ; ARRIAV_LCELL_COMB                                                                           ;
;   18.044 ;   0.062  ;    ; RE   ; 2      ; LE_BUFFER_X31_Y16_N0_I0                   ; LE_BUFFER                                                                                   ;
;   18.196 ;   0.152  ;    ; RE   ; 1      ; C2_X31_Y14_N0_I18                         ; V_SEG2                                                                                      ;
;   18.394 ;   0.198  ;    ; RE   ; 1      ; R6_X26_Y15_N0_I25                         ; H_SEG6                                                                                      ;
;   18.589 ;   0.195  ;    ; RE   ; 1      ; LOCAL_INTERCONNECT_X31_Y15_N0_I40         ; LAB_LINE                                                                                    ;
;   18.682 ;   0.093  ;    ; RE   ; 2      ; BLOCK_INPUT_MUX_X31_Y15_N0_I75            ; LEIM_INPUT                                                                                  ;
;   18.682 ;   0.000  ; FF ; IC   ; 1      ; LABCELL_X31_Y15_N57                       ; u_soc|crypto_accelerator|u_core|u_aes|u_sub_byte_core|gf_0|ah_mul_al_f[1]~1|datab           ;
;   19.161 ;   0.479  ; FF ; CELL ; 2      ; LABCELL_X31_Y15_N57                       ; u_soc|crypto_accelerator|u_core|u_aes|u_sub_byte_core|gf_0|ah_mul_al_f[1]~1|combout         ;
;   19.161 ;   0.000  ;    ; RE   ; 2      ; LABCELL_X31_Y15_N57                       ; ARRIAV_LCELL_COMB                                                                           ;
;   19.215 ;   0.054  ;    ; RE   ; 1      ; LE_BUFFER_X31_Y15_N0_I38                  ; LE_BUFFER                                                                                   ;
;   19.331 ;   0.116  ;    ; RE   ; 1      ; LOCAL_INTERCONNECT_X31_Y15_N0_I45         ; LAB_LINE                                                                                    ;
;   19.449 ;   0.118  ;    ; RE   ; 1      ; BLOCK_INPUT_MUX_X31_Y15_N0_I47            ; LEIM_INPUT                                                                                  ;
;   19.449 ;   0.000  ; FF ; IC   ; 1      ; LABCELL_X31_Y15_N33                       ; u_soc|crypto_accelerator|u_core|u_aes|u_sub_byte_core|gf_0|dr_xor2~27|dataf                 ;
;   19.523 ;   0.074  ; FF ; CELL ; 6      ; LABCELL_X31_Y15_N33                       ; u_soc|crypto_accelerator|u_core|u_aes|u_sub_byte_core|gf_0|dr_xor2~27|combout               ;
;   19.523 ;   0.000  ;    ; RE   ; 2      ; LABCELL_X31_Y15_N33                       ; ARRIAV_LCELL_COMB                                                                           ;
;   19.593 ;   0.070  ;    ; RE   ; 1      ; LE_BUFFER_X31_Y15_N0_I23                  ; LE_BUFFER                                                                                   ;
;   19.746 ;   0.153  ;    ; RE   ; 1      ; R6_X31_Y15_N0_I16                         ; H_SEG6                                                                                      ;
;   19.914 ;   0.168  ;    ; RE   ; 1      ; LOCAL_INTERCONNECT_X31_Y15_N0_I16         ; LAB_LINE                                                                                    ;
;   20.016 ;   0.102  ;    ; RE   ; 1      ; BLOCK_INPUT_MUX_X31_Y15_N0_I54            ; LEIM_INPUT                                                                                  ;
;   20.015 ;   -0.001 ; FF ; IC   ; 1      ; LABCELL_X31_Y15_N39                       ; u_soc|crypto_accelerator|u_core|u_aes|u_sub_byte_core|gf_0|d_f[1]|datad                     ;
;   20.319 ;   0.304  ; FF ; CELL ; 17     ; LABCELL_X31_Y15_N39                       ; u_soc|crypto_accelerator|u_core|u_aes|u_sub_byte_core|gf_0|d_f[1]|combout                   ;
;   20.319 ;   0.000  ;    ; RE   ; 2      ; LABCELL_X31_Y15_N39                       ; ARRIAV_LCELL_COMB                                                                           ;
;   20.403 ;   0.084  ;    ; RE   ; 5      ; LE_BUFFER_X31_Y15_N0_I26                  ; LE_BUFFER                                                                                   ;
;   20.572 ;   0.169  ;    ; RE   ; 1      ; C2_X31_Y16_N0_I10                         ; V_SEG2                                                                                      ;
;   20.772 ;   0.200  ;    ; RE   ; 2      ; R3_X29_Y16_N0_I14                         ; H_SEG3                                                                                      ;
;   20.912 ;   0.140  ;    ; RE   ; 1      ; LOCAL_INTERCONNECT_X29_Y16_N0_I2          ; LAB_LINE                                                                                    ;
;   21.013 ;   0.101  ;    ; RE   ; 1      ; BLOCK_INPUT_MUX_X29_Y16_N0_I30            ; LEIM_INPUT                                                                                  ;
;   21.012 ;   -0.001 ; FF ; IC   ; 1      ; LABCELL_X29_Y16_N21                       ; u_soc|crypto_accelerator|u_core|u_aes|u_sub_byte_core|gf_0|d_inv_t[3]~6|datae               ;
;   21.268 ;   0.256  ; FF ; CELL ; 3      ; LABCELL_X29_Y16_N21                       ; u_soc|crypto_accelerator|u_core|u_aes|u_sub_byte_core|gf_0|d_inv_t[3]~6|combout             ;
;   21.268 ;   0.000  ;    ; RE   ; 2      ; LABCELL_X29_Y16_N21                       ; ARRIAV_LCELL_COMB                                                                           ;
;   21.344 ;   0.076  ;    ; RE   ; 2      ; LOCAL_LINE_X29_Y16_N0_I7                  ; LOCAL_LINE                                                                                  ;
;   21.467 ;   0.123  ;    ; RE   ; 1      ; BLOCK_INPUT_MUX_X29_Y16_N0_I8             ; LEIM_INPUT                                                                                  ;
;   21.467 ;   0.000  ; FF ; IC   ; 1      ; LABCELL_X29_Y16_N6                        ; u_soc|crypto_accelerator|u_core|u_aes|u_sub_byte_core|gf_0|d_inv_t[3]~7|datad               ;
;   21.770 ;   0.303  ; FR ; CELL ; 8      ; LABCELL_X29_Y16_N6                        ; u_soc|crypto_accelerator|u_core|u_aes|u_sub_byte_core|gf_0|d_inv_t[3]~7|combout             ;
;   21.770 ;   0.000  ;    ; RE   ; 2      ; LABCELL_X29_Y16_N6                        ; ARRIAV_LCELL_COMB                                                                           ;
;   21.859 ;   0.089  ;    ; RE   ; 2      ; LE_BUFFER_X29_Y16_N0_I4                   ; LE_BUFFER                                                                                   ;
;   21.995 ;   0.136  ;    ; RE   ; 1      ; C2_X29_Y14_N0_I19                         ; V_SEG2                                                                                      ;
;   22.125 ;   0.130  ;    ; RE   ; 1      ; R3_X27_Y15_N0_I12                         ; H_SEG3                                                                                      ;
;   22.251 ;   0.126  ;    ; RE   ; 1      ; LOCAL_INTERCONNECT_X28_Y15_N0_I9          ; LAB_LINE                                                                                    ;
;   22.362 ;   0.111  ;    ; RE   ; 1      ; BLOCK_INPUT_MUX_X28_Y15_N0_I32            ; LEIM_INPUT                                                                                  ;
;   22.362 ;   0.000  ; RR ; IC   ; 1      ; MLABCELL_X28_Y15_N24                      ; u_soc|crypto_accelerator|u_core|u_aes|u_sub_byte_core|gf_0|dr_xor2~67|datae                 ;
;   22.619 ;   0.257  ; RF ; CELL ; 4      ; MLABCELL_X28_Y15_N24                      ; u_soc|crypto_accelerator|u_core|u_aes|u_sub_byte_core|gf_0|dr_xor2~67|combout               ;
;   22.619 ;   0.000  ;    ; RE   ; 1      ; MLABCELL_X28_Y15_N24                      ; ARRIAV_LCELL_COMB                                                                           ;
;   22.682 ;   0.063  ;    ; RE   ; 2      ; LE_BUFFER_X28_Y15_N0_I16                  ; LE_BUFFER                                                                                   ;
;   22.836 ;   0.154  ;    ; RE   ; 1      ; C2_X28_Y16_N0_I9                          ; V_SEG2                                                                                      ;
;   23.012 ;   0.176  ;    ; RE   ; 1      ; R6_X23_Y16_N0_I26                         ; H_SEG6                                                                                      ;
;   23.194 ;   0.182  ;    ; RE   ; 2      ; LOCAL_INTERCONNECT_X28_Y16_N0_I41         ; LAB_LINE                                                                                    ;
;   23.321 ;   0.127  ;    ; RE   ; 1      ; BLOCK_INPUT_MUX_X28_Y16_N0_I72            ; LEIM_INPUT                                                                                  ;
;   23.322 ;   0.001  ; FF ; IC   ; 1      ; MLABCELL_X28_Y16_N54                      ; u_soc|crypto_accelerator|u_core|u_aes|u_sub_byte_core|gf_0|dr_xor2~69|datad                 ;
;   23.628 ;   0.306  ; FR ; CELL ; 2      ; MLABCELL_X28_Y16_N54                      ; u_soc|crypto_accelerator|u_core|u_aes|u_sub_byte_core|gf_0|dr_xor2~69|combout               ;
;   23.628 ;   0.000  ;    ; RE   ; 2      ; MLABCELL_X28_Y16_N54                      ; ARRIAV_LCELL_COMB                                                                           ;
;   23.737 ;   0.109  ;    ; RE   ; 1      ; LE_BUFFER_X28_Y16_N0_I37                  ; LE_BUFFER                                                                                   ;
;   23.867 ;   0.130  ;    ; RE   ; 1      ; R3_X28_Y16_N0_I7                          ; H_SEG3                                                                                      ;
;   24.001 ;   0.134  ;    ; RE   ; 1      ; LOCAL_INTERCONNECT_X28_Y16_N0_I15         ; LAB_LINE                                                                                    ;
;   24.113 ;   0.112  ;    ; RE   ; 1      ; BLOCK_INPUT_MUX_X28_Y16_N0_I23            ; LEIM_INPUT                                                                                  ;
;   24.113 ;   0.000  ; RR ; IC   ; 1      ; MLABCELL_X28_Y16_N15                      ; u_soc|crypto_accelerator|u_core|u_aes|u_sub_byte_core|gf_0|al_out_t[2]|dataf                ;
;   24.200 ;   0.087  ; RF ; CELL ; 6      ; MLABCELL_X28_Y16_N15                      ; u_soc|crypto_accelerator|u_core|u_aes|u_sub_byte_core|gf_0|al_out_t[2]|combout              ;
;   24.200 ;   0.000  ;    ; RE   ; 2      ; MLABCELL_X28_Y16_N15                      ; ARRIAV_LCELL_COMB                                                                           ;
;   24.296 ;   0.096  ;    ; RE   ; 2      ; LOCAL_LINE_X28_Y16_N0_I5                  ; LOCAL_LINE                                                                                  ;
;   24.426 ;   0.130  ;    ; RE   ; 2      ; BLOCK_INPUT_MUX_X28_Y16_N0_I61            ; LEIM_INPUT                                                                                  ;
;   24.426 ;   0.000  ; FF ; IC   ; 1      ; MLABCELL_X28_Y16_N45                      ; u_soc|crypto_accelerator|u_core|u_aes|u_sub_byte_core|gf_0|data_out_f[5]~5|datac            ;
;   24.925 ;   0.499  ; FF ; CELL ; 5      ; MLABCELL_X28_Y16_N45                      ; u_soc|crypto_accelerator|u_core|u_aes|u_sub_byte_core|gf_0|data_out_f[5]~5|combout          ;
;   24.925 ;   0.000  ;    ; RE   ; 2      ; MLABCELL_X28_Y16_N45                      ; ARRIAV_LCELL_COMB                                                                           ;
;   24.981 ;   0.056  ;    ; RE   ; 1      ; LE_BUFFER_X28_Y16_N0_I30                  ; LE_BUFFER                                                                                   ;
;   25.129 ;   0.148  ;    ; RE   ; 1      ; C2_X28_Y14_N0_I15                         ; V_SEG2                                                                                      ;
;   25.304 ;   0.175  ;    ; RE   ; 1      ; R3_X26_Y15_N0_I13                         ; H_SEG3                                                                                      ;
;   25.490 ;   0.186  ;    ; RE   ; 1      ; LOCAL_INTERCONNECT_X27_Y15_N0_I19         ; LAB_LINE                                                                                    ;
;   25.609 ;   0.119  ;    ; RE   ; 1      ; BLOCK_INPUT_MUX_X27_Y15_N0_I53            ; LEIM_INPUT                                                                                  ;
;   25.609 ;   0.000  ; FF ; IC   ; 1      ; LABCELL_X27_Y15_N39                       ; u_soc|crypto_accelerator|u_core|u_aes|u_sub_byte_core|aff_trans_0|aff_trans_out_f~0|datac   ;
;   26.017 ;   0.408  ; FF ; CELL ; 5      ; LABCELL_X27_Y15_N39                       ; u_soc|crypto_accelerator|u_core|u_aes|u_sub_byte_core|aff_trans_0|aff_trans_out_f~0|combout ;
;   26.017 ;   0.000  ;    ; RE   ; 1      ; LABCELL_X27_Y15_N39                       ; ARRIAV_LCELL_COMB                                                                           ;
;   26.099 ;   0.082  ;    ; RE   ; 3      ; LE_BUFFER_X27_Y15_N0_I27                  ; LE_BUFFER                                                                                   ;
;   26.283 ;   0.184  ;    ; RE   ; 1      ; C4_X26_Y16_N0_I0                          ; V_SEG4                                                                                      ;
;   26.495 ;   0.212  ;    ; RE   ; 1      ; LOCAL_INTERCONNECT_X27_Y16_N0_I12         ; LAB_LINE                                                                                    ;
;   26.610 ;   0.115  ;    ; RE   ; 1      ; BLOCK_INPUT_MUX_X27_Y16_N0_I28            ; LEIM_INPUT                                                                                  ;
;   26.609 ;   -0.001 ; FF ; IC   ; 1      ; LABCELL_X27_Y16_N18                       ; u_soc|crypto_accelerator|u_core|u_aes|u_sub_byte_core|data_out_f[7]~7|datac                 ;
;   27.023 ;   0.414  ; FF ; CELL ; 20     ; LABCELL_X27_Y16_N18                       ; u_soc|crypto_accelerator|u_core|u_aes|u_sub_byte_core|data_out_f[7]~7|combout               ;
;   27.023 ;   0.000  ;    ; RE   ; 2      ; LABCELL_X27_Y16_N18                       ; ARRIAV_LCELL_COMB                                                                           ;
;   27.118 ;   0.095  ;    ; RE   ; 5      ; LE_BUFFER_X27_Y16_N0_I12                  ; LE_BUFFER                                                                                   ;
;   27.345 ;   0.227  ;    ; RE   ; 2      ; C2_X27_Y14_N0_I12                         ; V_SEG2                                                                                      ;
;   27.574 ;   0.229  ;    ; RE   ; 3      ; C2_X27_Y12_N0_I12                         ; V_SEG2                                                                                      ;
;   27.795 ;   0.221  ;    ; RE   ; 1      ; R6_X28_Y13_N0_I17                         ; H_SEG6                                                                                      ;
;   28.004 ;   0.209  ;    ; RE   ; 1      ; R3_X28_Y13_N0_I7                          ; H_SEG3                                                                                      ;
;   28.155 ;   0.151  ;    ; RE   ; 1      ; LOCAL_INTERCONNECT_X28_Y13_N0_I42         ; LAB_LINE                                                                                    ;
;   28.273 ;   0.118  ;    ; RE   ; 1      ; BLOCK_INPUT_MUX_X28_Y13_N0_I70            ; LEIM_INPUT                                                                                  ;
;   28.274 ;   0.001  ; FF ; IC   ; 1      ; FF_X28_Y13_N53                            ; u_soc|crypto_accelerator|u_core|u_aes|buf_a_f[5][7]|asdata                                  ;
;   28.789 ;   0.515  ; FF ; CELL ; 1      ; FF_X28_Y13_N53                            ; soc:u_soc|axi_slave_top:crypto_accelerator|axi_slave_core:u_core|aes:u_aes|buf_a_f[5][7]    ;
+----------+----------+----+------+--------+-------------------------------------------+---------------------------------------------------------------------------------------------+

+----------------------------------------------------------------------------------------------------------------------------------------------------+
; Data Required Path                                                                                                                                 ;
+---------+---------+----+------+--------+----------------+------------------------------------------------------------------------------------------+
; Total   ; Incr    ; RF ; Type ; Fanout ; Location       ; Element                                                                                  ;
+---------+---------+----+------+--------+----------------+------------------------------------------------------------------------------------------+
; 1.000   ; 1.000   ;    ;      ;        ;                ; latch edge time                                                                          ;
; 4.636   ; 3.636   ;    ;      ;        ;                ; clock path                                                                               ;
;   4.580 ;   3.580 ; R  ;      ;        ;                ; clock network delay                                                                      ;
;   4.636 ;   0.056 ;    ;      ;        ;                ; clock pessimism removed                                                                  ;
; 4.466   ; -0.170  ;    ;      ;        ;                ; clock uncertainty                                                                        ;
; 4.466   ; 0.000   ;    ; uTsu ; 1      ; FF_X28_Y13_N53 ; soc:u_soc|axi_slave_top:crypto_accelerator|axi_slave_core:u_core|aes:u_aes|buf_a_f[5][7] ;
+---------+---------+----+------+--------+----------------+------------------------------------------------------------------------------------------+

----------------------------
; Extra Fitter Information ;
----------------------------
HTML report is unavailable in plain text report export.


Path #14: Setup slack is -24.318 (VIOLATED)
===============================================================================
+---------------------------------------------------------------------------------------------------------------+
; Path Summary                                                                                                  ;
+--------------------+------------------------------------------------------------------------------------------+
; Property           ; Value                                                                                    ;
+--------------------+------------------------------------------------------------------------------------------+
; From Node          ; soc:u_soc|axi_slave_top:crypto_accelerator|axi_slave_core:u_core|aes:u_aes|kexp_i[1]     ;
; To Node            ; soc:u_soc|axi_slave_top:crypto_accelerator|axi_slave_core:u_core|aes:u_aes|buf_a_f[5][7] ;
; Launch Clock       ; CLOCK_50                                                                                 ;
; Latch Clock        ; CLOCK_50                                                                                 ;
; Data Arrival Time  ; 28.784                                                                                   ;
; Data Required Time ; 4.466                                                                                    ;
; Slack              ; -24.318 (VIOLATED)                                                                       ;
+--------------------+------------------------------------------------------------------------------------------+

+----------------------------------------------------------------------------------------+
; Statistics                                                                             ;
+---------------------------+--------+-------+-------------+------------+--------+-------+
; Property                  ; Value  ; Count ; Total Delay ; % of Total ; Min    ; Max   ;
+---------------------------+--------+-------+-------------+------------+--------+-------+
; Setup Relationship        ; 1.000  ;       ;             ;            ;        ;       ;
; Clock Skew                ; -0.423 ;       ;             ;            ;        ;       ;
; Data Delay                ; 24.725 ;       ;             ;            ;        ;       ;
; Number of Logic Levels    ;        ; 34    ;             ;            ;        ;       ;
; Physical Delays           ;        ;       ;             ;            ;        ;       ;
;  Arrival Path             ;        ;       ;             ;            ;        ;       ;
;   Clock                   ;        ;       ;             ;            ;        ;       ;
;    Clock Network (Lumped) ;        ; 1     ; 4.059       ; 100        ; 4.059  ; 4.059 ;
;   Data                    ;        ;       ;             ;            ;        ;       ;
;    IC                     ;        ; 35    ; 0.000       ; 0          ; -0.001 ; 0.001 ;
;    Cell                   ;        ; 36    ; 8.299       ; 34         ; 0.000  ; 0.515 ;
;    uTco                   ;        ; 1     ; 0.000       ; 0          ; 0.000  ; 0.000 ;
;    Routing Element        ;        ; 156   ; 16.426      ; 66         ; 0.000  ; 0.401 ;
;  Required Path            ;        ;       ;             ;            ;        ;       ;
;   Clock                   ;        ;       ;             ;            ;        ;       ;
;    Clock Network (Lumped) ;        ; 1     ; 3.580       ; 100        ; 3.580  ; 3.580 ;
+---------------------------+--------+-------+-------------+------------+--------+-------+
Note: Negative delays are omitted from totals when calculating percentages

+------------------------------------------------------------------------------------------------------------------------------------------------------------------------------------+
; Data Arrival Path                                                                                                                                                                  ;
+----------+----------+----+------+--------+-------------------------------------------+---------------------------------------------------------------------------------------------+
; Total    ; Incr     ; RF ; Type ; Fanout ; Location                                  ; Element                                                                                     ;
+----------+----------+----+------+--------+-------------------------------------------+---------------------------------------------------------------------------------------------+
; 0.000    ; 0.000    ;    ;      ;        ;                                           ; launch edge time                                                                            ;
; 4.059    ; 4.059    ;    ;      ;        ;                                           ; clock path                                                                                  ;
;   4.059  ;   4.059  ; R  ;      ;        ;                                           ; clock network delay                                                                         ;
; 28.784   ; 24.725   ;    ;      ;        ;                                           ; data path                                                                                   ;
;   4.059  ;   0.000  ;    ; uTco ; 1      ; FF_X30_Y23_N2                             ; soc:u_soc|axi_slave_top:crypto_accelerator|axi_slave_core:u_core|aes:u_aes|kexp_i[1]        ;
;   4.059  ;   0.000  ; FF ; CELL ; 239    ; FF_X30_Y23_N2                             ; u_soc|crypto_accelerator|u_core|u_aes|kexp_i[1]|q                                           ;
;   4.109  ;   0.050  ;    ; RE   ; 3      ; FF_X30_Y23_N2                             ; ARRIAV_FF                                                                                   ;
;   4.197  ;   0.088  ;    ; RE   ; 5      ; LE_BUFFER_X30_Y23_N0_I1                   ; LE_BUFFER                                                                                   ;
;   4.598  ;   0.401  ;    ; RE   ; 8      ; R6_X30_Y23_N0_I11                         ; H_SEG6                                                                                      ;
;   4.941  ;   0.343  ;    ; RE   ; 3      ; R6_X35_Y23_N0_I10                         ; H_SEG6                                                                                      ;
;   5.177  ;   0.236  ;    ; RE   ; 2      ; LOCAL_INTERCONNECT_X36_Y23_N0_I1          ; LAB_LINE                                                                                    ;
;   5.299  ;   0.122  ;    ; RE   ; 1      ; BLOCK_INPUT_MUX_X36_Y23_N0_I64            ; LEIM_INPUT                                                                                  ;
;   5.299  ;   0.000  ; FF ; IC   ; 1      ; LABCELL_X36_Y23_N48                       ; u_soc|crypto_accelerator|u_core|u_aes|sb_in_f~20|datad                                      ;
;   5.587  ;   0.288  ; FF ; CELL ; 3      ; LABCELL_X36_Y23_N48                       ; u_soc|crypto_accelerator|u_core|u_aes|sb_in_f~20|combout                                    ;
;   5.587  ;   0.000  ;    ; RE   ; 2      ; LABCELL_X36_Y23_N48                       ; ARRIAV_LCELL_COMB                                                                           ;
;   5.664  ;   0.077  ;    ; RE   ; 1      ; LOCAL_LINE_X36_Y23_N0_I16                 ; LOCAL_LINE                                                                                  ;
;   5.785  ;   0.121  ;    ; RE   ; 1      ; BLOCK_INPUT_MUX_X36_Y23_N0_I28            ; LEIM_INPUT                                                                                  ;
;   5.785  ;   0.000  ; FF ; IC   ; 1      ; LABCELL_X36_Y23_N18                       ; u_soc|crypto_accelerator|u_core|u_aes|sb_in_f~22|datac                                      ;
;   6.202  ;   0.417  ; FF ; CELL ; 48     ; LABCELL_X36_Y23_N18                       ; u_soc|crypto_accelerator|u_core|u_aes|sb_in_f~22|combout                                    ;
;   6.202  ;   0.000  ;    ; RE   ; 2      ; LABCELL_X36_Y23_N18                       ; ARRIAV_LCELL_COMB                                                                           ;
;   6.299  ;   0.097  ;    ; RE   ; 2      ; LE_BUFFER_X36_Y23_N0_I13                  ; LE_BUFFER                                                                                   ;
;   6.497  ;   0.198  ;    ; RE   ; 2      ; R3_X36_Y23_N0_I1                          ; H_SEG3                                                                                      ;
;   6.497  ;   0.000  ;    ; RE   ; 2      ; R14_C12_INTERCONNECT_DRIVER_X36_Y23_N0_I1 ; WIRE_MUX                                                                                    ;
;   6.740  ;   0.243  ;    ; RE   ; 2      ; R14_X23_Y23_N0_I1                         ; H_SEG14                                                                                     ;
;   6.966  ;   0.226  ;    ; RE   ; 1      ; C2_X22_Y21_N0_I15                         ; V_SEG2                                                                                      ;
;   7.290  ;   0.324  ;    ; RE   ; 1      ; R6_X17_Y21_N0_I26                         ; H_SEG6                                                                                      ;
;   7.504  ;   0.214  ;    ; RE   ; 3      ; LOCAL_INTERCONNECT_X19_Y21_N0_I12         ; LAB_LINE                                                                                    ;
;   7.618  ;   0.114  ;    ; RE   ; 1      ; BLOCK_INPUT_MUX_X19_Y21_N0_I71            ; LEIM_INPUT                                                                                  ;
;   7.618  ;   0.000  ; FF ; IC   ; 1      ; LABCELL_X19_Y21_N51                       ; u_soc|crypto_accelerator|u_core|u_aes|sb_in_f~545|dataf                                     ;
;   7.689  ;   0.071  ; FF ; CELL ; 1      ; LABCELL_X19_Y21_N51                       ; u_soc|crypto_accelerator|u_core|u_aes|sb_in_f~545|combout                                   ;
;   7.689  ;   0.000  ;    ; RE   ; 1      ; LABCELL_X19_Y21_N51                       ; ARRIAV_LCELL_COMB                                                                           ;
;   7.745  ;   0.056  ;    ; RE   ; 1      ; LE_BUFFER_X19_Y21_N0_I34                  ; LE_BUFFER                                                                                   ;
;   7.885  ;   0.140  ;    ; RE   ; 1      ; R3_X17_Y21_N0_I21                         ; H_SEG3                                                                                      ;
;   7.885  ;   0.000  ;    ; RE   ; 1      ; R14_C12_INTERCONNECT_DRIVER_X19_Y21_N0_I2 ; WIRE_MUX                                                                                    ;
;   8.123  ;   0.238  ;    ; RE   ; 1      ; R14_X20_Y21_N0_I0                         ; H_SEG14                                                                                     ;
;   8.332  ;   0.209  ;    ; RE   ; 1      ; C2_X30_Y22_N0_I7                          ; V_SEG2                                                                                      ;
;   8.509  ;   0.177  ;    ; RE   ; 1      ; R6_X31_Y22_N0_I16                         ; H_SEG6                                                                                      ;
;   8.677  ;   0.168  ;    ; RE   ; 1      ; LOCAL_INTERCONNECT_X31_Y22_N0_I16         ; LAB_LINE                                                                                    ;
;   8.784  ;   0.107  ;    ; RE   ; 1      ; BLOCK_INPUT_MUX_X31_Y22_N0_I56            ; LEIM_INPUT                                                                                  ;
;   8.784  ;   0.000  ; FF ; IC   ; 1      ; LABCELL_X31_Y22_N42                       ; u_soc|crypto_accelerator|u_core|u_aes|sb_in_f~761|datad                                     ;
;   9.086  ;   0.302  ; FR ; CELL ; 1      ; LABCELL_X31_Y22_N42                       ; u_soc|crypto_accelerator|u_core|u_aes|sb_in_f~761|combout                                   ;
;   9.086  ;   0.000  ;    ; RE   ; 1      ; LABCELL_X31_Y22_N42                       ; ARRIAV_LCELL_COMB                                                                           ;
;   9.174  ;   0.088  ;    ; RE   ; 1      ; LOCAL_LINE_X31_Y22_N0_I14                 ; LOCAL_LINE                                                                                  ;
;   9.279  ;   0.105  ;    ; RE   ; 1      ; BLOCK_INPUT_MUX_X31_Y22_N0_I65            ; LEIM_INPUT                                                                                  ;
;   9.279  ;   0.000  ; RR ; IC   ; 1      ; LABCELL_X31_Y22_N48                       ; u_soc|crypto_accelerator|u_core|u_aes|sb_in_f~546|dataf                                     ;
;   9.357  ;   0.078  ; RR ; CELL ; 1      ; LABCELL_X31_Y22_N48                       ; u_soc|crypto_accelerator|u_core|u_aes|sb_in_f~546|combout                                   ;
;   9.357  ;   0.000  ;    ; RE   ; 1      ; LABCELL_X31_Y22_N48                       ; ARRIAV_LCELL_COMB                                                                           ;
;   9.457  ;   0.100  ;    ; RE   ; 1      ; LOCAL_LINE_X31_Y22_N0_I16                 ; LOCAL_LINE                                                                                  ;
;   9.564  ;   0.107  ;    ; RE   ; 1      ; BLOCK_INPUT_MUX_X31_Y22_N0_I17            ; LEIM_INPUT                                                                                  ;
;   9.564  ;   0.000  ; RR ; IC   ; 1      ; LABCELL_X31_Y22_N12                       ; u_soc|crypto_accelerator|u_core|u_aes|sb_in_f~548|dataf                                     ;
;   9.648  ;   0.084  ; RF ; CELL ; 1      ; LABCELL_X31_Y22_N12                       ; u_soc|crypto_accelerator|u_core|u_aes|sb_in_f~548|combout                                   ;
;   9.648  ;   0.000  ;    ; RE   ; 1      ; LABCELL_X31_Y22_N12                       ; ARRIAV_LCELL_COMB                                                                           ;
;   9.730  ;   0.082  ;    ; RE   ; 1      ; LOCAL_LINE_X31_Y22_N0_I4                  ; LOCAL_LINE                                                                                  ;
;   9.855  ;   0.125  ;    ; RE   ; 1      ; BLOCK_INPUT_MUX_X31_Y22_N0_I55            ; LEIM_INPUT                                                                                  ;
;   9.855  ;   0.000  ; FF ; IC   ; 1      ; LABCELL_X31_Y22_N39                       ; u_soc|crypto_accelerator|u_core|u_aes|sb_in_f~550|dataf                                     ;
;   9.926  ;   0.071  ; FF ; CELL ; 1      ; LABCELL_X31_Y22_N39                       ; u_soc|crypto_accelerator|u_core|u_aes|sb_in_f~550|combout                                   ;
;   9.926  ;   0.000  ;    ; RE   ; 1      ; LABCELL_X31_Y22_N39                       ; ARRIAV_LCELL_COMB                                                                           ;
;   9.995  ;   0.069  ;    ; RE   ; 1      ; LE_BUFFER_X31_Y22_N0_I27                  ; LE_BUFFER                                                                                   ;
;   10.173 ;   0.178  ;    ; RE   ; 1      ; C2_X30_Y20_N0_I14                         ; V_SEG2                                                                                      ;
;   10.381 ;   0.208  ;    ; RE   ; 1      ; C2_X30_Y18_N0_I14                         ; V_SEG2                                                                                      ;
;   10.747 ;   0.366  ;    ; RE   ; 1      ; R6_X31_Y18_N0_I5                          ; H_SEG6                                                                                      ;
;   10.991 ;   0.244  ;    ; RE   ; 1      ; LOCAL_INTERCONNECT_X36_Y18_N0_I39         ; LAB_LINE                                                                                    ;
;   11.107 ;   0.116  ;    ; RE   ; 1      ; BLOCK_INPUT_MUX_X36_Y18_N0_I9             ; LEIM_INPUT                                                                                  ;
;   11.107 ;   0.000  ; FF ; IC   ; 1      ; LABCELL_X36_Y18_N6                        ; u_soc|crypto_accelerator|u_core|u_aes|sb_in_f~553|dataf                                     ;
;   11.189 ;   0.082  ; FR ; CELL ; 1      ; LABCELL_X36_Y18_N6                        ; u_soc|crypto_accelerator|u_core|u_aes|sb_in_f~553|combout                                   ;
;   11.189 ;   0.000  ;    ; RE   ; 1      ; LABCELL_X36_Y18_N6                        ; ARRIAV_LCELL_COMB                                                                           ;
;   11.292 ;   0.103  ;    ; RE   ; 1      ; LOCAL_LINE_X36_Y18_N0_I2                  ; LOCAL_LINE                                                                                  ;
;   11.399 ;   0.107  ;    ; RE   ; 1      ; BLOCK_INPUT_MUX_X36_Y18_N0_I65            ; LEIM_INPUT                                                                                  ;
;   11.399 ;   0.000  ; RR ; IC   ; 1      ; LABCELL_X36_Y18_N48                       ; u_soc|crypto_accelerator|u_core|u_aes|sb_in_f~555|dataf                                     ;
;   11.477 ;   0.078  ; RR ; CELL ; 1      ; LABCELL_X36_Y18_N48                       ; u_soc|crypto_accelerator|u_core|u_aes|sb_in_f~555|combout                                   ;
;   11.477 ;   0.000  ;    ; RE   ; 1      ; LABCELL_X36_Y18_N48                       ; ARRIAV_LCELL_COMB                                                                           ;
;   11.570 ;   0.093  ;    ; RE   ; 1      ; LOCAL_LINE_X36_Y18_N0_I16                 ; LOCAL_LINE                                                                                  ;
;   11.675 ;   0.105  ;    ; RE   ; 1      ; BLOCK_INPUT_MUX_X36_Y18_N0_I41            ; LEIM_INPUT                                                                                  ;
;   11.675 ;   0.000  ; RR ; IC   ; 1      ; LABCELL_X36_Y18_N30                       ; u_soc|crypto_accelerator|u_core|u_aes|sb_in_f~557|dataf                                     ;
;   11.753 ;   0.078  ; RR ; CELL ; 1      ; LABCELL_X36_Y18_N30                       ; u_soc|crypto_accelerator|u_core|u_aes|sb_in_f~557|combout                                   ;
;   11.753 ;   0.000  ;    ; RE   ; 1      ; LABCELL_X36_Y18_N30                       ; ARRIAV_LCELL_COMB                                                                           ;
;   11.865 ;   0.112  ;    ; RE   ; 1      ; LOCAL_LINE_X36_Y18_N0_I10                 ; LOCAL_LINE                                                                                  ;
;   11.971 ;   0.106  ;    ; RE   ; 1      ; BLOCK_INPUT_MUX_X36_Y18_N0_I17            ; LEIM_INPUT                                                                                  ;
;   11.972 ;   0.001  ; RR ; IC   ; 1      ; LABCELL_X36_Y18_N12                       ; u_soc|crypto_accelerator|u_core|u_aes|sb_in_f~559|dataf                                     ;
;   12.050 ;   0.078  ; RR ; CELL ; 1      ; LABCELL_X36_Y18_N12                       ; u_soc|crypto_accelerator|u_core|u_aes|sb_in_f~559|combout                                   ;
;   12.050 ;   0.000  ;    ; RE   ; 1      ; LABCELL_X36_Y18_N12                       ; ARRIAV_LCELL_COMB                                                                           ;
;   12.142 ;   0.092  ;    ; RE   ; 1      ; LOCAL_LINE_X36_Y18_N0_I4                  ; LOCAL_LINE                                                                                  ;
;   12.248 ;   0.106  ;    ; RE   ; 1      ; BLOCK_INPUT_MUX_X36_Y18_N0_I25            ; LEIM_INPUT                                                                                  ;
;   12.248 ;   0.000  ; RR ; IC   ; 1      ; LABCELL_X36_Y18_N18                       ; u_soc|crypto_accelerator|u_core|u_aes|sb_in_f~561|dataf                                     ;
;   12.325 ;   0.077  ; RR ; CELL ; 1      ; LABCELL_X36_Y18_N18                       ; u_soc|crypto_accelerator|u_core|u_aes|sb_in_f~561|combout                                   ;
;   12.325 ;   0.000  ;    ; RE   ; 1      ; LABCELL_X36_Y18_N18                       ; ARRIAV_LCELL_COMB                                                                           ;
;   12.434 ;   0.109  ;    ; RE   ; 1      ; LE_BUFFER_X36_Y18_N0_I13                  ; LE_BUFFER                                                                                   ;
;   12.538 ;   0.104  ;    ; RE   ; 1      ; LOCAL_INTERCONNECT_X35_Y18_N0_I36         ; LAB_LINE                                                                                    ;
;   12.641 ;   0.103  ;    ; RE   ; 1      ; BLOCK_INPUT_MUX_X35_Y18_N0_I33            ; LEIM_INPUT                                                                                  ;
;   12.642 ;   0.001  ; RR ; IC   ; 1      ; LABCELL_X35_Y18_N24                       ; u_soc|crypto_accelerator|u_core|u_aes|sb_in_f~563|dataf                                     ;
;   12.720 ;   0.078  ; RR ; CELL ; 1      ; LABCELL_X35_Y18_N24                       ; u_soc|crypto_accelerator|u_core|u_aes|sb_in_f~563|combout                                   ;
;   12.720 ;   0.000  ;    ; RE   ; 1      ; LABCELL_X35_Y18_N24                       ; ARRIAV_LCELL_COMB                                                                           ;
;   12.809 ;   0.089  ;    ; RE   ; 1      ; LOCAL_LINE_X35_Y18_N0_I8                  ; LOCAL_LINE                                                                                  ;
;   12.913 ;   0.104  ;    ; RE   ; 1      ; BLOCK_INPUT_MUX_X35_Y18_N0_I25            ; LEIM_INPUT                                                                                  ;
;   12.913 ;   0.000  ; RR ; IC   ; 1      ; LABCELL_X35_Y18_N18                       ; u_soc|crypto_accelerator|u_core|u_aes|sb_in_f~565|dataf                                     ;
;   12.990 ;   0.077  ; RR ; CELL ; 1      ; LABCELL_X35_Y18_N18                       ; u_soc|crypto_accelerator|u_core|u_aes|sb_in_f~565|combout                                   ;
;   12.990 ;   0.000  ;    ; RE   ; 1      ; LABCELL_X35_Y18_N18                       ; ARRIAV_LCELL_COMB                                                                           ;
;   13.075 ;   0.085  ;    ; RE   ; 1      ; LE_BUFFER_X35_Y18_N0_I13                  ; LE_BUFFER                                                                                   ;
;   13.182 ;   0.107  ;    ; RE   ; 1      ; LOCAL_INTERCONNECT_X34_Y18_N0_I36         ; LAB_LINE                                                                                    ;
;   13.286 ;   0.104  ;    ; RE   ; 1      ; BLOCK_INPUT_MUX_X34_Y18_N0_I1             ; LEIM_INPUT                                                                                  ;
;   13.287 ;   0.001  ; RR ; IC   ; 1      ; MLABCELL_X34_Y18_N0                       ; u_soc|crypto_accelerator|u_core|u_aes|sb_in_f~567|dataf                                     ;
;   13.364 ;   0.077  ; RR ; CELL ; 1      ; MLABCELL_X34_Y18_N0                       ; u_soc|crypto_accelerator|u_core|u_aes|sb_in_f~567|combout                                   ;
;   13.364 ;   0.000  ;    ; RE   ; 1      ; MLABCELL_X34_Y18_N0                       ; ARRIAV_LCELL_COMB                                                                           ;
;   13.469 ;   0.105  ;    ; RE   ; 1      ; LE_BUFFER_X34_Y18_N0_I1                   ; LE_BUFFER                                                                                   ;
;   13.647 ;   0.178  ;    ; RE   ; 1      ; C2_X33_Y16_N0_I18                         ; V_SEG2                                                                                      ;
;   13.831 ;   0.184  ;    ; RE   ; 1      ; R3_X31_Y17_N0_I20                         ; H_SEG3                                                                                      ;
;   13.970 ;   0.139  ;    ; RE   ; 1      ; LOCAL_INTERCONNECT_X31_Y17_N0_I28         ; LAB_LINE                                                                                    ;
;   14.073 ;   0.103  ;    ; RE   ; 1      ; BLOCK_INPUT_MUX_X31_Y17_N0_I17            ; LEIM_INPUT                                                                                  ;
;   14.072 ;   -0.001 ; RR ; IC   ; 1      ; LABCELL_X31_Y17_N12                       ; u_soc|crypto_accelerator|u_core|u_aes|sb_in_f~569|dataf                                     ;
;   14.150 ;   0.078  ; RR ; CELL ; 1      ; LABCELL_X31_Y17_N12                       ; u_soc|crypto_accelerator|u_core|u_aes|sb_in_f~569|combout                                   ;
;   14.150 ;   0.000  ;    ; RE   ; 1      ; LABCELL_X31_Y17_N12                       ; ARRIAV_LCELL_COMB                                                                           ;
;   14.247 ;   0.097  ;    ; RE   ; 1      ; LOCAL_LINE_X31_Y17_N0_I4                  ; LOCAL_LINE                                                                                  ;
;   14.353 ;   0.106  ;    ; RE   ; 1      ; BLOCK_INPUT_MUX_X31_Y17_N0_I1             ; LEIM_INPUT                                                                                  ;
;   14.353 ;   0.000  ; RR ; IC   ; 1      ; LABCELL_X31_Y17_N0                        ; u_soc|crypto_accelerator|u_core|u_aes|Selector4548~1|dataf                                  ;
;   14.439 ;   0.086  ; RF ; CELL ; 4      ; LABCELL_X31_Y17_N0                        ; u_soc|crypto_accelerator|u_core|u_aes|Selector4548~1|combout                                ;
;   14.439 ;   0.000  ;    ; RE   ; 2      ; LABCELL_X31_Y17_N0                        ; ARRIAV_LCELL_COMB                                                                           ;
;   14.494 ;   0.055  ;    ; RE   ; 1      ; LE_BUFFER_X31_Y17_N0_I0                   ; LE_BUFFER                                                                                   ;
;   14.644 ;   0.150  ;    ; RE   ; 1      ; R6_X26_Y17_N0_I22                         ; H_SEG6                                                                                      ;
;   14.831 ;   0.187  ;    ; RE   ; 1      ; LOCAL_INTERCONNECT_X31_Y17_N0_I35         ; LAB_LINE                                                                                    ;
;   14.942 ;   0.111  ;    ; RE   ; 1      ; BLOCK_INPUT_MUX_X31_Y17_N0_I77            ; LEIM_INPUT                                                                                  ;
;   14.942 ;   0.000  ; FF ; IC   ; 1      ; LABCELL_X31_Y17_N57                       ; u_soc|crypto_accelerator|u_core|u_aes|u_sub_byte_core|gf_in_f[4]~1|datac                    ;
;   15.355 ;   0.413  ; FF ; CELL ; 8      ; LABCELL_X31_Y17_N57                       ; u_soc|crypto_accelerator|u_core|u_aes|u_sub_byte_core|gf_in_f[4]~1|combout                  ;
;   15.355 ;   0.000  ;    ; RE   ; 2      ; LABCELL_X31_Y17_N57                       ; ARRIAV_LCELL_COMB                                                                           ;
;   15.435 ;   0.080  ;    ; RE   ; 2      ; LOCAL_LINE_X31_Y17_N0_I19                 ; LOCAL_LINE                                                                                  ;
;   15.536 ;   0.101  ;    ; RE   ; 1      ; BLOCK_INPUT_MUX_X31_Y17_N0_I35            ; LEIM_INPUT                                                                                  ;
;   15.536 ;   0.000  ; FF ; IC   ; 1      ; LABCELL_X31_Y17_N24                       ; u_soc|crypto_accelerator|u_core|u_aes|u_sub_byte_core|gf_0|dr_xor2~0|datab                  ;
;   15.993 ;   0.457  ; FF ; CELL ; 3      ; LABCELL_X31_Y17_N24                       ; u_soc|crypto_accelerator|u_core|u_aes|u_sub_byte_core|gf_0|dr_xor2~0|combout                ;
;   15.993 ;   0.000  ;    ; RE   ; 2      ; LABCELL_X31_Y17_N24                       ; ARRIAV_LCELL_COMB                                                                           ;
;   16.071 ;   0.078  ;    ; RE   ; 1      ; LOCAL_LINE_X31_Y17_N0_I8                  ; LOCAL_LINE                                                                                  ;
;   16.167 ;   0.096  ;    ; RE   ; 2      ; BLOCK_INPUT_MUX_X31_Y17_N0_I50            ; LEIM_INPUT                                                                                  ;
;   16.166 ;   -0.001 ; FF ; IC   ; 1      ; LABCELL_X31_Y17_N39                       ; u_soc|crypto_accelerator|u_core|u_aes|u_sub_byte_core|gf_0|al_sq_f[1]~0|dataa               ;
;   16.648 ;   0.482  ; FF ; CELL ; 19     ; LABCELL_X31_Y17_N39                       ; u_soc|crypto_accelerator|u_core|u_aes|u_sub_byte_core|gf_0|al_sq_f[1]~0|combout             ;
;   16.648 ;   0.000  ;    ; RE   ; 2      ; LABCELL_X31_Y17_N39                       ; ARRIAV_LCELL_COMB                                                                           ;
;   16.722 ;   0.074  ;    ; RE   ; 2      ; LE_BUFFER_X31_Y17_N0_I27                  ; LE_BUFFER                                                                                   ;
;   16.907 ;   0.185  ;    ; RE   ; 2      ; C2_X30_Y15_N0_I14                         ; V_SEG2                                                                                      ;
;   17.083 ;   0.176  ;    ; RE   ; 2      ; LOCAL_INTERCONNECT_X31_Y15_N0_I12         ; LAB_LINE                                                                                    ;
;   17.174 ;   0.091  ;    ; RE   ; 2      ; BLOCK_INPUT_MUX_X31_Y15_N0_I18            ; LEIM_INPUT                                                                                  ;
;   17.174 ;   0.000  ; FF ; IC   ; 1      ; LABCELL_X31_Y15_N15                       ; u_soc|crypto_accelerator|u_core|u_aes|u_sub_byte_core|gf_0|dr_xor2~10|dataa                 ;
;   17.633 ;   0.459  ; FF ; CELL ; 1      ; LABCELL_X31_Y15_N15                       ; u_soc|crypto_accelerator|u_core|u_aes|u_sub_byte_core|gf_0|dr_xor2~10|combout               ;
;   17.633 ;   0.000  ;    ; RE   ; 1      ; LABCELL_X31_Y15_N15                       ; ARRIAV_LCELL_COMB                                                                           ;
;   17.718 ;   0.085  ;    ; RE   ; 1      ; LOCAL_LINE_X31_Y15_N0_I5                  ; LOCAL_LINE                                                                                  ;
;   17.832 ;   0.114  ;    ; RE   ; 1      ; BLOCK_INPUT_MUX_X31_Y15_N0_I49            ; LEIM_INPUT                                                                                  ;
;   17.832 ;   0.000  ; FF ; IC   ; 1      ; LABCELL_X31_Y15_N36                       ; u_soc|crypto_accelerator|u_core|u_aes|u_sub_byte_core|gf_0|dr_xor2~11|dataf                 ;
;   17.914 ;   0.082  ; FR ; CELL ; 2      ; LABCELL_X31_Y15_N36                       ; u_soc|crypto_accelerator|u_core|u_aes|u_sub_byte_core|gf_0|dr_xor2~11|combout               ;
;   17.914 ;   0.000  ;    ; RE   ; 1      ; LABCELL_X31_Y15_N36                       ; ARRIAV_LCELL_COMB                                                                           ;
;   18.043 ;   0.129  ;    ; RE   ; 2      ; LOCAL_LINE_X31_Y15_N0_I12                 ; LOCAL_LINE                                                                                  ;
;   18.147 ;   0.104  ;    ; RE   ; 1      ; BLOCK_INPUT_MUX_X31_Y15_N0_I6             ; LEIM_INPUT                                                                                  ;
;   18.148 ;   0.001  ; RR ; IC   ; 1      ; LABCELL_X31_Y15_N3                        ; u_soc|crypto_accelerator|u_core|u_aes|u_sub_byte_core|gf_0|dr_xor2~12|datad                 ;
;   18.463 ;   0.315  ; RF ; CELL ; 4      ; LABCELL_X31_Y15_N3                        ; u_soc|crypto_accelerator|u_core|u_aes|u_sub_byte_core|gf_0|dr_xor2~12|combout               ;
;   18.463 ;   0.000  ;    ; RE   ; 3      ; LABCELL_X31_Y15_N3                        ; ARRIAV_LCELL_COMB                                                                           ;
;   18.522 ;   0.059  ;    ; RE   ; 1      ; LE_BUFFER_X31_Y15_N0_I2                   ; LE_BUFFER                                                                                   ;
;   18.683 ;   0.161  ;    ; RE   ; 1      ; R6_X26_Y15_N0_I20                         ; H_SEG6                                                                                      ;
;   18.899 ;   0.216  ;    ; RE   ; 1      ; LOCAL_INTERCONNECT_X31_Y15_N0_I33         ; LAB_LINE                                                                                    ;
;   19.034 ;   0.135  ;    ; RE   ; 1      ; BLOCK_INPUT_MUX_X31_Y15_N0_I79            ; LEIM_INPUT                                                                                  ;
;   19.033 ;   -0.001 ; FF ; IC   ; 1      ; LABCELL_X31_Y15_N57                       ; u_soc|crypto_accelerator|u_core|u_aes|u_sub_byte_core|gf_0|ah_mul_al_f[1]~1|dataf           ;
;   19.107 ;   0.074  ; FF ; CELL ; 2      ; LABCELL_X31_Y15_N57                       ; u_soc|crypto_accelerator|u_core|u_aes|u_sub_byte_core|gf_0|ah_mul_al_f[1]~1|combout         ;
;   19.107 ;   0.000  ;    ; RE   ; 2      ; LABCELL_X31_Y15_N57                       ; ARRIAV_LCELL_COMB                                                                           ;
;   19.161 ;   0.054  ;    ; RE   ; 1      ; LE_BUFFER_X31_Y15_N0_I38                  ; LE_BUFFER                                                                                   ;
;   19.277 ;   0.116  ;    ; RE   ; 1      ; LOCAL_INTERCONNECT_X31_Y15_N0_I45         ; LAB_LINE                                                                                    ;
;   19.395 ;   0.118  ;    ; RE   ; 1      ; BLOCK_INPUT_MUX_X31_Y15_N0_I47            ; LEIM_INPUT                                                                                  ;
;   19.395 ;   0.000  ; FF ; IC   ; 1      ; LABCELL_X31_Y15_N33                       ; u_soc|crypto_accelerator|u_core|u_aes|u_sub_byte_core|gf_0|dr_xor2~27|dataf                 ;
;   19.469 ;   0.074  ; FF ; CELL ; 6      ; LABCELL_X31_Y15_N33                       ; u_soc|crypto_accelerator|u_core|u_aes|u_sub_byte_core|gf_0|dr_xor2~27|combout               ;
;   19.469 ;   0.000  ;    ; RE   ; 2      ; LABCELL_X31_Y15_N33                       ; ARRIAV_LCELL_COMB                                                                           ;
;   19.539 ;   0.070  ;    ; RE   ; 1      ; LE_BUFFER_X31_Y15_N0_I23                  ; LE_BUFFER                                                                                   ;
;   19.692 ;   0.153  ;    ; RE   ; 1      ; R6_X31_Y15_N0_I16                         ; H_SEG6                                                                                      ;
;   19.860 ;   0.168  ;    ; RE   ; 1      ; LOCAL_INTERCONNECT_X31_Y15_N0_I16         ; LAB_LINE                                                                                    ;
;   19.962 ;   0.102  ;    ; RE   ; 1      ; BLOCK_INPUT_MUX_X31_Y15_N0_I54            ; LEIM_INPUT                                                                                  ;
;   19.961 ;   -0.001 ; FF ; IC   ; 1      ; LABCELL_X31_Y15_N39                       ; u_soc|crypto_accelerator|u_core|u_aes|u_sub_byte_core|gf_0|d_f[1]|datad                     ;
;   20.265 ;   0.304  ; FF ; CELL ; 17     ; LABCELL_X31_Y15_N39                       ; u_soc|crypto_accelerator|u_core|u_aes|u_sub_byte_core|gf_0|d_f[1]|combout                   ;
;   20.265 ;   0.000  ;    ; RE   ; 2      ; LABCELL_X31_Y15_N39                       ; ARRIAV_LCELL_COMB                                                                           ;
;   20.338 ;   0.073  ;    ; RE   ; 2      ; LE_BUFFER_X31_Y15_N0_I27                  ; LE_BUFFER                                                                                   ;
;   20.502 ;   0.164  ;    ; RE   ; 2      ; R3_X28_Y15_N0_I23                         ; H_SEG3                                                                                      ;
;   20.683 ;   0.181  ;    ; RE   ; 2      ; LOCAL_INTERCONNECT_X28_Y15_N0_I19         ; LAB_LINE                                                                                    ;
;   20.797 ;   0.114  ;    ; RE   ; 1      ; BLOCK_INPUT_MUX_X28_Y15_N0_I16            ; LEIM_INPUT                                                                                  ;
;   20.798 ;   0.001  ; FF ; IC   ; 1      ; MLABCELL_X28_Y15_N12                      ; u_soc|crypto_accelerator|u_core|u_aes|u_sub_byte_core|gf_0|dr_and~11|datad                  ;
;   21.102 ;   0.304  ; FR ; CELL ; 5      ; MLABCELL_X28_Y15_N12                      ; u_soc|crypto_accelerator|u_core|u_aes|u_sub_byte_core|gf_0|dr_and~11|combout                ;
;   21.102 ;   0.000  ;    ; RE   ; 2      ; MLABCELL_X28_Y15_N12                      ; ARRIAV_LCELL_COMB                                                                           ;
;   21.202 ;   0.100  ;    ; RE   ; 2      ; LOCAL_LINE_X28_Y15_N0_I4                  ; LOCAL_LINE                                                                                  ;
;   21.289 ;   0.087  ;    ; RE   ; 1      ; BLOCK_INPUT_MUX_X28_Y15_N0_I3             ; LEIM_INPUT                                                                                  ;
;   21.289 ;   0.000  ; RR ; IC   ; 1      ; MLABCELL_X28_Y15_N0                       ; u_soc|crypto_accelerator|u_core|u_aes|u_sub_byte_core|gf_0|d_inv_f[3]|datab                 ;
;   21.766 ;   0.477  ; RF ; CELL ; 9      ; MLABCELL_X28_Y15_N0                       ; u_soc|crypto_accelerator|u_core|u_aes|u_sub_byte_core|gf_0|d_inv_f[3]|combout               ;
;   21.766 ;   0.000  ;    ; RE   ; 3      ; MLABCELL_X28_Y15_N0                       ; ARRIAV_LCELL_COMB                                                                           ;
;   21.828 ;   0.062  ;    ; RE   ; 2      ; LE_BUFFER_X28_Y15_N0_I0                   ; LE_BUFFER                                                                                   ;
;   21.990 ;   0.162  ;    ; RE   ; 2      ; C2_X28_Y13_N0_I18                         ; V_SEG2                                                                                      ;
;   22.164 ;   0.174  ;    ; RE   ; 1      ; R3_X26_Y14_N0_I22                         ; H_SEG3                                                                                      ;
;   22.332 ;   0.168  ;    ; RE   ; 1      ; LOCAL_INTERCONNECT_X28_Y14_N0_I44         ; LAB_LINE                                                                                    ;
;   22.448 ;   0.116  ;    ; RE   ; 1      ; BLOCK_INPUT_MUX_X28_Y14_N0_I54            ; LEIM_INPUT                                                                                  ;
;   22.449 ;   0.001  ; FF ; IC   ; 1      ; MLABCELL_X28_Y14_N39                      ; u_soc|crypto_accelerator|u_core|u_aes|u_sub_byte_core|gf_0|dr_xor2~62|datae                 ;
;   22.730 ;   0.281  ; FR ; CELL ; 3      ; MLABCELL_X28_Y14_N39                      ; u_soc|crypto_accelerator|u_core|u_aes|u_sub_byte_core|gf_0|dr_xor2~62|combout               ;
;   22.730 ;   0.000  ;    ; RE   ; 1      ; MLABCELL_X28_Y14_N39                      ; ARRIAV_LCELL_COMB                                                                           ;
;   22.839 ;   0.109  ;    ; RE   ; 3      ; LOCAL_LINE_X28_Y14_N0_I13                 ; LOCAL_LINE                                                                                  ;
;   22.952 ;   0.113  ;    ; RE   ; 1      ; BLOCK_INPUT_MUX_X28_Y14_N0_I45            ; LEIM_INPUT                                                                                  ;
;   22.951 ;   -0.001 ; RR ; IC   ; 1      ; MLABCELL_X28_Y14_N33                      ; u_soc|crypto_accelerator|u_core|u_aes|u_sub_byte_core|gf_0|dr_xor2~63|datac                 ;
;   23.307 ;   0.356  ; RR ; CELL ; 3      ; MLABCELL_X28_Y14_N33                      ; u_soc|crypto_accelerator|u_core|u_aes|u_sub_byte_core|gf_0|dr_xor2~63|combout               ;
;   23.307 ;   0.000  ;    ; RE   ; 1      ; MLABCELL_X28_Y14_N33                      ; ARRIAV_LCELL_COMB                                                                           ;
;   23.416 ;   0.109  ;    ; RE   ; 2      ; LOCAL_LINE_X28_Y14_N0_I11                 ; LOCAL_LINE                                                                                  ;
;   23.537 ;   0.121  ;    ; RE   ; 1      ; BLOCK_INPUT_MUX_X28_Y14_N0_I68            ; LEIM_INPUT                                                                                  ;
;   23.537 ;   0.000  ; RR ; IC   ; 1      ; MLABCELL_X28_Y14_N48                      ; u_soc|crypto_accelerator|u_core|u_aes|u_sub_byte_core|gf_0|ah_out_f[0]~2|datac              ;
;   23.885 ;   0.348  ; RR ; CELL ; 6      ; MLABCELL_X28_Y14_N48                      ; u_soc|crypto_accelerator|u_core|u_aes|u_sub_byte_core|gf_0|ah_out_f[0]~2|combout            ;
;   23.885 ;   0.000  ;    ; RE   ; 1      ; MLABCELL_X28_Y14_N48                      ; ARRIAV_LCELL_COMB                                                                           ;
;   23.965 ;   0.080  ;    ; RE   ; 2      ; LE_BUFFER_X28_Y14_N0_I32                  ; LE_BUFFER                                                                                   ;
;   24.111 ;   0.146  ;    ; RE   ; 1      ; C2_X28_Y15_N0_I4                          ; V_SEG2                                                                                      ;
;   24.245 ;   0.134  ;    ; RE   ; 1      ; R3_X26_Y16_N0_I20                         ; H_SEG3                                                                                      ;
;   24.371 ;   0.126  ;    ; RE   ; 2      ; LOCAL_INTERCONNECT_X28_Y16_N0_I28         ; LAB_LINE                                                                                    ;
;   24.485 ;   0.114  ;    ; RE   ; 2      ; BLOCK_INPUT_MUX_X28_Y16_N0_I60            ; LEIM_INPUT                                                                                  ;
;   24.484 ;   -0.001 ; RR ; IC   ; 1      ; MLABCELL_X28_Y16_N45                      ; u_soc|crypto_accelerator|u_core|u_aes|u_sub_byte_core|gf_0|data_out_f[5]~5|datad            ;
;   24.920 ;   0.436  ; RF ; CELL ; 5      ; MLABCELL_X28_Y16_N45                      ; u_soc|crypto_accelerator|u_core|u_aes|u_sub_byte_core|gf_0|data_out_f[5]~5|combout          ;
;   24.920 ;   0.000  ;    ; RE   ; 2      ; MLABCELL_X28_Y16_N45                      ; ARRIAV_LCELL_COMB                                                                           ;
;   24.976 ;   0.056  ;    ; RE   ; 1      ; LE_BUFFER_X28_Y16_N0_I30                  ; LE_BUFFER                                                                                   ;
;   25.124 ;   0.148  ;    ; RE   ; 1      ; C2_X28_Y14_N0_I15                         ; V_SEG2                                                                                      ;
;   25.299 ;   0.175  ;    ; RE   ; 1      ; R3_X26_Y15_N0_I13                         ; H_SEG3                                                                                      ;
;   25.485 ;   0.186  ;    ; RE   ; 1      ; LOCAL_INTERCONNECT_X27_Y15_N0_I19         ; LAB_LINE                                                                                    ;
;   25.604 ;   0.119  ;    ; RE   ; 1      ; BLOCK_INPUT_MUX_X27_Y15_N0_I53            ; LEIM_INPUT                                                                                  ;
;   25.604 ;   0.000  ; FF ; IC   ; 1      ; LABCELL_X27_Y15_N39                       ; u_soc|crypto_accelerator|u_core|u_aes|u_sub_byte_core|aff_trans_0|aff_trans_out_f~0|datac   ;
;   26.012 ;   0.408  ; FF ; CELL ; 5      ; LABCELL_X27_Y15_N39                       ; u_soc|crypto_accelerator|u_core|u_aes|u_sub_byte_core|aff_trans_0|aff_trans_out_f~0|combout ;
;   26.012 ;   0.000  ;    ; RE   ; 1      ; LABCELL_X27_Y15_N39                       ; ARRIAV_LCELL_COMB                                                                           ;
;   26.094 ;   0.082  ;    ; RE   ; 3      ; LE_BUFFER_X27_Y15_N0_I27                  ; LE_BUFFER                                                                                   ;
;   26.278 ;   0.184  ;    ; RE   ; 1      ; C4_X26_Y16_N0_I0                          ; V_SEG4                                                                                      ;
;   26.490 ;   0.212  ;    ; RE   ; 1      ; LOCAL_INTERCONNECT_X27_Y16_N0_I12         ; LAB_LINE                                                                                    ;
;   26.605 ;   0.115  ;    ; RE   ; 1      ; BLOCK_INPUT_MUX_X27_Y16_N0_I28            ; LEIM_INPUT                                                                                  ;
;   26.604 ;   -0.001 ; FF ; IC   ; 1      ; LABCELL_X27_Y16_N18                       ; u_soc|crypto_accelerator|u_core|u_aes|u_sub_byte_core|data_out_f[7]~7|datac                 ;
;   27.018 ;   0.414  ; FF ; CELL ; 20     ; LABCELL_X27_Y16_N18                       ; u_soc|crypto_accelerator|u_core|u_aes|u_sub_byte_core|data_out_f[7]~7|combout               ;
;   27.018 ;   0.000  ;    ; RE   ; 2      ; LABCELL_X27_Y16_N18                       ; ARRIAV_LCELL_COMB                                                                           ;
;   27.113 ;   0.095  ;    ; RE   ; 5      ; LE_BUFFER_X27_Y16_N0_I12                  ; LE_BUFFER                                                                                   ;
;   27.340 ;   0.227  ;    ; RE   ; 2      ; C2_X27_Y14_N0_I12                         ; V_SEG2                                                                                      ;
;   27.569 ;   0.229  ;    ; RE   ; 3      ; C2_X27_Y12_N0_I12                         ; V_SEG2                                                                                      ;
;   27.790 ;   0.221  ;    ; RE   ; 1      ; R6_X28_Y13_N0_I17                         ; H_SEG6                                                                                      ;
;   27.999 ;   0.209  ;    ; RE   ; 1      ; R3_X28_Y13_N0_I7                          ; H_SEG3                                                                                      ;
;   28.150 ;   0.151  ;    ; RE   ; 1      ; LOCAL_INTERCONNECT_X28_Y13_N0_I42         ; LAB_LINE                                                                                    ;
;   28.268 ;   0.118  ;    ; RE   ; 1      ; BLOCK_INPUT_MUX_X28_Y13_N0_I70            ; LEIM_INPUT                                                                                  ;
;   28.269 ;   0.001  ; FF ; IC   ; 1      ; FF_X28_Y13_N53                            ; u_soc|crypto_accelerator|u_core|u_aes|buf_a_f[5][7]|asdata                                  ;
;   28.784 ;   0.515  ; FF ; CELL ; 1      ; FF_X28_Y13_N53                            ; soc:u_soc|axi_slave_top:crypto_accelerator|axi_slave_core:u_core|aes:u_aes|buf_a_f[5][7]    ;
+----------+----------+----+------+--------+-------------------------------------------+---------------------------------------------------------------------------------------------+

+----------------------------------------------------------------------------------------------------------------------------------------------------+
; Data Required Path                                                                                                                                 ;
+---------+---------+----+------+--------+----------------+------------------------------------------------------------------------------------------+
; Total   ; Incr    ; RF ; Type ; Fanout ; Location       ; Element                                                                                  ;
+---------+---------+----+------+--------+----------------+------------------------------------------------------------------------------------------+
; 1.000   ; 1.000   ;    ;      ;        ;                ; latch edge time                                                                          ;
; 4.636   ; 3.636   ;    ;      ;        ;                ; clock path                                                                               ;
;   4.580 ;   3.580 ; R  ;      ;        ;                ; clock network delay                                                                      ;
;   4.636 ;   0.056 ;    ;      ;        ;                ; clock pessimism removed                                                                  ;
; 4.466   ; -0.170  ;    ;      ;        ;                ; clock uncertainty                                                                        ;
; 4.466   ; 0.000   ;    ; uTsu ; 1      ; FF_X28_Y13_N53 ; soc:u_soc|axi_slave_top:crypto_accelerator|axi_slave_core:u_core|aes:u_aes|buf_a_f[5][7] ;
+---------+---------+----+------+--------+----------------+------------------------------------------------------------------------------------------+

----------------------------
; Extra Fitter Information ;
----------------------------
HTML report is unavailable in plain text report export.


Path #15: Setup slack is -24.314 (VIOLATED)
===============================================================================
+---------------------------------------------------------------------------------------------------------------+
; Path Summary                                                                                                  ;
+--------------------+------------------------------------------------------------------------------------------+
; Property           ; Value                                                                                    ;
+--------------------+------------------------------------------------------------------------------------------+
; From Node          ; soc:u_soc|axi_slave_top:crypto_accelerator|axi_slave_core:u_core|aes:u_aes|kexp_i[1]     ;
; To Node            ; soc:u_soc|axi_slave_top:crypto_accelerator|axi_slave_core:u_core|aes:u_aes|buf_a_f[0][7] ;
; Launch Clock       ; CLOCK_50                                                                                 ;
; Latch Clock        ; CLOCK_50                                                                                 ;
; Data Arrival Time  ; 28.765                                                                                   ;
; Data Required Time ; 4.451                                                                                    ;
; Slack              ; -24.314 (VIOLATED)                                                                       ;
+--------------------+------------------------------------------------------------------------------------------+

+----------------------------------------------------------------------------------------+
; Statistics                                                                             ;
+---------------------------+--------+-------+-------------+------------+--------+-------+
; Property                  ; Value  ; Count ; Total Delay ; % of Total ; Min    ; Max   ;
+---------------------------+--------+-------+-------------+------------+--------+-------+
; Setup Relationship        ; 1.000  ;       ;             ;            ;        ;       ;
; Clock Skew                ; -0.438 ;       ;             ;            ;        ;       ;
; Data Delay                ; 24.706 ;       ;             ;            ;        ;       ;
; Number of Logic Levels    ;        ; 32    ;             ;            ;        ;       ;
; Physical Delays           ;        ;       ;             ;            ;        ;       ;
;  Arrival Path             ;        ;       ;             ;            ;        ;       ;
;   Clock                   ;        ;       ;             ;            ;        ;       ;
;    Clock Network (Lumped) ;        ; 1     ; 4.059       ; 100        ; 4.059  ; 4.059 ;
;   Data                    ;        ;       ;             ;            ;        ;       ;
;    IC                     ;        ; 33    ; 0.000       ; 0          ; -0.001 ; 0.001 ;
;    Cell                   ;        ; 34    ; 7.907       ; 32         ; 0.000  ; 0.515 ;
;    uTco                   ;        ; 1     ; 0.000       ; 0          ; 0.000  ; 0.000 ;
;    Routing Element        ;        ; 154   ; 16.799      ; 68         ; 0.000  ; 0.401 ;
;  Required Path            ;        ;       ;             ;            ;        ;       ;
;   Clock                   ;        ;       ;             ;            ;        ;       ;
;    Clock Network (Lumped) ;        ; 1     ; 3.565       ; 100        ; 3.565  ; 3.565 ;
+---------------------------+--------+-------+-------------+------------+--------+-------+
Note: Negative delays are omitted from totals when calculating percentages

+------------------------------------------------------------------------------------------------------------------------------------------------------------------------------------+
; Data Arrival Path                                                                                                                                                                  ;
+----------+----------+----+------+--------+-------------------------------------------+---------------------------------------------------------------------------------------------+
; Total    ; Incr     ; RF ; Type ; Fanout ; Location                                  ; Element                                                                                     ;
+----------+----------+----+------+--------+-------------------------------------------+---------------------------------------------------------------------------------------------+
; 0.000    ; 0.000    ;    ;      ;        ;                                           ; launch edge time                                                                            ;
; 4.059    ; 4.059    ;    ;      ;        ;                                           ; clock path                                                                                  ;
;   4.059  ;   4.059  ; R  ;      ;        ;                                           ; clock network delay                                                                         ;
; 28.765   ; 24.706   ;    ;      ;        ;                                           ; data path                                                                                   ;
;   4.059  ;   0.000  ;    ; uTco ; 1      ; FF_X30_Y23_N2                             ; soc:u_soc|axi_slave_top:crypto_accelerator|axi_slave_core:u_core|aes:u_aes|kexp_i[1]        ;
;   4.059  ;   0.000  ; FF ; CELL ; 239    ; FF_X30_Y23_N2                             ; u_soc|crypto_accelerator|u_core|u_aes|kexp_i[1]|q                                           ;
;   4.109  ;   0.050  ;    ; RE   ; 3      ; FF_X30_Y23_N2                             ; ARRIAV_FF                                                                                   ;
;   4.197  ;   0.088  ;    ; RE   ; 5      ; LE_BUFFER_X30_Y23_N0_I1                   ; LE_BUFFER                                                                                   ;
;   4.598  ;   0.401  ;    ; RE   ; 8      ; R6_X30_Y23_N0_I11                         ; H_SEG6                                                                                      ;
;   4.941  ;   0.343  ;    ; RE   ; 3      ; R6_X35_Y23_N0_I10                         ; H_SEG6                                                                                      ;
;   5.177  ;   0.236  ;    ; RE   ; 2      ; LOCAL_INTERCONNECT_X36_Y23_N0_I1          ; LAB_LINE                                                                                    ;
;   5.299  ;   0.122  ;    ; RE   ; 1      ; BLOCK_INPUT_MUX_X36_Y23_N0_I64            ; LEIM_INPUT                                                                                  ;
;   5.299  ;   0.000  ; FF ; IC   ; 1      ; LABCELL_X36_Y23_N48                       ; u_soc|crypto_accelerator|u_core|u_aes|sb_in_f~20|datad                                      ;
;   5.587  ;   0.288  ; FF ; CELL ; 3      ; LABCELL_X36_Y23_N48                       ; u_soc|crypto_accelerator|u_core|u_aes|sb_in_f~20|combout                                    ;
;   5.587  ;   0.000  ;    ; RE   ; 2      ; LABCELL_X36_Y23_N48                       ; ARRIAV_LCELL_COMB                                                                           ;
;   5.664  ;   0.077  ;    ; RE   ; 1      ; LOCAL_LINE_X36_Y23_N0_I16                 ; LOCAL_LINE                                                                                  ;
;   5.785  ;   0.121  ;    ; RE   ; 1      ; BLOCK_INPUT_MUX_X36_Y23_N0_I28            ; LEIM_INPUT                                                                                  ;
;   5.785  ;   0.000  ; FF ; IC   ; 1      ; LABCELL_X36_Y23_N18                       ; u_soc|crypto_accelerator|u_core|u_aes|sb_in_f~22|datac                                      ;
;   6.202  ;   0.417  ; FF ; CELL ; 48     ; LABCELL_X36_Y23_N18                       ; u_soc|crypto_accelerator|u_core|u_aes|sb_in_f~22|combout                                    ;
;   6.202  ;   0.000  ;    ; RE   ; 2      ; LABCELL_X36_Y23_N18                       ; ARRIAV_LCELL_COMB                                                                           ;
;   6.299  ;   0.097  ;    ; RE   ; 2      ; LE_BUFFER_X36_Y23_N0_I13                  ; LE_BUFFER                                                                                   ;
;   6.497  ;   0.198  ;    ; RE   ; 2      ; R3_X36_Y23_N0_I1                          ; H_SEG3                                                                                      ;
;   6.497  ;   0.000  ;    ; RE   ; 2      ; R14_C12_INTERCONNECT_DRIVER_X36_Y23_N0_I1 ; WIRE_MUX                                                                                    ;
;   6.740  ;   0.243  ;    ; RE   ; 2      ; R14_X23_Y23_N0_I1                         ; H_SEG14                                                                                     ;
;   6.966  ;   0.226  ;    ; RE   ; 1      ; C2_X22_Y21_N0_I15                         ; V_SEG2                                                                                      ;
;   7.290  ;   0.324  ;    ; RE   ; 1      ; R6_X17_Y21_N0_I26                         ; H_SEG6                                                                                      ;
;   7.504  ;   0.214  ;    ; RE   ; 3      ; LOCAL_INTERCONNECT_X19_Y21_N0_I12         ; LAB_LINE                                                                                    ;
;   7.618  ;   0.114  ;    ; RE   ; 1      ; BLOCK_INPUT_MUX_X19_Y21_N0_I71            ; LEIM_INPUT                                                                                  ;
;   7.618  ;   0.000  ; FF ; IC   ; 1      ; LABCELL_X19_Y21_N51                       ; u_soc|crypto_accelerator|u_core|u_aes|sb_in_f~545|dataf                                     ;
;   7.689  ;   0.071  ; FF ; CELL ; 1      ; LABCELL_X19_Y21_N51                       ; u_soc|crypto_accelerator|u_core|u_aes|sb_in_f~545|combout                                   ;
;   7.689  ;   0.000  ;    ; RE   ; 1      ; LABCELL_X19_Y21_N51                       ; ARRIAV_LCELL_COMB                                                                           ;
;   7.745  ;   0.056  ;    ; RE   ; 1      ; LE_BUFFER_X19_Y21_N0_I34                  ; LE_BUFFER                                                                                   ;
;   7.885  ;   0.140  ;    ; RE   ; 1      ; R3_X17_Y21_N0_I21                         ; H_SEG3                                                                                      ;
;   7.885  ;   0.000  ;    ; RE   ; 1      ; R14_C12_INTERCONNECT_DRIVER_X19_Y21_N0_I2 ; WIRE_MUX                                                                                    ;
;   8.123  ;   0.238  ;    ; RE   ; 1      ; R14_X20_Y21_N0_I0                         ; H_SEG14                                                                                     ;
;   8.332  ;   0.209  ;    ; RE   ; 1      ; C2_X30_Y22_N0_I7                          ; V_SEG2                                                                                      ;
;   8.509  ;   0.177  ;    ; RE   ; 1      ; R6_X31_Y22_N0_I16                         ; H_SEG6                                                                                      ;
;   8.677  ;   0.168  ;    ; RE   ; 1      ; LOCAL_INTERCONNECT_X31_Y22_N0_I16         ; LAB_LINE                                                                                    ;
;   8.784  ;   0.107  ;    ; RE   ; 1      ; BLOCK_INPUT_MUX_X31_Y22_N0_I56            ; LEIM_INPUT                                                                                  ;
;   8.784  ;   0.000  ; FF ; IC   ; 1      ; LABCELL_X31_Y22_N42                       ; u_soc|crypto_accelerator|u_core|u_aes|sb_in_f~761|datad                                     ;
;   9.086  ;   0.302  ; FR ; CELL ; 1      ; LABCELL_X31_Y22_N42                       ; u_soc|crypto_accelerator|u_core|u_aes|sb_in_f~761|combout                                   ;
;   9.086  ;   0.000  ;    ; RE   ; 1      ; LABCELL_X31_Y22_N42                       ; ARRIAV_LCELL_COMB                                                                           ;
;   9.174  ;   0.088  ;    ; RE   ; 1      ; LOCAL_LINE_X31_Y22_N0_I14                 ; LOCAL_LINE                                                                                  ;
;   9.279  ;   0.105  ;    ; RE   ; 1      ; BLOCK_INPUT_MUX_X31_Y22_N0_I65            ; LEIM_INPUT                                                                                  ;
;   9.279  ;   0.000  ; RR ; IC   ; 1      ; LABCELL_X31_Y22_N48                       ; u_soc|crypto_accelerator|u_core|u_aes|sb_in_f~546|dataf                                     ;
;   9.357  ;   0.078  ; RR ; CELL ; 1      ; LABCELL_X31_Y22_N48                       ; u_soc|crypto_accelerator|u_core|u_aes|sb_in_f~546|combout                                   ;
;   9.357  ;   0.000  ;    ; RE   ; 1      ; LABCELL_X31_Y22_N48                       ; ARRIAV_LCELL_COMB                                                                           ;
;   9.457  ;   0.100  ;    ; RE   ; 1      ; LOCAL_LINE_X31_Y22_N0_I16                 ; LOCAL_LINE                                                                                  ;
;   9.564  ;   0.107  ;    ; RE   ; 1      ; BLOCK_INPUT_MUX_X31_Y22_N0_I17            ; LEIM_INPUT                                                                                  ;
;   9.564  ;   0.000  ; RR ; IC   ; 1      ; LABCELL_X31_Y22_N12                       ; u_soc|crypto_accelerator|u_core|u_aes|sb_in_f~548|dataf                                     ;
;   9.648  ;   0.084  ; RF ; CELL ; 1      ; LABCELL_X31_Y22_N12                       ; u_soc|crypto_accelerator|u_core|u_aes|sb_in_f~548|combout                                   ;
;   9.648  ;   0.000  ;    ; RE   ; 1      ; LABCELL_X31_Y22_N12                       ; ARRIAV_LCELL_COMB                                                                           ;
;   9.730  ;   0.082  ;    ; RE   ; 1      ; LOCAL_LINE_X31_Y22_N0_I4                  ; LOCAL_LINE                                                                                  ;
;   9.855  ;   0.125  ;    ; RE   ; 1      ; BLOCK_INPUT_MUX_X31_Y22_N0_I55            ; LEIM_INPUT                                                                                  ;
;   9.855  ;   0.000  ; FF ; IC   ; 1      ; LABCELL_X31_Y22_N39                       ; u_soc|crypto_accelerator|u_core|u_aes|sb_in_f~550|dataf                                     ;
;   9.926  ;   0.071  ; FF ; CELL ; 1      ; LABCELL_X31_Y22_N39                       ; u_soc|crypto_accelerator|u_core|u_aes|sb_in_f~550|combout                                   ;
;   9.926  ;   0.000  ;    ; RE   ; 1      ; LABCELL_X31_Y22_N39                       ; ARRIAV_LCELL_COMB                                                                           ;
;   9.995  ;   0.069  ;    ; RE   ; 1      ; LE_BUFFER_X31_Y22_N0_I27                  ; LE_BUFFER                                                                                   ;
;   10.173 ;   0.178  ;    ; RE   ; 1      ; C2_X30_Y20_N0_I14                         ; V_SEG2                                                                                      ;
;   10.381 ;   0.208  ;    ; RE   ; 1      ; C2_X30_Y18_N0_I14                         ; V_SEG2                                                                                      ;
;   10.747 ;   0.366  ;    ; RE   ; 1      ; R6_X31_Y18_N0_I5                          ; H_SEG6                                                                                      ;
;   10.991 ;   0.244  ;    ; RE   ; 1      ; LOCAL_INTERCONNECT_X36_Y18_N0_I39         ; LAB_LINE                                                                                    ;
;   11.107 ;   0.116  ;    ; RE   ; 1      ; BLOCK_INPUT_MUX_X36_Y18_N0_I9             ; LEIM_INPUT                                                                                  ;
;   11.107 ;   0.000  ; FF ; IC   ; 1      ; LABCELL_X36_Y18_N6                        ; u_soc|crypto_accelerator|u_core|u_aes|sb_in_f~553|dataf                                     ;
;   11.189 ;   0.082  ; FR ; CELL ; 1      ; LABCELL_X36_Y18_N6                        ; u_soc|crypto_accelerator|u_core|u_aes|sb_in_f~553|combout                                   ;
;   11.189 ;   0.000  ;    ; RE   ; 1      ; LABCELL_X36_Y18_N6                        ; ARRIAV_LCELL_COMB                                                                           ;
;   11.292 ;   0.103  ;    ; RE   ; 1      ; LOCAL_LINE_X36_Y18_N0_I2                  ; LOCAL_LINE                                                                                  ;
;   11.399 ;   0.107  ;    ; RE   ; 1      ; BLOCK_INPUT_MUX_X36_Y18_N0_I65            ; LEIM_INPUT                                                                                  ;
;   11.399 ;   0.000  ; RR ; IC   ; 1      ; LABCELL_X36_Y18_N48                       ; u_soc|crypto_accelerator|u_core|u_aes|sb_in_f~555|dataf                                     ;
;   11.477 ;   0.078  ; RR ; CELL ; 1      ; LABCELL_X36_Y18_N48                       ; u_soc|crypto_accelerator|u_core|u_aes|sb_in_f~555|combout                                   ;
;   11.477 ;   0.000  ;    ; RE   ; 1      ; LABCELL_X36_Y18_N48                       ; ARRIAV_LCELL_COMB                                                                           ;
;   11.570 ;   0.093  ;    ; RE   ; 1      ; LOCAL_LINE_X36_Y18_N0_I16                 ; LOCAL_LINE                                                                                  ;
;   11.675 ;   0.105  ;    ; RE   ; 1      ; BLOCK_INPUT_MUX_X36_Y18_N0_I41            ; LEIM_INPUT                                                                                  ;
;   11.675 ;   0.000  ; RR ; IC   ; 1      ; LABCELL_X36_Y18_N30                       ; u_soc|crypto_accelerator|u_core|u_aes|sb_in_f~557|dataf                                     ;
;   11.753 ;   0.078  ; RR ; CELL ; 1      ; LABCELL_X36_Y18_N30                       ; u_soc|crypto_accelerator|u_core|u_aes|sb_in_f~557|combout                                   ;
;   11.753 ;   0.000  ;    ; RE   ; 1      ; LABCELL_X36_Y18_N30                       ; ARRIAV_LCELL_COMB                                                                           ;
;   11.865 ;   0.112  ;    ; RE   ; 1      ; LOCAL_LINE_X36_Y18_N0_I10                 ; LOCAL_LINE                                                                                  ;
;   11.971 ;   0.106  ;    ; RE   ; 1      ; BLOCK_INPUT_MUX_X36_Y18_N0_I17            ; LEIM_INPUT                                                                                  ;
;   11.972 ;   0.001  ; RR ; IC   ; 1      ; LABCELL_X36_Y18_N12                       ; u_soc|crypto_accelerator|u_core|u_aes|sb_in_f~559|dataf                                     ;
;   12.050 ;   0.078  ; RR ; CELL ; 1      ; LABCELL_X36_Y18_N12                       ; u_soc|crypto_accelerator|u_core|u_aes|sb_in_f~559|combout                                   ;
;   12.050 ;   0.000  ;    ; RE   ; 1      ; LABCELL_X36_Y18_N12                       ; ARRIAV_LCELL_COMB                                                                           ;
;   12.142 ;   0.092  ;    ; RE   ; 1      ; LOCAL_LINE_X36_Y18_N0_I4                  ; LOCAL_LINE                                                                                  ;
;   12.248 ;   0.106  ;    ; RE   ; 1      ; BLOCK_INPUT_MUX_X36_Y18_N0_I25            ; LEIM_INPUT                                                                                  ;
;   12.248 ;   0.000  ; RR ; IC   ; 1      ; LABCELL_X36_Y18_N18                       ; u_soc|crypto_accelerator|u_core|u_aes|sb_in_f~561|dataf                                     ;
;   12.325 ;   0.077  ; RR ; CELL ; 1      ; LABCELL_X36_Y18_N18                       ; u_soc|crypto_accelerator|u_core|u_aes|sb_in_f~561|combout                                   ;
;   12.325 ;   0.000  ;    ; RE   ; 1      ; LABCELL_X36_Y18_N18                       ; ARRIAV_LCELL_COMB                                                                           ;
;   12.434 ;   0.109  ;    ; RE   ; 1      ; LE_BUFFER_X36_Y18_N0_I13                  ; LE_BUFFER                                                                                   ;
;   12.538 ;   0.104  ;    ; RE   ; 1      ; LOCAL_INTERCONNECT_X35_Y18_N0_I36         ; LAB_LINE                                                                                    ;
;   12.641 ;   0.103  ;    ; RE   ; 1      ; BLOCK_INPUT_MUX_X35_Y18_N0_I33            ; LEIM_INPUT                                                                                  ;
;   12.642 ;   0.001  ; RR ; IC   ; 1      ; LABCELL_X35_Y18_N24                       ; u_soc|crypto_accelerator|u_core|u_aes|sb_in_f~563|dataf                                     ;
;   12.720 ;   0.078  ; RR ; CELL ; 1      ; LABCELL_X35_Y18_N24                       ; u_soc|crypto_accelerator|u_core|u_aes|sb_in_f~563|combout                                   ;
;   12.720 ;   0.000  ;    ; RE   ; 1      ; LABCELL_X35_Y18_N24                       ; ARRIAV_LCELL_COMB                                                                           ;
;   12.809 ;   0.089  ;    ; RE   ; 1      ; LOCAL_LINE_X35_Y18_N0_I8                  ; LOCAL_LINE                                                                                  ;
;   12.913 ;   0.104  ;    ; RE   ; 1      ; BLOCK_INPUT_MUX_X35_Y18_N0_I25            ; LEIM_INPUT                                                                                  ;
;   12.913 ;   0.000  ; RR ; IC   ; 1      ; LABCELL_X35_Y18_N18                       ; u_soc|crypto_accelerator|u_core|u_aes|sb_in_f~565|dataf                                     ;
;   12.990 ;   0.077  ; RR ; CELL ; 1      ; LABCELL_X35_Y18_N18                       ; u_soc|crypto_accelerator|u_core|u_aes|sb_in_f~565|combout                                   ;
;   12.990 ;   0.000  ;    ; RE   ; 1      ; LABCELL_X35_Y18_N18                       ; ARRIAV_LCELL_COMB                                                                           ;
;   13.075 ;   0.085  ;    ; RE   ; 1      ; LE_BUFFER_X35_Y18_N0_I13                  ; LE_BUFFER                                                                                   ;
;   13.182 ;   0.107  ;    ; RE   ; 1      ; LOCAL_INTERCONNECT_X34_Y18_N0_I36         ; LAB_LINE                                                                                    ;
;   13.286 ;   0.104  ;    ; RE   ; 1      ; BLOCK_INPUT_MUX_X34_Y18_N0_I1             ; LEIM_INPUT                                                                                  ;
;   13.287 ;   0.001  ; RR ; IC   ; 1      ; MLABCELL_X34_Y18_N0                       ; u_soc|crypto_accelerator|u_core|u_aes|sb_in_f~567|dataf                                     ;
;   13.364 ;   0.077  ; RR ; CELL ; 1      ; MLABCELL_X34_Y18_N0                       ; u_soc|crypto_accelerator|u_core|u_aes|sb_in_f~567|combout                                   ;
;   13.364 ;   0.000  ;    ; RE   ; 1      ; MLABCELL_X34_Y18_N0                       ; ARRIAV_LCELL_COMB                                                                           ;
;   13.469 ;   0.105  ;    ; RE   ; 1      ; LE_BUFFER_X34_Y18_N0_I1                   ; LE_BUFFER                                                                                   ;
;   13.647 ;   0.178  ;    ; RE   ; 1      ; C2_X33_Y16_N0_I18                         ; V_SEG2                                                                                      ;
;   13.831 ;   0.184  ;    ; RE   ; 1      ; R3_X31_Y17_N0_I20                         ; H_SEG3                                                                                      ;
;   13.970 ;   0.139  ;    ; RE   ; 1      ; LOCAL_INTERCONNECT_X31_Y17_N0_I28         ; LAB_LINE                                                                                    ;
;   14.073 ;   0.103  ;    ; RE   ; 1      ; BLOCK_INPUT_MUX_X31_Y17_N0_I17            ; LEIM_INPUT                                                                                  ;
;   14.072 ;   -0.001 ; RR ; IC   ; 1      ; LABCELL_X31_Y17_N12                       ; u_soc|crypto_accelerator|u_core|u_aes|sb_in_f~569|dataf                                     ;
;   14.150 ;   0.078  ; RR ; CELL ; 1      ; LABCELL_X31_Y17_N12                       ; u_soc|crypto_accelerator|u_core|u_aes|sb_in_f~569|combout                                   ;
;   14.150 ;   0.000  ;    ; RE   ; 1      ; LABCELL_X31_Y17_N12                       ; ARRIAV_LCELL_COMB                                                                           ;
;   14.247 ;   0.097  ;    ; RE   ; 1      ; LOCAL_LINE_X31_Y17_N0_I4                  ; LOCAL_LINE                                                                                  ;
;   14.353 ;   0.106  ;    ; RE   ; 1      ; BLOCK_INPUT_MUX_X31_Y17_N0_I1             ; LEIM_INPUT                                                                                  ;
;   14.353 ;   0.000  ; RR ; IC   ; 1      ; LABCELL_X31_Y17_N0                        ; u_soc|crypto_accelerator|u_core|u_aes|Selector4548~1|dataf                                  ;
;   14.439 ;   0.086  ; RF ; CELL ; 4      ; LABCELL_X31_Y17_N0                        ; u_soc|crypto_accelerator|u_core|u_aes|Selector4548~1|combout                                ;
;   14.439 ;   0.000  ;    ; RE   ; 2      ; LABCELL_X31_Y17_N0                        ; ARRIAV_LCELL_COMB                                                                           ;
;   14.494 ;   0.055  ;    ; RE   ; 1      ; LE_BUFFER_X31_Y17_N0_I0                   ; LE_BUFFER                                                                                   ;
;   14.644 ;   0.150  ;    ; RE   ; 1      ; R6_X26_Y17_N0_I22                         ; H_SEG6                                                                                      ;
;   14.831 ;   0.187  ;    ; RE   ; 1      ; LOCAL_INTERCONNECT_X31_Y17_N0_I35         ; LAB_LINE                                                                                    ;
;   14.942 ;   0.111  ;    ; RE   ; 1      ; BLOCK_INPUT_MUX_X31_Y17_N0_I77            ; LEIM_INPUT                                                                                  ;
;   14.942 ;   0.000  ; FF ; IC   ; 1      ; LABCELL_X31_Y17_N57                       ; u_soc|crypto_accelerator|u_core|u_aes|u_sub_byte_core|gf_in_f[4]~1|datac                    ;
;   15.355 ;   0.413  ; FF ; CELL ; 8      ; LABCELL_X31_Y17_N57                       ; u_soc|crypto_accelerator|u_core|u_aes|u_sub_byte_core|gf_in_f[4]~1|combout                  ;
;   15.355 ;   0.000  ;    ; RE   ; 2      ; LABCELL_X31_Y17_N57                       ; ARRIAV_LCELL_COMB                                                                           ;
;   15.414 ;   0.059  ;    ; RE   ; 2      ; LE_BUFFER_X31_Y17_N0_I38                  ; LE_BUFFER                                                                                   ;
;   15.578 ;   0.164  ;    ; RE   ; 3      ; C4_X31_Y13_N0_I9                          ; V_SEG4                                                                                      ;
;   15.832 ;   0.254  ;    ; RE   ; 1      ; R6_X26_Y16_N0_I24                         ; H_SEG6                                                                                      ;
;   16.039 ;   0.207  ;    ; RE   ; 1      ; LOCAL_INTERCONNECT_X30_Y16_N0_I37         ; LAB_LINE                                                                                    ;
;   16.158 ;   0.119  ;    ; RE   ; 1      ; BLOCK_INPUT_MUX_X30_Y16_N0_I29            ; LEIM_INPUT                                                                                  ;
;   16.158 ;   0.000  ; FF ; IC   ; 1      ; LABCELL_X30_Y16_N21                       ; u_soc|crypto_accelerator|u_core|u_aes|u_sub_byte_core|gf_0|al_sq_f[3]|datac                 ;
;   16.575 ;   0.417  ; FF ; CELL ; 12     ; LABCELL_X30_Y16_N21                       ; u_soc|crypto_accelerator|u_core|u_aes|u_sub_byte_core|gf_0|al_sq_f[3]|combout               ;
;   16.575 ;   0.000  ;    ; RE   ; 3      ; LABCELL_X30_Y16_N21                       ; ARRIAV_LCELL_COMB                                                                           ;
;   16.647 ;   0.072  ;    ; RE   ; 3      ; LE_BUFFER_X30_Y16_N0_I14                  ; LE_BUFFER                                                                                   ;
;   16.783 ;   0.136  ;    ; RE   ; 3      ; LOCAL_INTERCONNECT_X31_Y16_N0_I25         ; LAB_LINE                                                                                    ;
;   16.874 ;   0.091  ;    ; RE   ; 1      ; BLOCK_INPUT_MUX_X31_Y16_N0_I50            ; LEIM_INPUT                                                                                  ;
;   16.874 ;   0.000  ; FF ; IC   ; 1      ; LABCELL_X31_Y16_N39                       ; u_soc|crypto_accelerator|u_core|u_aes|u_sub_byte_core|gf_0|dr_xor2~18|dataa                 ;
;   17.343 ;   0.469  ; FR ; CELL ; 3      ; LABCELL_X31_Y16_N39                       ; u_soc|crypto_accelerator|u_core|u_aes|u_sub_byte_core|gf_0|dr_xor2~18|combout               ;
;   17.343 ;   0.000  ;    ; RE   ; 2      ; LABCELL_X31_Y16_N39                       ; ARRIAV_LCELL_COMB                                                                           ;
;   17.449 ;   0.106  ;    ; RE   ; 2      ; LOCAL_LINE_X31_Y16_N0_I13                 ; LOCAL_LINE                                                                                  ;
;   17.559 ;   0.110  ;    ; RE   ; 1      ; BLOCK_INPUT_MUX_X31_Y16_N0_I5             ; LEIM_INPUT                                                                                  ;
;   17.559 ;   0.000  ; RR ; IC   ; 1      ; LABCELL_X31_Y16_N0                        ; u_soc|crypto_accelerator|u_core|u_aes|u_sub_byte_core|gf_0|dr_xor2~19|datad                 ;
;   17.982 ;   0.423  ; RF ; CELL ; 4      ; LABCELL_X31_Y16_N0                        ; u_soc|crypto_accelerator|u_core|u_aes|u_sub_byte_core|gf_0|dr_xor2~19|combout               ;
;   17.982 ;   0.000  ;    ; RE   ; 1      ; LABCELL_X31_Y16_N0                        ; ARRIAV_LCELL_COMB                                                                           ;
;   18.044 ;   0.062  ;    ; RE   ; 2      ; LE_BUFFER_X31_Y16_N0_I0                   ; LE_BUFFER                                                                                   ;
;   18.196 ;   0.152  ;    ; RE   ; 1      ; C2_X31_Y14_N0_I18                         ; V_SEG2                                                                                      ;
;   18.394 ;   0.198  ;    ; RE   ; 1      ; R6_X26_Y15_N0_I25                         ; H_SEG6                                                                                      ;
;   18.589 ;   0.195  ;    ; RE   ; 1      ; LOCAL_INTERCONNECT_X31_Y15_N0_I40         ; LAB_LINE                                                                                    ;
;   18.682 ;   0.093  ;    ; RE   ; 2      ; BLOCK_INPUT_MUX_X31_Y15_N0_I75            ; LEIM_INPUT                                                                                  ;
;   18.682 ;   0.000  ; FF ; IC   ; 1      ; LABCELL_X31_Y15_N54                       ; u_soc|crypto_accelerator|u_core|u_aes|u_sub_byte_core|gf_0|ah_mul_al_t[1]~1|datab           ;
;   19.162 ;   0.480  ; FF ; CELL ; 2      ; LABCELL_X31_Y15_N54                       ; u_soc|crypto_accelerator|u_core|u_aes|u_sub_byte_core|gf_0|ah_mul_al_t[1]~1|combout         ;
;   19.162 ;   0.000  ;    ; RE   ; 2      ; LABCELL_X31_Y15_N54                       ; ARRIAV_LCELL_COMB                                                                           ;
;   19.243 ;   0.081  ;    ; RE   ; 1      ; LOCAL_LINE_X31_Y15_N0_I18                 ; LOCAL_LINE                                                                                  ;
;   19.366 ;   0.123  ;    ; RE   ; 1      ; BLOCK_INPUT_MUX_X31_Y15_N0_I46            ; LEIM_INPUT                                                                                  ;
;   19.366 ;   0.000  ; FF ; IC   ; 1      ; LABCELL_X31_Y15_N33                       ; u_soc|crypto_accelerator|u_core|u_aes|u_sub_byte_core|gf_0|dr_xor2~27|datae                 ;
;   19.622 ;   0.256  ; FF ; CELL ; 6      ; LABCELL_X31_Y15_N33                       ; u_soc|crypto_accelerator|u_core|u_aes|u_sub_byte_core|gf_0|dr_xor2~27|combout               ;
;   19.622 ;   0.000  ;    ; RE   ; 2      ; LABCELL_X31_Y15_N33                       ; ARRIAV_LCELL_COMB                                                                           ;
;   19.692 ;   0.070  ;    ; RE   ; 1      ; LE_BUFFER_X31_Y15_N0_I23                  ; LE_BUFFER                                                                                   ;
;   19.845 ;   0.153  ;    ; RE   ; 1      ; R6_X31_Y15_N0_I16                         ; H_SEG6                                                                                      ;
;   20.013 ;   0.168  ;    ; RE   ; 1      ; LOCAL_INTERCONNECT_X31_Y15_N0_I16         ; LAB_LINE                                                                                    ;
;   20.115 ;   0.102  ;    ; RE   ; 1      ; BLOCK_INPUT_MUX_X31_Y15_N0_I54            ; LEIM_INPUT                                                                                  ;
;   20.114 ;   -0.001 ; FF ; IC   ; 1      ; LABCELL_X31_Y15_N39                       ; u_soc|crypto_accelerator|u_core|u_aes|u_sub_byte_core|gf_0|d_f[1]|datad                     ;
;   20.418 ;   0.304  ; FF ; CELL ; 17     ; LABCELL_X31_Y15_N39                       ; u_soc|crypto_accelerator|u_core|u_aes|u_sub_byte_core|gf_0|d_f[1]|combout                   ;
;   20.418 ;   0.000  ;    ; RE   ; 2      ; LABCELL_X31_Y15_N39                       ; ARRIAV_LCELL_COMB                                                                           ;
;   20.502 ;   0.084  ;    ; RE   ; 5      ; LE_BUFFER_X31_Y15_N0_I26                  ; LE_BUFFER                                                                                   ;
;   20.671 ;   0.169  ;    ; RE   ; 1      ; C2_X31_Y16_N0_I10                         ; V_SEG2                                                                                      ;
;   20.871 ;   0.200  ;    ; RE   ; 2      ; R3_X29_Y16_N0_I14                         ; H_SEG3                                                                                      ;
;   21.011 ;   0.140  ;    ; RE   ; 1      ; LOCAL_INTERCONNECT_X29_Y16_N0_I2          ; LAB_LINE                                                                                    ;
;   21.112 ;   0.101  ;    ; RE   ; 1      ; BLOCK_INPUT_MUX_X29_Y16_N0_I30            ; LEIM_INPUT                                                                                  ;
;   21.111 ;   -0.001 ; FF ; IC   ; 1      ; LABCELL_X29_Y16_N21                       ; u_soc|crypto_accelerator|u_core|u_aes|u_sub_byte_core|gf_0|d_inv_t[3]~6|datae               ;
;   21.367 ;   0.256  ; FF ; CELL ; 3      ; LABCELL_X29_Y16_N21                       ; u_soc|crypto_accelerator|u_core|u_aes|u_sub_byte_core|gf_0|d_inv_t[3]~6|combout             ;
;   21.367 ;   0.000  ;    ; RE   ; 2      ; LABCELL_X29_Y16_N21                       ; ARRIAV_LCELL_COMB                                                                           ;
;   21.443 ;   0.076  ;    ; RE   ; 2      ; LOCAL_LINE_X29_Y16_N0_I7                  ; LOCAL_LINE                                                                                  ;
;   21.566 ;   0.123  ;    ; RE   ; 1      ; BLOCK_INPUT_MUX_X29_Y16_N0_I8             ; LEIM_INPUT                                                                                  ;
;   21.566 ;   0.000  ; FF ; IC   ; 1      ; LABCELL_X29_Y16_N6                        ; u_soc|crypto_accelerator|u_core|u_aes|u_sub_byte_core|gf_0|d_inv_t[3]~7|datad               ;
;   21.869 ;   0.303  ; FR ; CELL ; 8      ; LABCELL_X29_Y16_N6                        ; u_soc|crypto_accelerator|u_core|u_aes|u_sub_byte_core|gf_0|d_inv_t[3]~7|combout             ;
;   21.869 ;   0.000  ;    ; RE   ; 2      ; LABCELL_X29_Y16_N6                        ; ARRIAV_LCELL_COMB                                                                           ;
;   21.958 ;   0.089  ;    ; RE   ; 2      ; LE_BUFFER_X29_Y16_N0_I4                   ; LE_BUFFER                                                                                   ;
;   22.094 ;   0.136  ;    ; RE   ; 1      ; C2_X29_Y14_N0_I19                         ; V_SEG2                                                                                      ;
;   22.224 ;   0.130  ;    ; RE   ; 1      ; R3_X27_Y15_N0_I12                         ; H_SEG3                                                                                      ;
;   22.350 ;   0.126  ;    ; RE   ; 1      ; LOCAL_INTERCONNECT_X28_Y15_N0_I9          ; LAB_LINE                                                                                    ;
;   22.461 ;   0.111  ;    ; RE   ; 1      ; BLOCK_INPUT_MUX_X28_Y15_N0_I32            ; LEIM_INPUT                                                                                  ;
;   22.461 ;   0.000  ; RR ; IC   ; 1      ; MLABCELL_X28_Y15_N24                      ; u_soc|crypto_accelerator|u_core|u_aes|u_sub_byte_core|gf_0|dr_xor2~67|datae                 ;
;   22.718 ;   0.257  ; RF ; CELL ; 4      ; MLABCELL_X28_Y15_N24                      ; u_soc|crypto_accelerator|u_core|u_aes|u_sub_byte_core|gf_0|dr_xor2~67|combout               ;
;   22.718 ;   0.000  ;    ; RE   ; 1      ; MLABCELL_X28_Y15_N24                      ; ARRIAV_LCELL_COMB                                                                           ;
;   22.781 ;   0.063  ;    ; RE   ; 2      ; LE_BUFFER_X28_Y15_N0_I16                  ; LE_BUFFER                                                                                   ;
;   22.935 ;   0.154  ;    ; RE   ; 1      ; C2_X28_Y16_N0_I9                          ; V_SEG2                                                                                      ;
;   23.111 ;   0.176  ;    ; RE   ; 1      ; R6_X23_Y16_N0_I26                         ; H_SEG6                                                                                      ;
;   23.293 ;   0.182  ;    ; RE   ; 2      ; LOCAL_INTERCONNECT_X28_Y16_N0_I41         ; LAB_LINE                                                                                    ;
;   23.420 ;   0.127  ;    ; RE   ; 1      ; BLOCK_INPUT_MUX_X28_Y16_N0_I72            ; LEIM_INPUT                                                                                  ;
;   23.421 ;   0.001  ; FF ; IC   ; 1      ; MLABCELL_X28_Y16_N54                      ; u_soc|crypto_accelerator|u_core|u_aes|u_sub_byte_core|gf_0|dr_xor2~69|datad                 ;
;   23.727 ;   0.306  ; FR ; CELL ; 2      ; MLABCELL_X28_Y16_N54                      ; u_soc|crypto_accelerator|u_core|u_aes|u_sub_byte_core|gf_0|dr_xor2~69|combout               ;
;   23.727 ;   0.000  ;    ; RE   ; 2      ; MLABCELL_X28_Y16_N54                      ; ARRIAV_LCELL_COMB                                                                           ;
;   23.836 ;   0.109  ;    ; RE   ; 1      ; LE_BUFFER_X28_Y16_N0_I37                  ; LE_BUFFER                                                                                   ;
;   23.966 ;   0.130  ;    ; RE   ; 1      ; R3_X28_Y16_N0_I7                          ; H_SEG3                                                                                      ;
;   24.100 ;   0.134  ;    ; RE   ; 1      ; LOCAL_INTERCONNECT_X28_Y16_N0_I15         ; LAB_LINE                                                                                    ;
;   24.212 ;   0.112  ;    ; RE   ; 1      ; BLOCK_INPUT_MUX_X28_Y16_N0_I23            ; LEIM_INPUT                                                                                  ;
;   24.212 ;   0.000  ; RR ; IC   ; 1      ; MLABCELL_X28_Y16_N15                      ; u_soc|crypto_accelerator|u_core|u_aes|u_sub_byte_core|gf_0|al_out_t[2]|dataf                ;
;   24.299 ;   0.087  ; RF ; CELL ; 6      ; MLABCELL_X28_Y16_N15                      ; u_soc|crypto_accelerator|u_core|u_aes|u_sub_byte_core|gf_0|al_out_t[2]|combout              ;
;   24.299 ;   0.000  ;    ; RE   ; 2      ; MLABCELL_X28_Y16_N15                      ; ARRIAV_LCELL_COMB                                                                           ;
;   24.395 ;   0.096  ;    ; RE   ; 2      ; LOCAL_LINE_X28_Y16_N0_I5                  ; LOCAL_LINE                                                                                  ;
;   24.525 ;   0.130  ;    ; RE   ; 2      ; BLOCK_INPUT_MUX_X28_Y16_N0_I61            ; LEIM_INPUT                                                                                  ;
;   24.525 ;   0.000  ; FF ; IC   ; 1      ; MLABCELL_X28_Y16_N45                      ; u_soc|crypto_accelerator|u_core|u_aes|u_sub_byte_core|gf_0|data_out_f[5]~5|datac            ;
;   25.024 ;   0.499  ; FF ; CELL ; 5      ; MLABCELL_X28_Y16_N45                      ; u_soc|crypto_accelerator|u_core|u_aes|u_sub_byte_core|gf_0|data_out_f[5]~5|combout          ;
;   25.024 ;   0.000  ;    ; RE   ; 2      ; MLABCELL_X28_Y16_N45                      ; ARRIAV_LCELL_COMB                                                                           ;
;   25.080 ;   0.056  ;    ; RE   ; 1      ; LE_BUFFER_X28_Y16_N0_I30                  ; LE_BUFFER                                                                                   ;
;   25.228 ;   0.148  ;    ; RE   ; 1      ; C2_X28_Y14_N0_I15                         ; V_SEG2                                                                                      ;
;   25.403 ;   0.175  ;    ; RE   ; 1      ; R3_X26_Y15_N0_I13                         ; H_SEG3                                                                                      ;
;   25.589 ;   0.186  ;    ; RE   ; 1      ; LOCAL_INTERCONNECT_X27_Y15_N0_I19         ; LAB_LINE                                                                                    ;
;   25.708 ;   0.119  ;    ; RE   ; 1      ; BLOCK_INPUT_MUX_X27_Y15_N0_I53            ; LEIM_INPUT                                                                                  ;
;   25.708 ;   0.000  ; FF ; IC   ; 1      ; LABCELL_X27_Y15_N39                       ; u_soc|crypto_accelerator|u_core|u_aes|u_sub_byte_core|aff_trans_0|aff_trans_out_f~0|datac   ;
;   26.116 ;   0.408  ; FF ; CELL ; 5      ; LABCELL_X27_Y15_N39                       ; u_soc|crypto_accelerator|u_core|u_aes|u_sub_byte_core|aff_trans_0|aff_trans_out_f~0|combout ;
;   26.116 ;   0.000  ;    ; RE   ; 1      ; LABCELL_X27_Y15_N39                       ; ARRIAV_LCELL_COMB                                                                           ;
;   26.198 ;   0.082  ;    ; RE   ; 3      ; LE_BUFFER_X27_Y15_N0_I27                  ; LE_BUFFER                                                                                   ;
;   26.382 ;   0.184  ;    ; RE   ; 1      ; C4_X26_Y16_N0_I0                          ; V_SEG4                                                                                      ;
;   26.594 ;   0.212  ;    ; RE   ; 1      ; LOCAL_INTERCONNECT_X27_Y16_N0_I12         ; LAB_LINE                                                                                    ;
;   26.709 ;   0.115  ;    ; RE   ; 1      ; BLOCK_INPUT_MUX_X27_Y16_N0_I28            ; LEIM_INPUT                                                                                  ;
;   26.708 ;   -0.001 ; FF ; IC   ; 1      ; LABCELL_X27_Y16_N18                       ; u_soc|crypto_accelerator|u_core|u_aes|u_sub_byte_core|data_out_f[7]~7|datac                 ;
;   27.122 ;   0.414  ; FF ; CELL ; 20     ; LABCELL_X27_Y16_N18                       ; u_soc|crypto_accelerator|u_core|u_aes|u_sub_byte_core|data_out_f[7]~7|combout               ;
;   27.122 ;   0.000  ;    ; RE   ; 2      ; LABCELL_X27_Y16_N18                       ; ARRIAV_LCELL_COMB                                                                           ;
;   27.217 ;   0.095  ;    ; RE   ; 5      ; LE_BUFFER_X27_Y16_N0_I12                  ; LE_BUFFER                                                                                   ;
;   27.444 ;   0.227  ;    ; RE   ; 2      ; C2_X27_Y14_N0_I12                         ; V_SEG2                                                                                      ;
;   27.673 ;   0.229  ;    ; RE   ; 3      ; C2_X27_Y12_N0_I12                         ; V_SEG2                                                                                      ;
;   27.945 ;   0.272  ;    ; RE   ; 1      ; R3_X25_Y13_N0_I23                         ; H_SEG3                                                                                      ;
;   28.137 ;   0.192  ;    ; RE   ; 1      ; LOCAL_INTERCONNECT_X24_Y13_N0_I19         ; LAB_LINE                                                                                    ;
;   28.250 ;   0.113  ;    ; RE   ; 1      ; BLOCK_INPUT_MUX_X24_Y13_N0_I54            ; LEIM_INPUT                                                                                  ;
;   28.250 ;   0.000  ; FF ; IC   ; 1      ; FF_X24_Y13_N41                            ; u_soc|crypto_accelerator|u_core|u_aes|buf_a_f[0][7]|asdata                                  ;
;   28.765 ;   0.515  ; FF ; CELL ; 1      ; FF_X24_Y13_N41                            ; soc:u_soc|axi_slave_top:crypto_accelerator|axi_slave_core:u_core|aes:u_aes|buf_a_f[0][7]    ;
+----------+----------+----+------+--------+-------------------------------------------+---------------------------------------------------------------------------------------------+

+----------------------------------------------------------------------------------------------------------------------------------------------------+
; Data Required Path                                                                                                                                 ;
+---------+---------+----+------+--------+----------------+------------------------------------------------------------------------------------------+
; Total   ; Incr    ; RF ; Type ; Fanout ; Location       ; Element                                                                                  ;
+---------+---------+----+------+--------+----------------+------------------------------------------------------------------------------------------+
; 1.000   ; 1.000   ;    ;      ;        ;                ; latch edge time                                                                          ;
; 4.621   ; 3.621   ;    ;      ;        ;                ; clock path                                                                               ;
;   4.565 ;   3.565 ; R  ;      ;        ;                ; clock network delay                                                                      ;
;   4.621 ;   0.056 ;    ;      ;        ;                ; clock pessimism removed                                                                  ;
; 4.451   ; -0.170  ;    ;      ;        ;                ; clock uncertainty                                                                        ;
; 4.451   ; 0.000   ;    ; uTsu ; 1      ; FF_X24_Y13_N41 ; soc:u_soc|axi_slave_top:crypto_accelerator|axi_slave_core:u_core|aes:u_aes|buf_a_f[0][7] ;
+---------+---------+----+------+--------+----------------+------------------------------------------------------------------------------------------+

----------------------------
; Extra Fitter Information ;
----------------------------
HTML report is unavailable in plain text report export.


Path #16: Setup slack is -24.311 (VIOLATED)
===============================================================================
+---------------------------------------------------------------------------------------------------------------+
; Path Summary                                                                                                  ;
+--------------------+------------------------------------------------------------------------------------------+
; Property           ; Value                                                                                    ;
+--------------------+------------------------------------------------------------------------------------------+
; From Node          ; soc:u_soc|axi_slave_top:crypto_accelerator|axi_slave_core:u_core|aes:u_aes|kexp_i[1]     ;
; To Node            ; soc:u_soc|axi_slave_top:crypto_accelerator|axi_slave_core:u_core|aes:u_aes|buf_a_f[5][7] ;
; Launch Clock       ; CLOCK_50                                                                                 ;
; Latch Clock        ; CLOCK_50                                                                                 ;
; Data Arrival Time  ; 28.777                                                                                   ;
; Data Required Time ; 4.466                                                                                    ;
; Slack              ; -24.311 (VIOLATED)                                                                       ;
+--------------------+------------------------------------------------------------------------------------------+

+----------------------------------------------------------------------------------------+
; Statistics                                                                             ;
+---------------------------+--------+-------+-------------+------------+--------+-------+
; Property                  ; Value  ; Count ; Total Delay ; % of Total ; Min    ; Max   ;
+---------------------------+--------+-------+-------------+------------+--------+-------+
; Setup Relationship        ; 1.000  ;       ;             ;            ;        ;       ;
; Clock Skew                ; -0.423 ;       ;             ;            ;        ;       ;
; Data Delay                ; 24.718 ;       ;             ;            ;        ;       ;
; Number of Logic Levels    ;        ; 34    ;             ;            ;        ;       ;
; Physical Delays           ;        ;       ;             ;            ;        ;       ;
;  Arrival Path             ;        ;       ;             ;            ;        ;       ;
;   Clock                   ;        ;       ;             ;            ;        ;       ;
;    Clock Network (Lumped) ;        ; 1     ; 4.059       ; 100        ; 4.059  ; 4.059 ;
;   Data                    ;        ;       ;             ;            ;        ;       ;
;    IC                     ;        ; 35    ; -0.004      ; 0          ; -0.001 ; 0.001 ;
;    Cell                   ;        ; 36    ; 8.339       ; 34         ; 0.000  ; 0.515 ;
;    uTco                   ;        ; 1     ; 0.000       ; 0          ; 0.000  ; 0.000 ;
;    Routing Element        ;        ; 155   ; 16.383      ; 66         ; 0.000  ; 0.401 ;
;  Required Path            ;        ;       ;             ;            ;        ;       ;
;   Clock                   ;        ;       ;             ;            ;        ;       ;
;    Clock Network (Lumped) ;        ; 1     ; 3.580       ; 100        ; 3.580  ; 3.580 ;
+---------------------------+--------+-------+-------------+------------+--------+-------+
Note: Negative delays are omitted from totals when calculating percentages

+------------------------------------------------------------------------------------------------------------------------------------------------------------------------------------+
; Data Arrival Path                                                                                                                                                                  ;
+----------+----------+----+------+--------+-------------------------------------------+---------------------------------------------------------------------------------------------+
; Total    ; Incr     ; RF ; Type ; Fanout ; Location                                  ; Element                                                                                     ;
+----------+----------+----+------+--------+-------------------------------------------+---------------------------------------------------------------------------------------------+
; 0.000    ; 0.000    ;    ;      ;        ;                                           ; launch edge time                                                                            ;
; 4.059    ; 4.059    ;    ;      ;        ;                                           ; clock path                                                                                  ;
;   4.059  ;   4.059  ; R  ;      ;        ;                                           ; clock network delay                                                                         ;
; 28.777   ; 24.718   ;    ;      ;        ;                                           ; data path                                                                                   ;
;   4.059  ;   0.000  ;    ; uTco ; 1      ; FF_X30_Y23_N2                             ; soc:u_soc|axi_slave_top:crypto_accelerator|axi_slave_core:u_core|aes:u_aes|kexp_i[1]        ;
;   4.059  ;   0.000  ; FF ; CELL ; 239    ; FF_X30_Y23_N2                             ; u_soc|crypto_accelerator|u_core|u_aes|kexp_i[1]|q                                           ;
;   4.109  ;   0.050  ;    ; RE   ; 3      ; FF_X30_Y23_N2                             ; ARRIAV_FF                                                                                   ;
;   4.197  ;   0.088  ;    ; RE   ; 5      ; LE_BUFFER_X30_Y23_N0_I1                   ; LE_BUFFER                                                                                   ;
;   4.598  ;   0.401  ;    ; RE   ; 8      ; R6_X30_Y23_N0_I11                         ; H_SEG6                                                                                      ;
;   4.941  ;   0.343  ;    ; RE   ; 3      ; R6_X35_Y23_N0_I10                         ; H_SEG6                                                                                      ;
;   5.177  ;   0.236  ;    ; RE   ; 2      ; LOCAL_INTERCONNECT_X36_Y23_N0_I1          ; LAB_LINE                                                                                    ;
;   5.299  ;   0.122  ;    ; RE   ; 1      ; BLOCK_INPUT_MUX_X36_Y23_N0_I64            ; LEIM_INPUT                                                                                  ;
;   5.299  ;   0.000  ; FF ; IC   ; 1      ; LABCELL_X36_Y23_N48                       ; u_soc|crypto_accelerator|u_core|u_aes|sb_in_f~20|datad                                      ;
;   5.587  ;   0.288  ; FF ; CELL ; 3      ; LABCELL_X36_Y23_N48                       ; u_soc|crypto_accelerator|u_core|u_aes|sb_in_f~20|combout                                    ;
;   5.587  ;   0.000  ;    ; RE   ; 2      ; LABCELL_X36_Y23_N48                       ; ARRIAV_LCELL_COMB                                                                           ;
;   5.664  ;   0.077  ;    ; RE   ; 1      ; LOCAL_LINE_X36_Y23_N0_I16                 ; LOCAL_LINE                                                                                  ;
;   5.785  ;   0.121  ;    ; RE   ; 1      ; BLOCK_INPUT_MUX_X36_Y23_N0_I28            ; LEIM_INPUT                                                                                  ;
;   5.785  ;   0.000  ; FF ; IC   ; 1      ; LABCELL_X36_Y23_N18                       ; u_soc|crypto_accelerator|u_core|u_aes|sb_in_f~22|datac                                      ;
;   6.202  ;   0.417  ; FF ; CELL ; 48     ; LABCELL_X36_Y23_N18                       ; u_soc|crypto_accelerator|u_core|u_aes|sb_in_f~22|combout                                    ;
;   6.202  ;   0.000  ;    ; RE   ; 2      ; LABCELL_X36_Y23_N18                       ; ARRIAV_LCELL_COMB                                                                           ;
;   6.299  ;   0.097  ;    ; RE   ; 2      ; LE_BUFFER_X36_Y23_N0_I13                  ; LE_BUFFER                                                                                   ;
;   6.497  ;   0.198  ;    ; RE   ; 2      ; R3_X36_Y23_N0_I1                          ; H_SEG3                                                                                      ;
;   6.497  ;   0.000  ;    ; RE   ; 2      ; R14_C12_INTERCONNECT_DRIVER_X36_Y23_N0_I1 ; WIRE_MUX                                                                                    ;
;   6.740  ;   0.243  ;    ; RE   ; 2      ; R14_X23_Y23_N0_I1                         ; H_SEG14                                                                                     ;
;   6.966  ;   0.226  ;    ; RE   ; 1      ; C2_X22_Y21_N0_I15                         ; V_SEG2                                                                                      ;
;   7.290  ;   0.324  ;    ; RE   ; 1      ; R6_X17_Y21_N0_I26                         ; H_SEG6                                                                                      ;
;   7.504  ;   0.214  ;    ; RE   ; 3      ; LOCAL_INTERCONNECT_X19_Y21_N0_I12         ; LAB_LINE                                                                                    ;
;   7.618  ;   0.114  ;    ; RE   ; 1      ; BLOCK_INPUT_MUX_X19_Y21_N0_I71            ; LEIM_INPUT                                                                                  ;
;   7.618  ;   0.000  ; FF ; IC   ; 1      ; LABCELL_X19_Y21_N51                       ; u_soc|crypto_accelerator|u_core|u_aes|sb_in_f~545|dataf                                     ;
;   7.689  ;   0.071  ; FF ; CELL ; 1      ; LABCELL_X19_Y21_N51                       ; u_soc|crypto_accelerator|u_core|u_aes|sb_in_f~545|combout                                   ;
;   7.689  ;   0.000  ;    ; RE   ; 1      ; LABCELL_X19_Y21_N51                       ; ARRIAV_LCELL_COMB                                                                           ;
;   7.745  ;   0.056  ;    ; RE   ; 1      ; LE_BUFFER_X19_Y21_N0_I34                  ; LE_BUFFER                                                                                   ;
;   7.885  ;   0.140  ;    ; RE   ; 1      ; R3_X17_Y21_N0_I21                         ; H_SEG3                                                                                      ;
;   7.885  ;   0.000  ;    ; RE   ; 1      ; R14_C12_INTERCONNECT_DRIVER_X19_Y21_N0_I2 ; WIRE_MUX                                                                                    ;
;   8.123  ;   0.238  ;    ; RE   ; 1      ; R14_X20_Y21_N0_I0                         ; H_SEG14                                                                                     ;
;   8.332  ;   0.209  ;    ; RE   ; 1      ; C2_X30_Y22_N0_I7                          ; V_SEG2                                                                                      ;
;   8.509  ;   0.177  ;    ; RE   ; 1      ; R6_X31_Y22_N0_I16                         ; H_SEG6                                                                                      ;
;   8.677  ;   0.168  ;    ; RE   ; 1      ; LOCAL_INTERCONNECT_X31_Y22_N0_I16         ; LAB_LINE                                                                                    ;
;   8.784  ;   0.107  ;    ; RE   ; 1      ; BLOCK_INPUT_MUX_X31_Y22_N0_I56            ; LEIM_INPUT                                                                                  ;
;   8.784  ;   0.000  ; FF ; IC   ; 1      ; LABCELL_X31_Y22_N42                       ; u_soc|crypto_accelerator|u_core|u_aes|sb_in_f~761|datad                                     ;
;   9.086  ;   0.302  ; FR ; CELL ; 1      ; LABCELL_X31_Y22_N42                       ; u_soc|crypto_accelerator|u_core|u_aes|sb_in_f~761|combout                                   ;
;   9.086  ;   0.000  ;    ; RE   ; 1      ; LABCELL_X31_Y22_N42                       ; ARRIAV_LCELL_COMB                                                                           ;
;   9.174  ;   0.088  ;    ; RE   ; 1      ; LOCAL_LINE_X31_Y22_N0_I14                 ; LOCAL_LINE                                                                                  ;
;   9.279  ;   0.105  ;    ; RE   ; 1      ; BLOCK_INPUT_MUX_X31_Y22_N0_I65            ; LEIM_INPUT                                                                                  ;
;   9.279  ;   0.000  ; RR ; IC   ; 1      ; LABCELL_X31_Y22_N48                       ; u_soc|crypto_accelerator|u_core|u_aes|sb_in_f~546|dataf                                     ;
;   9.357  ;   0.078  ; RR ; CELL ; 1      ; LABCELL_X31_Y22_N48                       ; u_soc|crypto_accelerator|u_core|u_aes|sb_in_f~546|combout                                   ;
;   9.357  ;   0.000  ;    ; RE   ; 1      ; LABCELL_X31_Y22_N48                       ; ARRIAV_LCELL_COMB                                                                           ;
;   9.457  ;   0.100  ;    ; RE   ; 1      ; LOCAL_LINE_X31_Y22_N0_I16                 ; LOCAL_LINE                                                                                  ;
;   9.564  ;   0.107  ;    ; RE   ; 1      ; BLOCK_INPUT_MUX_X31_Y22_N0_I17            ; LEIM_INPUT                                                                                  ;
;   9.564  ;   0.000  ; RR ; IC   ; 1      ; LABCELL_X31_Y22_N12                       ; u_soc|crypto_accelerator|u_core|u_aes|sb_in_f~548|dataf                                     ;
;   9.648  ;   0.084  ; RF ; CELL ; 1      ; LABCELL_X31_Y22_N12                       ; u_soc|crypto_accelerator|u_core|u_aes|sb_in_f~548|combout                                   ;
;   9.648  ;   0.000  ;    ; RE   ; 1      ; LABCELL_X31_Y22_N12                       ; ARRIAV_LCELL_COMB                                                                           ;
;   9.730  ;   0.082  ;    ; RE   ; 1      ; LOCAL_LINE_X31_Y22_N0_I4                  ; LOCAL_LINE                                                                                  ;
;   9.855  ;   0.125  ;    ; RE   ; 1      ; BLOCK_INPUT_MUX_X31_Y22_N0_I55            ; LEIM_INPUT                                                                                  ;
;   9.855  ;   0.000  ; FF ; IC   ; 1      ; LABCELL_X31_Y22_N39                       ; u_soc|crypto_accelerator|u_core|u_aes|sb_in_f~550|dataf                                     ;
;   9.926  ;   0.071  ; FF ; CELL ; 1      ; LABCELL_X31_Y22_N39                       ; u_soc|crypto_accelerator|u_core|u_aes|sb_in_f~550|combout                                   ;
;   9.926  ;   0.000  ;    ; RE   ; 1      ; LABCELL_X31_Y22_N39                       ; ARRIAV_LCELL_COMB                                                                           ;
;   9.995  ;   0.069  ;    ; RE   ; 1      ; LE_BUFFER_X31_Y22_N0_I27                  ; LE_BUFFER                                                                                   ;
;   10.173 ;   0.178  ;    ; RE   ; 1      ; C2_X30_Y20_N0_I14                         ; V_SEG2                                                                                      ;
;   10.381 ;   0.208  ;    ; RE   ; 1      ; C2_X30_Y18_N0_I14                         ; V_SEG2                                                                                      ;
;   10.747 ;   0.366  ;    ; RE   ; 1      ; R6_X31_Y18_N0_I5                          ; H_SEG6                                                                                      ;
;   10.991 ;   0.244  ;    ; RE   ; 1      ; LOCAL_INTERCONNECT_X36_Y18_N0_I39         ; LAB_LINE                                                                                    ;
;   11.107 ;   0.116  ;    ; RE   ; 1      ; BLOCK_INPUT_MUX_X36_Y18_N0_I9             ; LEIM_INPUT                                                                                  ;
;   11.107 ;   0.000  ; FF ; IC   ; 1      ; LABCELL_X36_Y18_N6                        ; u_soc|crypto_accelerator|u_core|u_aes|sb_in_f~553|dataf                                     ;
;   11.189 ;   0.082  ; FR ; CELL ; 1      ; LABCELL_X36_Y18_N6                        ; u_soc|crypto_accelerator|u_core|u_aes|sb_in_f~553|combout                                   ;
;   11.189 ;   0.000  ;    ; RE   ; 1      ; LABCELL_X36_Y18_N6                        ; ARRIAV_LCELL_COMB                                                                           ;
;   11.292 ;   0.103  ;    ; RE   ; 1      ; LOCAL_LINE_X36_Y18_N0_I2                  ; LOCAL_LINE                                                                                  ;
;   11.399 ;   0.107  ;    ; RE   ; 1      ; BLOCK_INPUT_MUX_X36_Y18_N0_I65            ; LEIM_INPUT                                                                                  ;
;   11.399 ;   0.000  ; RR ; IC   ; 1      ; LABCELL_X36_Y18_N48                       ; u_soc|crypto_accelerator|u_core|u_aes|sb_in_f~555|dataf                                     ;
;   11.477 ;   0.078  ; RR ; CELL ; 1      ; LABCELL_X36_Y18_N48                       ; u_soc|crypto_accelerator|u_core|u_aes|sb_in_f~555|combout                                   ;
;   11.477 ;   0.000  ;    ; RE   ; 1      ; LABCELL_X36_Y18_N48                       ; ARRIAV_LCELL_COMB                                                                           ;
;   11.570 ;   0.093  ;    ; RE   ; 1      ; LOCAL_LINE_X36_Y18_N0_I16                 ; LOCAL_LINE                                                                                  ;
;   11.675 ;   0.105  ;    ; RE   ; 1      ; BLOCK_INPUT_MUX_X36_Y18_N0_I41            ; LEIM_INPUT                                                                                  ;
;   11.675 ;   0.000  ; RR ; IC   ; 1      ; LABCELL_X36_Y18_N30                       ; u_soc|crypto_accelerator|u_core|u_aes|sb_in_f~557|dataf                                     ;
;   11.753 ;   0.078  ; RR ; CELL ; 1      ; LABCELL_X36_Y18_N30                       ; u_soc|crypto_accelerator|u_core|u_aes|sb_in_f~557|combout                                   ;
;   11.753 ;   0.000  ;    ; RE   ; 1      ; LABCELL_X36_Y18_N30                       ; ARRIAV_LCELL_COMB                                                                           ;
;   11.865 ;   0.112  ;    ; RE   ; 1      ; LOCAL_LINE_X36_Y18_N0_I10                 ; LOCAL_LINE                                                                                  ;
;   11.971 ;   0.106  ;    ; RE   ; 1      ; BLOCK_INPUT_MUX_X36_Y18_N0_I17            ; LEIM_INPUT                                                                                  ;
;   11.972 ;   0.001  ; RR ; IC   ; 1      ; LABCELL_X36_Y18_N12                       ; u_soc|crypto_accelerator|u_core|u_aes|sb_in_f~559|dataf                                     ;
;   12.050 ;   0.078  ; RR ; CELL ; 1      ; LABCELL_X36_Y18_N12                       ; u_soc|crypto_accelerator|u_core|u_aes|sb_in_f~559|combout                                   ;
;   12.050 ;   0.000  ;    ; RE   ; 1      ; LABCELL_X36_Y18_N12                       ; ARRIAV_LCELL_COMB                                                                           ;
;   12.142 ;   0.092  ;    ; RE   ; 1      ; LOCAL_LINE_X36_Y18_N0_I4                  ; LOCAL_LINE                                                                                  ;
;   12.248 ;   0.106  ;    ; RE   ; 1      ; BLOCK_INPUT_MUX_X36_Y18_N0_I25            ; LEIM_INPUT                                                                                  ;
;   12.248 ;   0.000  ; RR ; IC   ; 1      ; LABCELL_X36_Y18_N18                       ; u_soc|crypto_accelerator|u_core|u_aes|sb_in_f~561|dataf                                     ;
;   12.325 ;   0.077  ; RR ; CELL ; 1      ; LABCELL_X36_Y18_N18                       ; u_soc|crypto_accelerator|u_core|u_aes|sb_in_f~561|combout                                   ;
;   12.325 ;   0.000  ;    ; RE   ; 1      ; LABCELL_X36_Y18_N18                       ; ARRIAV_LCELL_COMB                                                                           ;
;   12.434 ;   0.109  ;    ; RE   ; 1      ; LE_BUFFER_X36_Y18_N0_I13                  ; LE_BUFFER                                                                                   ;
;   12.538 ;   0.104  ;    ; RE   ; 1      ; LOCAL_INTERCONNECT_X35_Y18_N0_I36         ; LAB_LINE                                                                                    ;
;   12.641 ;   0.103  ;    ; RE   ; 1      ; BLOCK_INPUT_MUX_X35_Y18_N0_I33            ; LEIM_INPUT                                                                                  ;
;   12.642 ;   0.001  ; RR ; IC   ; 1      ; LABCELL_X35_Y18_N24                       ; u_soc|crypto_accelerator|u_core|u_aes|sb_in_f~563|dataf                                     ;
;   12.720 ;   0.078  ; RR ; CELL ; 1      ; LABCELL_X35_Y18_N24                       ; u_soc|crypto_accelerator|u_core|u_aes|sb_in_f~563|combout                                   ;
;   12.720 ;   0.000  ;    ; RE   ; 1      ; LABCELL_X35_Y18_N24                       ; ARRIAV_LCELL_COMB                                                                           ;
;   12.809 ;   0.089  ;    ; RE   ; 1      ; LOCAL_LINE_X35_Y18_N0_I8                  ; LOCAL_LINE                                                                                  ;
;   12.913 ;   0.104  ;    ; RE   ; 1      ; BLOCK_INPUT_MUX_X35_Y18_N0_I25            ; LEIM_INPUT                                                                                  ;
;   12.913 ;   0.000  ; RR ; IC   ; 1      ; LABCELL_X35_Y18_N18                       ; u_soc|crypto_accelerator|u_core|u_aes|sb_in_f~565|dataf                                     ;
;   12.990 ;   0.077  ; RR ; CELL ; 1      ; LABCELL_X35_Y18_N18                       ; u_soc|crypto_accelerator|u_core|u_aes|sb_in_f~565|combout                                   ;
;   12.990 ;   0.000  ;    ; RE   ; 1      ; LABCELL_X35_Y18_N18                       ; ARRIAV_LCELL_COMB                                                                           ;
;   13.075 ;   0.085  ;    ; RE   ; 1      ; LE_BUFFER_X35_Y18_N0_I13                  ; LE_BUFFER                                                                                   ;
;   13.182 ;   0.107  ;    ; RE   ; 1      ; LOCAL_INTERCONNECT_X34_Y18_N0_I36         ; LAB_LINE                                                                                    ;
;   13.286 ;   0.104  ;    ; RE   ; 1      ; BLOCK_INPUT_MUX_X34_Y18_N0_I1             ; LEIM_INPUT                                                                                  ;
;   13.287 ;   0.001  ; RR ; IC   ; 1      ; MLABCELL_X34_Y18_N0                       ; u_soc|crypto_accelerator|u_core|u_aes|sb_in_f~567|dataf                                     ;
;   13.364 ;   0.077  ; RR ; CELL ; 1      ; MLABCELL_X34_Y18_N0                       ; u_soc|crypto_accelerator|u_core|u_aes|sb_in_f~567|combout                                   ;
;   13.364 ;   0.000  ;    ; RE   ; 1      ; MLABCELL_X34_Y18_N0                       ; ARRIAV_LCELL_COMB                                                                           ;
;   13.469 ;   0.105  ;    ; RE   ; 1      ; LE_BUFFER_X34_Y18_N0_I1                   ; LE_BUFFER                                                                                   ;
;   13.647 ;   0.178  ;    ; RE   ; 1      ; C2_X33_Y16_N0_I18                         ; V_SEG2                                                                                      ;
;   13.831 ;   0.184  ;    ; RE   ; 1      ; R3_X31_Y17_N0_I20                         ; H_SEG3                                                                                      ;
;   13.970 ;   0.139  ;    ; RE   ; 1      ; LOCAL_INTERCONNECT_X31_Y17_N0_I28         ; LAB_LINE                                                                                    ;
;   14.073 ;   0.103  ;    ; RE   ; 1      ; BLOCK_INPUT_MUX_X31_Y17_N0_I17            ; LEIM_INPUT                                                                                  ;
;   14.072 ;   -0.001 ; RR ; IC   ; 1      ; LABCELL_X31_Y17_N12                       ; u_soc|crypto_accelerator|u_core|u_aes|sb_in_f~569|dataf                                     ;
;   14.150 ;   0.078  ; RR ; CELL ; 1      ; LABCELL_X31_Y17_N12                       ; u_soc|crypto_accelerator|u_core|u_aes|sb_in_f~569|combout                                   ;
;   14.150 ;   0.000  ;    ; RE   ; 1      ; LABCELL_X31_Y17_N12                       ; ARRIAV_LCELL_COMB                                                                           ;
;   14.247 ;   0.097  ;    ; RE   ; 1      ; LOCAL_LINE_X31_Y17_N0_I4                  ; LOCAL_LINE                                                                                  ;
;   14.353 ;   0.106  ;    ; RE   ; 1      ; BLOCK_INPUT_MUX_X31_Y17_N0_I1             ; LEIM_INPUT                                                                                  ;
;   14.353 ;   0.000  ; RR ; IC   ; 1      ; LABCELL_X31_Y17_N0                        ; u_soc|crypto_accelerator|u_core|u_aes|Selector4548~1|dataf                                  ;
;   14.439 ;   0.086  ; RF ; CELL ; 4      ; LABCELL_X31_Y17_N0                        ; u_soc|crypto_accelerator|u_core|u_aes|Selector4548~1|combout                                ;
;   14.439 ;   0.000  ;    ; RE   ; 2      ; LABCELL_X31_Y17_N0                        ; ARRIAV_LCELL_COMB                                                                           ;
;   14.494 ;   0.055  ;    ; RE   ; 1      ; LE_BUFFER_X31_Y17_N0_I0                   ; LE_BUFFER                                                                                   ;
;   14.644 ;   0.150  ;    ; RE   ; 1      ; R6_X26_Y17_N0_I22                         ; H_SEG6                                                                                      ;
;   14.831 ;   0.187  ;    ; RE   ; 1      ; LOCAL_INTERCONNECT_X31_Y17_N0_I35         ; LAB_LINE                                                                                    ;
;   14.942 ;   0.111  ;    ; RE   ; 1      ; BLOCK_INPUT_MUX_X31_Y17_N0_I77            ; LEIM_INPUT                                                                                  ;
;   14.942 ;   0.000  ; FF ; IC   ; 1      ; LABCELL_X31_Y17_N57                       ; u_soc|crypto_accelerator|u_core|u_aes|u_sub_byte_core|gf_in_f[4]~1|datac                    ;
;   15.355 ;   0.413  ; FF ; CELL ; 8      ; LABCELL_X31_Y17_N57                       ; u_soc|crypto_accelerator|u_core|u_aes|u_sub_byte_core|gf_in_f[4]~1|combout                  ;
;   15.355 ;   0.000  ;    ; RE   ; 2      ; LABCELL_X31_Y17_N57                       ; ARRIAV_LCELL_COMB                                                                           ;
;   15.435 ;   0.080  ;    ; RE   ; 2      ; LOCAL_LINE_X31_Y17_N0_I19                 ; LOCAL_LINE                                                                                  ;
;   15.536 ;   0.101  ;    ; RE   ; 1      ; BLOCK_INPUT_MUX_X31_Y17_N0_I35            ; LEIM_INPUT                                                                                  ;
;   15.536 ;   0.000  ; FF ; IC   ; 1      ; LABCELL_X31_Y17_N24                       ; u_soc|crypto_accelerator|u_core|u_aes|u_sub_byte_core|gf_0|dr_xor2~0|datab                  ;
;   15.993 ;   0.457  ; FF ; CELL ; 3      ; LABCELL_X31_Y17_N24                       ; u_soc|crypto_accelerator|u_core|u_aes|u_sub_byte_core|gf_0|dr_xor2~0|combout                ;
;   15.993 ;   0.000  ;    ; RE   ; 2      ; LABCELL_X31_Y17_N24                       ; ARRIAV_LCELL_COMB                                                                           ;
;   16.071 ;   0.078  ;    ; RE   ; 1      ; LOCAL_LINE_X31_Y17_N0_I8                  ; LOCAL_LINE                                                                                  ;
;   16.167 ;   0.096  ;    ; RE   ; 2      ; BLOCK_INPUT_MUX_X31_Y17_N0_I50            ; LEIM_INPUT                                                                                  ;
;   16.166 ;   -0.001 ; FF ; IC   ; 1      ; LABCELL_X31_Y17_N39                       ; u_soc|crypto_accelerator|u_core|u_aes|u_sub_byte_core|gf_0|al_sq_f[1]~0|dataa               ;
;   16.648 ;   0.482  ; FF ; CELL ; 19     ; LABCELL_X31_Y17_N39                       ; u_soc|crypto_accelerator|u_core|u_aes|u_sub_byte_core|gf_0|al_sq_f[1]~0|combout             ;
;   16.648 ;   0.000  ;    ; RE   ; 2      ; LABCELL_X31_Y17_N39                       ; ARRIAV_LCELL_COMB                                                                           ;
;   16.722 ;   0.074  ;    ; RE   ; 2      ; LE_BUFFER_X31_Y17_N0_I27                  ; LE_BUFFER                                                                                   ;
;   16.907 ;   0.185  ;    ; RE   ; 2      ; C2_X30_Y15_N0_I14                         ; V_SEG2                                                                                      ;
;   17.083 ;   0.176  ;    ; RE   ; 2      ; LOCAL_INTERCONNECT_X31_Y15_N0_I12         ; LAB_LINE                                                                                    ;
;   17.174 ;   0.091  ;    ; RE   ; 2      ; BLOCK_INPUT_MUX_X31_Y15_N0_I18            ; LEIM_INPUT                                                                                  ;
;   17.174 ;   0.000  ; FF ; IC   ; 1      ; LABCELL_X31_Y15_N15                       ; u_soc|crypto_accelerator|u_core|u_aes|u_sub_byte_core|gf_0|dr_xor2~10|dataa                 ;
;   17.633 ;   0.459  ; FF ; CELL ; 1      ; LABCELL_X31_Y15_N15                       ; u_soc|crypto_accelerator|u_core|u_aes|u_sub_byte_core|gf_0|dr_xor2~10|combout               ;
;   17.633 ;   0.000  ;    ; RE   ; 1      ; LABCELL_X31_Y15_N15                       ; ARRIAV_LCELL_COMB                                                                           ;
;   17.718 ;   0.085  ;    ; RE   ; 1      ; LOCAL_LINE_X31_Y15_N0_I5                  ; LOCAL_LINE                                                                                  ;
;   17.832 ;   0.114  ;    ; RE   ; 1      ; BLOCK_INPUT_MUX_X31_Y15_N0_I49            ; LEIM_INPUT                                                                                  ;
;   17.832 ;   0.000  ; FF ; IC   ; 1      ; LABCELL_X31_Y15_N36                       ; u_soc|crypto_accelerator|u_core|u_aes|u_sub_byte_core|gf_0|dr_xor2~11|dataf                 ;
;   17.914 ;   0.082  ; FR ; CELL ; 2      ; LABCELL_X31_Y15_N36                       ; u_soc|crypto_accelerator|u_core|u_aes|u_sub_byte_core|gf_0|dr_xor2~11|combout               ;
;   17.914 ;   0.000  ;    ; RE   ; 1      ; LABCELL_X31_Y15_N36                       ; ARRIAV_LCELL_COMB                                                                           ;
;   18.043 ;   0.129  ;    ; RE   ; 2      ; LOCAL_LINE_X31_Y15_N0_I12                 ; LOCAL_LINE                                                                                  ;
;   18.163 ;   0.120  ;    ; RE   ; 1      ; BLOCK_INPUT_MUX_X31_Y15_N0_I0             ; LEIM_INPUT                                                                                  ;
;   18.163 ;   0.000  ; RR ; IC   ; 1      ; LABCELL_X31_Y15_N0                        ; u_soc|crypto_accelerator|u_core|u_aes|u_sub_byte_core|gf_0|dr_xor2~13|datad                 ;
;   18.467 ;   0.304  ; RF ; CELL ; 4      ; LABCELL_X31_Y15_N0                        ; u_soc|crypto_accelerator|u_core|u_aes|u_sub_byte_core|gf_0|dr_xor2~13|combout               ;
;   18.467 ;   0.000  ;    ; RE   ; 3      ; LABCELL_X31_Y15_N0                        ; ARRIAV_LCELL_COMB                                                                           ;
;   18.524 ;   0.057  ;    ; RE   ; 1      ; LE_BUFFER_X31_Y15_N0_I0                   ; LE_BUFFER                                                                                   ;
;   18.677 ;   0.153  ;    ; RE   ; 2      ; R6_X26_Y15_N0_I22                         ; H_SEG6                                                                                      ;
;   18.886 ;   0.209  ;    ; RE   ; 1      ; LOCAL_INTERCONNECT_X31_Y15_N0_I35         ; LAB_LINE                                                                                    ;
;   19.004 ;   0.118  ;    ; RE   ; 1      ; BLOCK_INPUT_MUX_X31_Y15_N0_I73            ; LEIM_INPUT                                                                                  ;
;   19.003 ;   -0.001 ; FF ; IC   ; 1      ; LABCELL_X31_Y15_N54                       ; u_soc|crypto_accelerator|u_core|u_aes|u_sub_byte_core|gf_0|ah_mul_al_t[1]~1|dataf           ;
;   19.079 ;   0.076  ; FF ; CELL ; 2      ; LABCELL_X31_Y15_N54                       ; u_soc|crypto_accelerator|u_core|u_aes|u_sub_byte_core|gf_0|ah_mul_al_t[1]~1|combout         ;
;   19.079 ;   0.000  ;    ; RE   ; 2      ; LABCELL_X31_Y15_N54                       ; ARRIAV_LCELL_COMB                                                                           ;
;   19.160 ;   0.081  ;    ; RE   ; 1      ; LOCAL_LINE_X31_Y15_N0_I18                 ; LOCAL_LINE                                                                                  ;
;   19.283 ;   0.123  ;    ; RE   ; 1      ; BLOCK_INPUT_MUX_X31_Y15_N0_I46            ; LEIM_INPUT                                                                                  ;
;   19.283 ;   0.000  ; FF ; IC   ; 1      ; LABCELL_X31_Y15_N33                       ; u_soc|crypto_accelerator|u_core|u_aes|u_sub_byte_core|gf_0|dr_xor2~27|datae                 ;
;   19.539 ;   0.256  ; FF ; CELL ; 6      ; LABCELL_X31_Y15_N33                       ; u_soc|crypto_accelerator|u_core|u_aes|u_sub_byte_core|gf_0|dr_xor2~27|combout               ;
;   19.539 ;   0.000  ;    ; RE   ; 2      ; LABCELL_X31_Y15_N33                       ; ARRIAV_LCELL_COMB                                                                           ;
;   19.609 ;   0.070  ;    ; RE   ; 1      ; LE_BUFFER_X31_Y15_N0_I23                  ; LE_BUFFER                                                                                   ;
;   19.762 ;   0.153  ;    ; RE   ; 1      ; R6_X31_Y15_N0_I16                         ; H_SEG6                                                                                      ;
;   19.930 ;   0.168  ;    ; RE   ; 1      ; LOCAL_INTERCONNECT_X31_Y15_N0_I16         ; LAB_LINE                                                                                    ;
;   20.032 ;   0.102  ;    ; RE   ; 1      ; BLOCK_INPUT_MUX_X31_Y15_N0_I54            ; LEIM_INPUT                                                                                  ;
;   20.031 ;   -0.001 ; FF ; IC   ; 1      ; LABCELL_X31_Y15_N39                       ; u_soc|crypto_accelerator|u_core|u_aes|u_sub_byte_core|gf_0|d_f[1]|datad                     ;
;   20.335 ;   0.304  ; FF ; CELL ; 17     ; LABCELL_X31_Y15_N39                       ; u_soc|crypto_accelerator|u_core|u_aes|u_sub_byte_core|gf_0|d_f[1]|combout                   ;
;   20.335 ;   0.000  ;    ; RE   ; 2      ; LABCELL_X31_Y15_N39                       ; ARRIAV_LCELL_COMB                                                                           ;
;   20.419 ;   0.084  ;    ; RE   ; 5      ; LE_BUFFER_X31_Y15_N0_I26                  ; LE_BUFFER                                                                                   ;
;   20.588 ;   0.169  ;    ; RE   ; 1      ; C2_X31_Y16_N0_I10                         ; V_SEG2                                                                                      ;
;   20.788 ;   0.200  ;    ; RE   ; 2      ; R3_X29_Y16_N0_I14                         ; H_SEG3                                                                                      ;
;   20.928 ;   0.140  ;    ; RE   ; 1      ; LOCAL_INTERCONNECT_X29_Y16_N0_I2          ; LAB_LINE                                                                                    ;
;   21.029 ;   0.101  ;    ; RE   ; 1      ; BLOCK_INPUT_MUX_X29_Y16_N0_I30            ; LEIM_INPUT                                                                                  ;
;   21.028 ;   -0.001 ; FF ; IC   ; 1      ; LABCELL_X29_Y16_N21                       ; u_soc|crypto_accelerator|u_core|u_aes|u_sub_byte_core|gf_0|d_inv_t[3]~6|datae               ;
;   21.284 ;   0.256  ; FF ; CELL ; 3      ; LABCELL_X29_Y16_N21                       ; u_soc|crypto_accelerator|u_core|u_aes|u_sub_byte_core|gf_0|d_inv_t[3]~6|combout             ;
;   21.284 ;   0.000  ;    ; RE   ; 2      ; LABCELL_X29_Y16_N21                       ; ARRIAV_LCELL_COMB                                                                           ;
;   21.360 ;   0.076  ;    ; RE   ; 2      ; LOCAL_LINE_X29_Y16_N0_I7                  ; LOCAL_LINE                                                                                  ;
;   21.483 ;   0.123  ;    ; RE   ; 1      ; BLOCK_INPUT_MUX_X29_Y16_N0_I8             ; LEIM_INPUT                                                                                  ;
;   21.483 ;   0.000  ; FF ; IC   ; 1      ; LABCELL_X29_Y16_N6                        ; u_soc|crypto_accelerator|u_core|u_aes|u_sub_byte_core|gf_0|d_inv_t[3]~7|datad               ;
;   21.786 ;   0.303  ; FR ; CELL ; 8      ; LABCELL_X29_Y16_N6                        ; u_soc|crypto_accelerator|u_core|u_aes|u_sub_byte_core|gf_0|d_inv_t[3]~7|combout             ;
;   21.786 ;   0.000  ;    ; RE   ; 2      ; LABCELL_X29_Y16_N6                        ; ARRIAV_LCELL_COMB                                                                           ;
;   21.885 ;   0.099  ;    ; RE   ; 3      ; LE_BUFFER_X29_Y16_N0_I5                   ; LE_BUFFER                                                                                   ;
;   22.071 ;   0.186  ;    ; RE   ; 1      ; C4_X28_Y12_N0_I5                          ; V_SEG4                                                                                      ;
;   22.236 ;   0.165  ;    ; RE   ; 2      ; LOCAL_INTERCONNECT_X28_Y14_N0_I32         ; LAB_LINE                                                                                    ;
;   22.353 ;   0.117  ;    ; RE   ; 1      ; BLOCK_INPUT_MUX_X28_Y14_N0_I52            ; LEIM_INPUT                                                                                  ;
;   22.353 ;   0.000  ; RR ; IC   ; 1      ; MLABCELL_X28_Y14_N39                      ; u_soc|crypto_accelerator|u_core|u_aes|u_sub_byte_core|gf_0|dr_xor2~62|datad                 ;
;   22.723 ;   0.370  ; RR ; CELL ; 3      ; MLABCELL_X28_Y14_N39                      ; u_soc|crypto_accelerator|u_core|u_aes|u_sub_byte_core|gf_0|dr_xor2~62|combout               ;
;   22.723 ;   0.000  ;    ; RE   ; 1      ; MLABCELL_X28_Y14_N39                      ; ARRIAV_LCELL_COMB                                                                           ;
;   22.832 ;   0.109  ;    ; RE   ; 3      ; LOCAL_LINE_X28_Y14_N0_I13                 ; LOCAL_LINE                                                                                  ;
;   22.945 ;   0.113  ;    ; RE   ; 1      ; BLOCK_INPUT_MUX_X28_Y14_N0_I45            ; LEIM_INPUT                                                                                  ;
;   22.944 ;   -0.001 ; RR ; IC   ; 1      ; MLABCELL_X28_Y14_N33                      ; u_soc|crypto_accelerator|u_core|u_aes|u_sub_byte_core|gf_0|dr_xor2~63|datac                 ;
;   23.300 ;   0.356  ; RR ; CELL ; 3      ; MLABCELL_X28_Y14_N33                      ; u_soc|crypto_accelerator|u_core|u_aes|u_sub_byte_core|gf_0|dr_xor2~63|combout               ;
;   23.300 ;   0.000  ;    ; RE   ; 1      ; MLABCELL_X28_Y14_N33                      ; ARRIAV_LCELL_COMB                                                                           ;
;   23.409 ;   0.109  ;    ; RE   ; 2      ; LOCAL_LINE_X28_Y14_N0_I11                 ; LOCAL_LINE                                                                                  ;
;   23.530 ;   0.121  ;    ; RE   ; 1      ; BLOCK_INPUT_MUX_X28_Y14_N0_I68            ; LEIM_INPUT                                                                                  ;
;   23.530 ;   0.000  ; RR ; IC   ; 1      ; MLABCELL_X28_Y14_N48                      ; u_soc|crypto_accelerator|u_core|u_aes|u_sub_byte_core|gf_0|ah_out_f[0]~2|datac              ;
;   23.878 ;   0.348  ; RR ; CELL ; 6      ; MLABCELL_X28_Y14_N48                      ; u_soc|crypto_accelerator|u_core|u_aes|u_sub_byte_core|gf_0|ah_out_f[0]~2|combout            ;
;   23.878 ;   0.000  ;    ; RE   ; 1      ; MLABCELL_X28_Y14_N48                      ; ARRIAV_LCELL_COMB                                                                           ;
;   23.958 ;   0.080  ;    ; RE   ; 2      ; LE_BUFFER_X28_Y14_N0_I32                  ; LE_BUFFER                                                                                   ;
;   24.104 ;   0.146  ;    ; RE   ; 1      ; C2_X28_Y15_N0_I4                          ; V_SEG2                                                                                      ;
;   24.238 ;   0.134  ;    ; RE   ; 1      ; R3_X26_Y16_N0_I20                         ; H_SEG3                                                                                      ;
;   24.364 ;   0.126  ;    ; RE   ; 2      ; LOCAL_INTERCONNECT_X28_Y16_N0_I28         ; LAB_LINE                                                                                    ;
;   24.478 ;   0.114  ;    ; RE   ; 2      ; BLOCK_INPUT_MUX_X28_Y16_N0_I60            ; LEIM_INPUT                                                                                  ;
;   24.477 ;   -0.001 ; RR ; IC   ; 1      ; MLABCELL_X28_Y16_N45                      ; u_soc|crypto_accelerator|u_core|u_aes|u_sub_byte_core|gf_0|data_out_f[5]~5|datad            ;
;   24.913 ;   0.436  ; RF ; CELL ; 5      ; MLABCELL_X28_Y16_N45                      ; u_soc|crypto_accelerator|u_core|u_aes|u_sub_byte_core|gf_0|data_out_f[5]~5|combout          ;
;   24.913 ;   0.000  ;    ; RE   ; 2      ; MLABCELL_X28_Y16_N45                      ; ARRIAV_LCELL_COMB                                                                           ;
;   24.969 ;   0.056  ;    ; RE   ; 1      ; LE_BUFFER_X28_Y16_N0_I30                  ; LE_BUFFER                                                                                   ;
;   25.117 ;   0.148  ;    ; RE   ; 1      ; C2_X28_Y14_N0_I15                         ; V_SEG2                                                                                      ;
;   25.292 ;   0.175  ;    ; RE   ; 1      ; R3_X26_Y15_N0_I13                         ; H_SEG3                                                                                      ;
;   25.478 ;   0.186  ;    ; RE   ; 1      ; LOCAL_INTERCONNECT_X27_Y15_N0_I19         ; LAB_LINE                                                                                    ;
;   25.597 ;   0.119  ;    ; RE   ; 1      ; BLOCK_INPUT_MUX_X27_Y15_N0_I53            ; LEIM_INPUT                                                                                  ;
;   25.597 ;   0.000  ; FF ; IC   ; 1      ; LABCELL_X27_Y15_N39                       ; u_soc|crypto_accelerator|u_core|u_aes|u_sub_byte_core|aff_trans_0|aff_trans_out_f~0|datac   ;
;   26.005 ;   0.408  ; FF ; CELL ; 5      ; LABCELL_X27_Y15_N39                       ; u_soc|crypto_accelerator|u_core|u_aes|u_sub_byte_core|aff_trans_0|aff_trans_out_f~0|combout ;
;   26.005 ;   0.000  ;    ; RE   ; 1      ; LABCELL_X27_Y15_N39                       ; ARRIAV_LCELL_COMB                                                                           ;
;   26.087 ;   0.082  ;    ; RE   ; 3      ; LE_BUFFER_X27_Y15_N0_I27                  ; LE_BUFFER                                                                                   ;
;   26.271 ;   0.184  ;    ; RE   ; 1      ; C4_X26_Y16_N0_I0                          ; V_SEG4                                                                                      ;
;   26.483 ;   0.212  ;    ; RE   ; 1      ; LOCAL_INTERCONNECT_X27_Y16_N0_I12         ; LAB_LINE                                                                                    ;
;   26.598 ;   0.115  ;    ; RE   ; 1      ; BLOCK_INPUT_MUX_X27_Y16_N0_I28            ; LEIM_INPUT                                                                                  ;
;   26.597 ;   -0.001 ; FF ; IC   ; 1      ; LABCELL_X27_Y16_N18                       ; u_soc|crypto_accelerator|u_core|u_aes|u_sub_byte_core|data_out_f[7]~7|datac                 ;
;   27.011 ;   0.414  ; FF ; CELL ; 20     ; LABCELL_X27_Y16_N18                       ; u_soc|crypto_accelerator|u_core|u_aes|u_sub_byte_core|data_out_f[7]~7|combout               ;
;   27.011 ;   0.000  ;    ; RE   ; 2      ; LABCELL_X27_Y16_N18                       ; ARRIAV_LCELL_COMB                                                                           ;
;   27.106 ;   0.095  ;    ; RE   ; 5      ; LE_BUFFER_X27_Y16_N0_I12                  ; LE_BUFFER                                                                                   ;
;   27.333 ;   0.227  ;    ; RE   ; 2      ; C2_X27_Y14_N0_I12                         ; V_SEG2                                                                                      ;
;   27.562 ;   0.229  ;    ; RE   ; 3      ; C2_X27_Y12_N0_I12                         ; V_SEG2                                                                                      ;
;   27.783 ;   0.221  ;    ; RE   ; 1      ; R6_X28_Y13_N0_I17                         ; H_SEG6                                                                                      ;
;   27.992 ;   0.209  ;    ; RE   ; 1      ; R3_X28_Y13_N0_I7                          ; H_SEG3                                                                                      ;
;   28.143 ;   0.151  ;    ; RE   ; 1      ; LOCAL_INTERCONNECT_X28_Y13_N0_I42         ; LAB_LINE                                                                                    ;
;   28.261 ;   0.118  ;    ; RE   ; 1      ; BLOCK_INPUT_MUX_X28_Y13_N0_I70            ; LEIM_INPUT                                                                                  ;
;   28.262 ;   0.001  ; FF ; IC   ; 1      ; FF_X28_Y13_N53                            ; u_soc|crypto_accelerator|u_core|u_aes|buf_a_f[5][7]|asdata                                  ;
;   28.777 ;   0.515  ; FF ; CELL ; 1      ; FF_X28_Y13_N53                            ; soc:u_soc|axi_slave_top:crypto_accelerator|axi_slave_core:u_core|aes:u_aes|buf_a_f[5][7]    ;
+----------+----------+----+------+--------+-------------------------------------------+---------------------------------------------------------------------------------------------+

+----------------------------------------------------------------------------------------------------------------------------------------------------+
; Data Required Path                                                                                                                                 ;
+---------+---------+----+------+--------+----------------+------------------------------------------------------------------------------------------+
; Total   ; Incr    ; RF ; Type ; Fanout ; Location       ; Element                                                                                  ;
+---------+---------+----+------+--------+----------------+------------------------------------------------------------------------------------------+
; 1.000   ; 1.000   ;    ;      ;        ;                ; latch edge time                                                                          ;
; 4.636   ; 3.636   ;    ;      ;        ;                ; clock path                                                                               ;
;   4.580 ;   3.580 ; R  ;      ;        ;                ; clock network delay                                                                      ;
;   4.636 ;   0.056 ;    ;      ;        ;                ; clock pessimism removed                                                                  ;
; 4.466   ; -0.170  ;    ;      ;        ;                ; clock uncertainty                                                                        ;
; 4.466   ; 0.000   ;    ; uTsu ; 1      ; FF_X28_Y13_N53 ; soc:u_soc|axi_slave_top:crypto_accelerator|axi_slave_core:u_core|aes:u_aes|buf_a_f[5][7] ;
+---------+---------+----+------+--------+----------------+------------------------------------------------------------------------------------------+

----------------------------
; Extra Fitter Information ;
----------------------------
HTML report is unavailable in plain text report export.


Path #17: Setup slack is -24.310 (VIOLATED)
===============================================================================
+---------------------------------------------------------------------------------------------------------------+
; Path Summary                                                                                                  ;
+--------------------+------------------------------------------------------------------------------------------+
; Property           ; Value                                                                                    ;
+--------------------+------------------------------------------------------------------------------------------+
; From Node          ; soc:u_soc|axi_slave_top:crypto_accelerator|axi_slave_core:u_core|aes:u_aes|kexp_i[1]     ;
; To Node            ; soc:u_soc|axi_slave_top:crypto_accelerator|axi_slave_core:u_core|aes:u_aes|buf_a_f[5][7] ;
; Launch Clock       ; CLOCK_50                                                                                 ;
; Latch Clock        ; CLOCK_50                                                                                 ;
; Data Arrival Time  ; 28.776                                                                                   ;
; Data Required Time ; 4.466                                                                                    ;
; Slack              ; -24.310 (VIOLATED)                                                                       ;
+--------------------+------------------------------------------------------------------------------------------+

+----------------------------------------------------------------------------------------+
; Statistics                                                                             ;
+---------------------------+--------+-------+-------------+------------+--------+-------+
; Property                  ; Value  ; Count ; Total Delay ; % of Total ; Min    ; Max   ;
+---------------------------+--------+-------+-------------+------------+--------+-------+
; Setup Relationship        ; 1.000  ;       ;             ;            ;        ;       ;
; Clock Skew                ; -0.423 ;       ;             ;            ;        ;       ;
; Data Delay                ; 24.717 ;       ;             ;            ;        ;       ;
; Number of Logic Levels    ;        ; 33    ;             ;            ;        ;       ;
; Physical Delays           ;        ;       ;             ;            ;        ;       ;
;  Arrival Path             ;        ;       ;             ;            ;        ;       ;
;   Clock                   ;        ;       ;             ;            ;        ;       ;
;    Clock Network (Lumped) ;        ; 1     ; 4.059       ; 100        ; 4.059  ; 4.059 ;
;   Data                    ;        ;       ;             ;            ;        ;       ;
;    IC                     ;        ; 34    ; -0.003      ; 0          ; -0.001 ; 0.001 ;
;    Cell                   ;        ; 35    ; 7.677       ; 31         ; 0.000  ; 0.515 ;
;    uTco                   ;        ; 1     ; 0.000       ; 0          ; 0.000  ; 0.000 ;
;    Routing Element        ;        ; 156   ; 17.043      ; 69         ; 0.000  ; 0.401 ;
;  Required Path            ;        ;       ;             ;            ;        ;       ;
;   Clock                   ;        ;       ;             ;            ;        ;       ;
;    Clock Network (Lumped) ;        ; 1     ; 3.580       ; 100        ; 3.580  ; 3.580 ;
+---------------------------+--------+-------+-------------+------------+--------+-------+
Note: Negative delays are omitted from totals when calculating percentages

+------------------------------------------------------------------------------------------------------------------------------------------------------------------------------------+
; Data Arrival Path                                                                                                                                                                  ;
+----------+----------+----+------+--------+-------------------------------------------+---------------------------------------------------------------------------------------------+
; Total    ; Incr     ; RF ; Type ; Fanout ; Location                                  ; Element                                                                                     ;
+----------+----------+----+------+--------+-------------------------------------------+---------------------------------------------------------------------------------------------+
; 0.000    ; 0.000    ;    ;      ;        ;                                           ; launch edge time                                                                            ;
; 4.059    ; 4.059    ;    ;      ;        ;                                           ; clock path                                                                                  ;
;   4.059  ;   4.059  ; R  ;      ;        ;                                           ; clock network delay                                                                         ;
; 28.776   ; 24.717   ;    ;      ;        ;                                           ; data path                                                                                   ;
;   4.059  ;   0.000  ;    ; uTco ; 1      ; FF_X30_Y23_N2                             ; soc:u_soc|axi_slave_top:crypto_accelerator|axi_slave_core:u_core|aes:u_aes|kexp_i[1]        ;
;   4.059  ;   0.000  ; FF ; CELL ; 239    ; FF_X30_Y23_N2                             ; u_soc|crypto_accelerator|u_core|u_aes|kexp_i[1]|q                                           ;
;   4.109  ;   0.050  ;    ; RE   ; 3      ; FF_X30_Y23_N2                             ; ARRIAV_FF                                                                                   ;
;   4.197  ;   0.088  ;    ; RE   ; 5      ; LE_BUFFER_X30_Y23_N0_I1                   ; LE_BUFFER                                                                                   ;
;   4.598  ;   0.401  ;    ; RE   ; 8      ; R6_X30_Y23_N0_I11                         ; H_SEG6                                                                                      ;
;   4.941  ;   0.343  ;    ; RE   ; 3      ; R6_X35_Y23_N0_I10                         ; H_SEG6                                                                                      ;
;   5.177  ;   0.236  ;    ; RE   ; 2      ; LOCAL_INTERCONNECT_X36_Y23_N0_I1          ; LAB_LINE                                                                                    ;
;   5.299  ;   0.122  ;    ; RE   ; 1      ; BLOCK_INPUT_MUX_X36_Y23_N0_I64            ; LEIM_INPUT                                                                                  ;
;   5.299  ;   0.000  ; FF ; IC   ; 1      ; LABCELL_X36_Y23_N48                       ; u_soc|crypto_accelerator|u_core|u_aes|sb_in_f~20|datad                                      ;
;   5.587  ;   0.288  ; FF ; CELL ; 3      ; LABCELL_X36_Y23_N48                       ; u_soc|crypto_accelerator|u_core|u_aes|sb_in_f~20|combout                                    ;
;   5.587  ;   0.000  ;    ; RE   ; 2      ; LABCELL_X36_Y23_N48                       ; ARRIAV_LCELL_COMB                                                                           ;
;   5.664  ;   0.077  ;    ; RE   ; 1      ; LOCAL_LINE_X36_Y23_N0_I16                 ; LOCAL_LINE                                                                                  ;
;   5.785  ;   0.121  ;    ; RE   ; 1      ; BLOCK_INPUT_MUX_X36_Y23_N0_I28            ; LEIM_INPUT                                                                                  ;
;   5.785  ;   0.000  ; FF ; IC   ; 1      ; LABCELL_X36_Y23_N18                       ; u_soc|crypto_accelerator|u_core|u_aes|sb_in_f~22|datac                                      ;
;   6.202  ;   0.417  ; FF ; CELL ; 48     ; LABCELL_X36_Y23_N18                       ; u_soc|crypto_accelerator|u_core|u_aes|sb_in_f~22|combout                                    ;
;   6.202  ;   0.000  ;    ; RE   ; 2      ; LABCELL_X36_Y23_N18                       ; ARRIAV_LCELL_COMB                                                                           ;
;   6.299  ;   0.097  ;    ; RE   ; 2      ; LE_BUFFER_X36_Y23_N0_I13                  ; LE_BUFFER                                                                                   ;
;   6.497  ;   0.198  ;    ; RE   ; 2      ; R3_X36_Y23_N0_I1                          ; H_SEG3                                                                                      ;
;   6.497  ;   0.000  ;    ; RE   ; 2      ; R14_C12_INTERCONNECT_DRIVER_X36_Y23_N0_I1 ; WIRE_MUX                                                                                    ;
;   6.740  ;   0.243  ;    ; RE   ; 2      ; R14_X23_Y23_N0_I1                         ; H_SEG14                                                                                     ;
;   6.966  ;   0.226  ;    ; RE   ; 1      ; C2_X22_Y21_N0_I15                         ; V_SEG2                                                                                      ;
;   7.290  ;   0.324  ;    ; RE   ; 1      ; R6_X17_Y21_N0_I26                         ; H_SEG6                                                                                      ;
;   7.504  ;   0.214  ;    ; RE   ; 3      ; LOCAL_INTERCONNECT_X19_Y21_N0_I12         ; LAB_LINE                                                                                    ;
;   7.618  ;   0.114  ;    ; RE   ; 1      ; BLOCK_INPUT_MUX_X19_Y21_N0_I71            ; LEIM_INPUT                                                                                  ;
;   7.618  ;   0.000  ; FF ; IC   ; 1      ; LABCELL_X19_Y21_N51                       ; u_soc|crypto_accelerator|u_core|u_aes|sb_in_f~545|dataf                                     ;
;   7.689  ;   0.071  ; FF ; CELL ; 1      ; LABCELL_X19_Y21_N51                       ; u_soc|crypto_accelerator|u_core|u_aes|sb_in_f~545|combout                                   ;
;   7.689  ;   0.000  ;    ; RE   ; 1      ; LABCELL_X19_Y21_N51                       ; ARRIAV_LCELL_COMB                                                                           ;
;   7.745  ;   0.056  ;    ; RE   ; 1      ; LE_BUFFER_X19_Y21_N0_I34                  ; LE_BUFFER                                                                                   ;
;   7.885  ;   0.140  ;    ; RE   ; 1      ; R3_X17_Y21_N0_I21                         ; H_SEG3                                                                                      ;
;   7.885  ;   0.000  ;    ; RE   ; 1      ; R14_C12_INTERCONNECT_DRIVER_X19_Y21_N0_I2 ; WIRE_MUX                                                                                    ;
;   8.123  ;   0.238  ;    ; RE   ; 1      ; R14_X20_Y21_N0_I0                         ; H_SEG14                                                                                     ;
;   8.332  ;   0.209  ;    ; RE   ; 1      ; C2_X30_Y22_N0_I7                          ; V_SEG2                                                                                      ;
;   8.509  ;   0.177  ;    ; RE   ; 1      ; R6_X31_Y22_N0_I16                         ; H_SEG6                                                                                      ;
;   8.677  ;   0.168  ;    ; RE   ; 1      ; LOCAL_INTERCONNECT_X31_Y22_N0_I16         ; LAB_LINE                                                                                    ;
;   8.784  ;   0.107  ;    ; RE   ; 1      ; BLOCK_INPUT_MUX_X31_Y22_N0_I56            ; LEIM_INPUT                                                                                  ;
;   8.784  ;   0.000  ; FF ; IC   ; 1      ; LABCELL_X31_Y22_N42                       ; u_soc|crypto_accelerator|u_core|u_aes|sb_in_f~761|datad                                     ;
;   9.086  ;   0.302  ; FR ; CELL ; 1      ; LABCELL_X31_Y22_N42                       ; u_soc|crypto_accelerator|u_core|u_aes|sb_in_f~761|combout                                   ;
;   9.086  ;   0.000  ;    ; RE   ; 1      ; LABCELL_X31_Y22_N42                       ; ARRIAV_LCELL_COMB                                                                           ;
;   9.174  ;   0.088  ;    ; RE   ; 1      ; LOCAL_LINE_X31_Y22_N0_I14                 ; LOCAL_LINE                                                                                  ;
;   9.279  ;   0.105  ;    ; RE   ; 1      ; BLOCK_INPUT_MUX_X31_Y22_N0_I65            ; LEIM_INPUT                                                                                  ;
;   9.279  ;   0.000  ; RR ; IC   ; 1      ; LABCELL_X31_Y22_N48                       ; u_soc|crypto_accelerator|u_core|u_aes|sb_in_f~546|dataf                                     ;
;   9.357  ;   0.078  ; RR ; CELL ; 1      ; LABCELL_X31_Y22_N48                       ; u_soc|crypto_accelerator|u_core|u_aes|sb_in_f~546|combout                                   ;
;   9.357  ;   0.000  ;    ; RE   ; 1      ; LABCELL_X31_Y22_N48                       ; ARRIAV_LCELL_COMB                                                                           ;
;   9.457  ;   0.100  ;    ; RE   ; 1      ; LOCAL_LINE_X31_Y22_N0_I16                 ; LOCAL_LINE                                                                                  ;
;   9.564  ;   0.107  ;    ; RE   ; 1      ; BLOCK_INPUT_MUX_X31_Y22_N0_I17            ; LEIM_INPUT                                                                                  ;
;   9.564  ;   0.000  ; RR ; IC   ; 1      ; LABCELL_X31_Y22_N12                       ; u_soc|crypto_accelerator|u_core|u_aes|sb_in_f~548|dataf                                     ;
;   9.648  ;   0.084  ; RF ; CELL ; 1      ; LABCELL_X31_Y22_N12                       ; u_soc|crypto_accelerator|u_core|u_aes|sb_in_f~548|combout                                   ;
;   9.648  ;   0.000  ;    ; RE   ; 1      ; LABCELL_X31_Y22_N12                       ; ARRIAV_LCELL_COMB                                                                           ;
;   9.730  ;   0.082  ;    ; RE   ; 1      ; LOCAL_LINE_X31_Y22_N0_I4                  ; LOCAL_LINE                                                                                  ;
;   9.855  ;   0.125  ;    ; RE   ; 1      ; BLOCK_INPUT_MUX_X31_Y22_N0_I55            ; LEIM_INPUT                                                                                  ;
;   9.855  ;   0.000  ; FF ; IC   ; 1      ; LABCELL_X31_Y22_N39                       ; u_soc|crypto_accelerator|u_core|u_aes|sb_in_f~550|dataf                                     ;
;   9.926  ;   0.071  ; FF ; CELL ; 1      ; LABCELL_X31_Y22_N39                       ; u_soc|crypto_accelerator|u_core|u_aes|sb_in_f~550|combout                                   ;
;   9.926  ;   0.000  ;    ; RE   ; 1      ; LABCELL_X31_Y22_N39                       ; ARRIAV_LCELL_COMB                                                                           ;
;   9.995  ;   0.069  ;    ; RE   ; 1      ; LE_BUFFER_X31_Y22_N0_I27                  ; LE_BUFFER                                                                                   ;
;   10.173 ;   0.178  ;    ; RE   ; 1      ; C2_X30_Y20_N0_I14                         ; V_SEG2                                                                                      ;
;   10.381 ;   0.208  ;    ; RE   ; 1      ; C2_X30_Y18_N0_I14                         ; V_SEG2                                                                                      ;
;   10.747 ;   0.366  ;    ; RE   ; 1      ; R6_X31_Y18_N0_I5                          ; H_SEG6                                                                                      ;
;   10.991 ;   0.244  ;    ; RE   ; 1      ; LOCAL_INTERCONNECT_X36_Y18_N0_I39         ; LAB_LINE                                                                                    ;
;   11.107 ;   0.116  ;    ; RE   ; 1      ; BLOCK_INPUT_MUX_X36_Y18_N0_I9             ; LEIM_INPUT                                                                                  ;
;   11.107 ;   0.000  ; FF ; IC   ; 1      ; LABCELL_X36_Y18_N6                        ; u_soc|crypto_accelerator|u_core|u_aes|sb_in_f~553|dataf                                     ;
;   11.189 ;   0.082  ; FR ; CELL ; 1      ; LABCELL_X36_Y18_N6                        ; u_soc|crypto_accelerator|u_core|u_aes|sb_in_f~553|combout                                   ;
;   11.189 ;   0.000  ;    ; RE   ; 1      ; LABCELL_X36_Y18_N6                        ; ARRIAV_LCELL_COMB                                                                           ;
;   11.292 ;   0.103  ;    ; RE   ; 1      ; LOCAL_LINE_X36_Y18_N0_I2                  ; LOCAL_LINE                                                                                  ;
;   11.399 ;   0.107  ;    ; RE   ; 1      ; BLOCK_INPUT_MUX_X36_Y18_N0_I65            ; LEIM_INPUT                                                                                  ;
;   11.399 ;   0.000  ; RR ; IC   ; 1      ; LABCELL_X36_Y18_N48                       ; u_soc|crypto_accelerator|u_core|u_aes|sb_in_f~555|dataf                                     ;
;   11.477 ;   0.078  ; RR ; CELL ; 1      ; LABCELL_X36_Y18_N48                       ; u_soc|crypto_accelerator|u_core|u_aes|sb_in_f~555|combout                                   ;
;   11.477 ;   0.000  ;    ; RE   ; 1      ; LABCELL_X36_Y18_N48                       ; ARRIAV_LCELL_COMB                                                                           ;
;   11.570 ;   0.093  ;    ; RE   ; 1      ; LOCAL_LINE_X36_Y18_N0_I16                 ; LOCAL_LINE                                                                                  ;
;   11.675 ;   0.105  ;    ; RE   ; 1      ; BLOCK_INPUT_MUX_X36_Y18_N0_I41            ; LEIM_INPUT                                                                                  ;
;   11.675 ;   0.000  ; RR ; IC   ; 1      ; LABCELL_X36_Y18_N30                       ; u_soc|crypto_accelerator|u_core|u_aes|sb_in_f~557|dataf                                     ;
;   11.753 ;   0.078  ; RR ; CELL ; 1      ; LABCELL_X36_Y18_N30                       ; u_soc|crypto_accelerator|u_core|u_aes|sb_in_f~557|combout                                   ;
;   11.753 ;   0.000  ;    ; RE   ; 1      ; LABCELL_X36_Y18_N30                       ; ARRIAV_LCELL_COMB                                                                           ;
;   11.865 ;   0.112  ;    ; RE   ; 1      ; LOCAL_LINE_X36_Y18_N0_I10                 ; LOCAL_LINE                                                                                  ;
;   11.971 ;   0.106  ;    ; RE   ; 1      ; BLOCK_INPUT_MUX_X36_Y18_N0_I17            ; LEIM_INPUT                                                                                  ;
;   11.972 ;   0.001  ; RR ; IC   ; 1      ; LABCELL_X36_Y18_N12                       ; u_soc|crypto_accelerator|u_core|u_aes|sb_in_f~559|dataf                                     ;
;   12.050 ;   0.078  ; RR ; CELL ; 1      ; LABCELL_X36_Y18_N12                       ; u_soc|crypto_accelerator|u_core|u_aes|sb_in_f~559|combout                                   ;
;   12.050 ;   0.000  ;    ; RE   ; 1      ; LABCELL_X36_Y18_N12                       ; ARRIAV_LCELL_COMB                                                                           ;
;   12.142 ;   0.092  ;    ; RE   ; 1      ; LOCAL_LINE_X36_Y18_N0_I4                  ; LOCAL_LINE                                                                                  ;
;   12.248 ;   0.106  ;    ; RE   ; 1      ; BLOCK_INPUT_MUX_X36_Y18_N0_I25            ; LEIM_INPUT                                                                                  ;
;   12.248 ;   0.000  ; RR ; IC   ; 1      ; LABCELL_X36_Y18_N18                       ; u_soc|crypto_accelerator|u_core|u_aes|sb_in_f~561|dataf                                     ;
;   12.325 ;   0.077  ; RR ; CELL ; 1      ; LABCELL_X36_Y18_N18                       ; u_soc|crypto_accelerator|u_core|u_aes|sb_in_f~561|combout                                   ;
;   12.325 ;   0.000  ;    ; RE   ; 1      ; LABCELL_X36_Y18_N18                       ; ARRIAV_LCELL_COMB                                                                           ;
;   12.434 ;   0.109  ;    ; RE   ; 1      ; LE_BUFFER_X36_Y18_N0_I13                  ; LE_BUFFER                                                                                   ;
;   12.538 ;   0.104  ;    ; RE   ; 1      ; LOCAL_INTERCONNECT_X35_Y18_N0_I36         ; LAB_LINE                                                                                    ;
;   12.641 ;   0.103  ;    ; RE   ; 1      ; BLOCK_INPUT_MUX_X35_Y18_N0_I33            ; LEIM_INPUT                                                                                  ;
;   12.642 ;   0.001  ; RR ; IC   ; 1      ; LABCELL_X35_Y18_N24                       ; u_soc|crypto_accelerator|u_core|u_aes|sb_in_f~563|dataf                                     ;
;   12.720 ;   0.078  ; RR ; CELL ; 1      ; LABCELL_X35_Y18_N24                       ; u_soc|crypto_accelerator|u_core|u_aes|sb_in_f~563|combout                                   ;
;   12.720 ;   0.000  ;    ; RE   ; 1      ; LABCELL_X35_Y18_N24                       ; ARRIAV_LCELL_COMB                                                                           ;
;   12.809 ;   0.089  ;    ; RE   ; 1      ; LOCAL_LINE_X35_Y18_N0_I8                  ; LOCAL_LINE                                                                                  ;
;   12.913 ;   0.104  ;    ; RE   ; 1      ; BLOCK_INPUT_MUX_X35_Y18_N0_I25            ; LEIM_INPUT                                                                                  ;
;   12.913 ;   0.000  ; RR ; IC   ; 1      ; LABCELL_X35_Y18_N18                       ; u_soc|crypto_accelerator|u_core|u_aes|sb_in_f~565|dataf                                     ;
;   12.990 ;   0.077  ; RR ; CELL ; 1      ; LABCELL_X35_Y18_N18                       ; u_soc|crypto_accelerator|u_core|u_aes|sb_in_f~565|combout                                   ;
;   12.990 ;   0.000  ;    ; RE   ; 1      ; LABCELL_X35_Y18_N18                       ; ARRIAV_LCELL_COMB                                                                           ;
;   13.075 ;   0.085  ;    ; RE   ; 1      ; LE_BUFFER_X35_Y18_N0_I13                  ; LE_BUFFER                                                                                   ;
;   13.182 ;   0.107  ;    ; RE   ; 1      ; LOCAL_INTERCONNECT_X34_Y18_N0_I36         ; LAB_LINE                                                                                    ;
;   13.286 ;   0.104  ;    ; RE   ; 1      ; BLOCK_INPUT_MUX_X34_Y18_N0_I1             ; LEIM_INPUT                                                                                  ;
;   13.287 ;   0.001  ; RR ; IC   ; 1      ; MLABCELL_X34_Y18_N0                       ; u_soc|crypto_accelerator|u_core|u_aes|sb_in_f~567|dataf                                     ;
;   13.364 ;   0.077  ; RR ; CELL ; 1      ; MLABCELL_X34_Y18_N0                       ; u_soc|crypto_accelerator|u_core|u_aes|sb_in_f~567|combout                                   ;
;   13.364 ;   0.000  ;    ; RE   ; 1      ; MLABCELL_X34_Y18_N0                       ; ARRIAV_LCELL_COMB                                                                           ;
;   13.469 ;   0.105  ;    ; RE   ; 1      ; LE_BUFFER_X34_Y18_N0_I1                   ; LE_BUFFER                                                                                   ;
;   13.647 ;   0.178  ;    ; RE   ; 1      ; C2_X33_Y16_N0_I18                         ; V_SEG2                                                                                      ;
;   13.831 ;   0.184  ;    ; RE   ; 1      ; R3_X31_Y17_N0_I20                         ; H_SEG3                                                                                      ;
;   13.970 ;   0.139  ;    ; RE   ; 1      ; LOCAL_INTERCONNECT_X31_Y17_N0_I28         ; LAB_LINE                                                                                    ;
;   14.073 ;   0.103  ;    ; RE   ; 1      ; BLOCK_INPUT_MUX_X31_Y17_N0_I17            ; LEIM_INPUT                                                                                  ;
;   14.072 ;   -0.001 ; RR ; IC   ; 1      ; LABCELL_X31_Y17_N12                       ; u_soc|crypto_accelerator|u_core|u_aes|sb_in_f~569|dataf                                     ;
;   14.150 ;   0.078  ; RR ; CELL ; 1      ; LABCELL_X31_Y17_N12                       ; u_soc|crypto_accelerator|u_core|u_aes|sb_in_f~569|combout                                   ;
;   14.150 ;   0.000  ;    ; RE   ; 1      ; LABCELL_X31_Y17_N12                       ; ARRIAV_LCELL_COMB                                                                           ;
;   14.247 ;   0.097  ;    ; RE   ; 1      ; LOCAL_LINE_X31_Y17_N0_I4                  ; LOCAL_LINE                                                                                  ;
;   14.353 ;   0.106  ;    ; RE   ; 1      ; BLOCK_INPUT_MUX_X31_Y17_N0_I1             ; LEIM_INPUT                                                                                  ;
;   14.353 ;   0.000  ; RR ; IC   ; 1      ; LABCELL_X31_Y17_N0                        ; u_soc|crypto_accelerator|u_core|u_aes|Selector4548~1|dataf                                  ;
;   14.439 ;   0.086  ; RF ; CELL ; 4      ; LABCELL_X31_Y17_N0                        ; u_soc|crypto_accelerator|u_core|u_aes|Selector4548~1|combout                                ;
;   14.439 ;   0.000  ;    ; RE   ; 2      ; LABCELL_X31_Y17_N0                        ; ARRIAV_LCELL_COMB                                                                           ;
;   14.494 ;   0.055  ;    ; RE   ; 1      ; LE_BUFFER_X31_Y17_N0_I0                   ; LE_BUFFER                                                                                   ;
;   14.644 ;   0.150  ;    ; RE   ; 1      ; R6_X26_Y17_N0_I22                         ; H_SEG6                                                                                      ;
;   14.831 ;   0.187  ;    ; RE   ; 1      ; LOCAL_INTERCONNECT_X31_Y17_N0_I35         ; LAB_LINE                                                                                    ;
;   14.942 ;   0.111  ;    ; RE   ; 1      ; BLOCK_INPUT_MUX_X31_Y17_N0_I77            ; LEIM_INPUT                                                                                  ;
;   14.942 ;   0.000  ; FF ; IC   ; 1      ; LABCELL_X31_Y17_N57                       ; u_soc|crypto_accelerator|u_core|u_aes|u_sub_byte_core|gf_in_f[4]~1|datac                    ;
;   15.355 ;   0.413  ; FF ; CELL ; 8      ; LABCELL_X31_Y17_N57                       ; u_soc|crypto_accelerator|u_core|u_aes|u_sub_byte_core|gf_in_f[4]~1|combout                  ;
;   15.355 ;   0.000  ;    ; RE   ; 2      ; LABCELL_X31_Y17_N57                       ; ARRIAV_LCELL_COMB                                                                           ;
;   15.435 ;   0.080  ;    ; RE   ; 2      ; LOCAL_LINE_X31_Y17_N0_I19                 ; LOCAL_LINE                                                                                  ;
;   15.536 ;   0.101  ;    ; RE   ; 1      ; BLOCK_INPUT_MUX_X31_Y17_N0_I35            ; LEIM_INPUT                                                                                  ;
;   15.536 ;   0.000  ; FF ; IC   ; 1      ; LABCELL_X31_Y17_N24                       ; u_soc|crypto_accelerator|u_core|u_aes|u_sub_byte_core|gf_0|dr_xor2~0|datab                  ;
;   15.993 ;   0.457  ; FF ; CELL ; 3      ; LABCELL_X31_Y17_N24                       ; u_soc|crypto_accelerator|u_core|u_aes|u_sub_byte_core|gf_0|dr_xor2~0|combout                ;
;   15.993 ;   0.000  ;    ; RE   ; 2      ; LABCELL_X31_Y17_N24                       ; ARRIAV_LCELL_COMB                                                                           ;
;   16.071 ;   0.078  ;    ; RE   ; 1      ; LOCAL_LINE_X31_Y17_N0_I8                  ; LOCAL_LINE                                                                                  ;
;   16.167 ;   0.096  ;    ; RE   ; 2      ; BLOCK_INPUT_MUX_X31_Y17_N0_I50            ; LEIM_INPUT                                                                                  ;
;   16.166 ;   -0.001 ; FF ; IC   ; 1      ; LABCELL_X31_Y17_N39                       ; u_soc|crypto_accelerator|u_core|u_aes|u_sub_byte_core|gf_0|al_sq_f[1]~0|dataa               ;
;   16.648 ;   0.482  ; FF ; CELL ; 19     ; LABCELL_X31_Y17_N39                       ; u_soc|crypto_accelerator|u_core|u_aes|u_sub_byte_core|gf_0|al_sq_f[1]~0|combout             ;
;   16.648 ;   0.000  ;    ; RE   ; 2      ; LABCELL_X31_Y17_N39                       ; ARRIAV_LCELL_COMB                                                                           ;
;   16.722 ;   0.074  ;    ; RE   ; 2      ; LE_BUFFER_X31_Y17_N0_I27                  ; LE_BUFFER                                                                                   ;
;   16.907 ;   0.185  ;    ; RE   ; 2      ; C2_X30_Y15_N0_I14                         ; V_SEG2                                                                                      ;
;   17.083 ;   0.176  ;    ; RE   ; 2      ; LOCAL_INTERCONNECT_X31_Y15_N0_I12         ; LAB_LINE                                                                                    ;
;   17.174 ;   0.091  ;    ; RE   ; 2      ; BLOCK_INPUT_MUX_X31_Y15_N0_I18            ; LEIM_INPUT                                                                                  ;
;   17.174 ;   0.000  ; FF ; IC   ; 1      ; LABCELL_X31_Y15_N15                       ; u_soc|crypto_accelerator|u_core|u_aes|u_sub_byte_core|gf_0|dr_xor2~10|dataa                 ;
;   17.633 ;   0.459  ; FF ; CELL ; 1      ; LABCELL_X31_Y15_N15                       ; u_soc|crypto_accelerator|u_core|u_aes|u_sub_byte_core|gf_0|dr_xor2~10|combout               ;
;   17.633 ;   0.000  ;    ; RE   ; 1      ; LABCELL_X31_Y15_N15                       ; ARRIAV_LCELL_COMB                                                                           ;
;   17.718 ;   0.085  ;    ; RE   ; 1      ; LOCAL_LINE_X31_Y15_N0_I5                  ; LOCAL_LINE                                                                                  ;
;   17.832 ;   0.114  ;    ; RE   ; 1      ; BLOCK_INPUT_MUX_X31_Y15_N0_I49            ; LEIM_INPUT                                                                                  ;
;   17.832 ;   0.000  ; FF ; IC   ; 1      ; LABCELL_X31_Y15_N36                       ; u_soc|crypto_accelerator|u_core|u_aes|u_sub_byte_core|gf_0|dr_xor2~11|dataf                 ;
;   17.914 ;   0.082  ; FR ; CELL ; 2      ; LABCELL_X31_Y15_N36                       ; u_soc|crypto_accelerator|u_core|u_aes|u_sub_byte_core|gf_0|dr_xor2~11|combout               ;
;   17.914 ;   0.000  ;    ; RE   ; 1      ; LABCELL_X31_Y15_N36                       ; ARRIAV_LCELL_COMB                                                                           ;
;   18.043 ;   0.129  ;    ; RE   ; 2      ; LOCAL_LINE_X31_Y15_N0_I12                 ; LOCAL_LINE                                                                                  ;
;   18.163 ;   0.120  ;    ; RE   ; 1      ; BLOCK_INPUT_MUX_X31_Y15_N0_I0             ; LEIM_INPUT                                                                                  ;
;   18.163 ;   0.000  ; RR ; IC   ; 1      ; LABCELL_X31_Y15_N0                        ; u_soc|crypto_accelerator|u_core|u_aes|u_sub_byte_core|gf_0|dr_xor2~13|datad                 ;
;   18.467 ;   0.304  ; RF ; CELL ; 4      ; LABCELL_X31_Y15_N0                        ; u_soc|crypto_accelerator|u_core|u_aes|u_sub_byte_core|gf_0|dr_xor2~13|combout               ;
;   18.467 ;   0.000  ;    ; RE   ; 3      ; LABCELL_X31_Y15_N0                        ; ARRIAV_LCELL_COMB                                                                           ;
;   18.524 ;   0.057  ;    ; RE   ; 1      ; LE_BUFFER_X31_Y15_N0_I0                   ; LE_BUFFER                                                                                   ;
;   18.677 ;   0.153  ;    ; RE   ; 2      ; R6_X26_Y15_N0_I22                         ; H_SEG6                                                                                      ;
;   18.886 ;   0.209  ;    ; RE   ; 1      ; LOCAL_INTERCONNECT_X31_Y15_N0_I35         ; LAB_LINE                                                                                    ;
;   19.004 ;   0.118  ;    ; RE   ; 1      ; BLOCK_INPUT_MUX_X31_Y15_N0_I73            ; LEIM_INPUT                                                                                  ;
;   19.003 ;   -0.001 ; FF ; IC   ; 1      ; LABCELL_X31_Y15_N54                       ; u_soc|crypto_accelerator|u_core|u_aes|u_sub_byte_core|gf_0|ah_mul_al_t[1]~1|dataf           ;
;   19.079 ;   0.076  ; FF ; CELL ; 2      ; LABCELL_X31_Y15_N54                       ; u_soc|crypto_accelerator|u_core|u_aes|u_sub_byte_core|gf_0|ah_mul_al_t[1]~1|combout         ;
;   19.079 ;   0.000  ;    ; RE   ; 2      ; LABCELL_X31_Y15_N54                       ; ARRIAV_LCELL_COMB                                                                           ;
;   19.160 ;   0.081  ;    ; RE   ; 1      ; LOCAL_LINE_X31_Y15_N0_I18                 ; LOCAL_LINE                                                                                  ;
;   19.283 ;   0.123  ;    ; RE   ; 1      ; BLOCK_INPUT_MUX_X31_Y15_N0_I46            ; LEIM_INPUT                                                                                  ;
;   19.283 ;   0.000  ; FF ; IC   ; 1      ; LABCELL_X31_Y15_N33                       ; u_soc|crypto_accelerator|u_core|u_aes|u_sub_byte_core|gf_0|dr_xor2~27|datae                 ;
;   19.539 ;   0.256  ; FF ; CELL ; 6      ; LABCELL_X31_Y15_N33                       ; u_soc|crypto_accelerator|u_core|u_aes|u_sub_byte_core|gf_0|dr_xor2~27|combout               ;
;   19.539 ;   0.000  ;    ; RE   ; 2      ; LABCELL_X31_Y15_N33                       ; ARRIAV_LCELL_COMB                                                                           ;
;   19.609 ;   0.070  ;    ; RE   ; 1      ; LE_BUFFER_X31_Y15_N0_I23                  ; LE_BUFFER                                                                                   ;
;   19.762 ;   0.153  ;    ; RE   ; 1      ; R6_X31_Y15_N0_I16                         ; H_SEG6                                                                                      ;
;   19.930 ;   0.168  ;    ; RE   ; 1      ; LOCAL_INTERCONNECT_X31_Y15_N0_I16         ; LAB_LINE                                                                                    ;
;   20.032 ;   0.102  ;    ; RE   ; 1      ; BLOCK_INPUT_MUX_X31_Y15_N0_I54            ; LEIM_INPUT                                                                                  ;
;   20.031 ;   -0.001 ; FF ; IC   ; 1      ; LABCELL_X31_Y15_N39                       ; u_soc|crypto_accelerator|u_core|u_aes|u_sub_byte_core|gf_0|d_f[1]|datad                     ;
;   20.335 ;   0.304  ; FF ; CELL ; 17     ; LABCELL_X31_Y15_N39                       ; u_soc|crypto_accelerator|u_core|u_aes|u_sub_byte_core|gf_0|d_f[1]|combout                   ;
;   20.335 ;   0.000  ;    ; RE   ; 2      ; LABCELL_X31_Y15_N39                       ; ARRIAV_LCELL_COMB                                                                           ;
;   20.419 ;   0.084  ;    ; RE   ; 5      ; LE_BUFFER_X31_Y15_N0_I26                  ; LE_BUFFER                                                                                   ;
;   20.588 ;   0.169  ;    ; RE   ; 1      ; C2_X31_Y16_N0_I10                         ; V_SEG2                                                                                      ;
;   20.756 ;   0.168  ;    ; RE   ; 2      ; R3_X29_Y16_N0_I14                         ; H_SEG3                                                                                      ;
;   20.909 ;   0.153  ;    ; RE   ; 1      ; LOCAL_INTERCONNECT_X31_Y16_N0_I34         ; LAB_LINE                                                                                    ;
;   21.025 ;   0.116  ;    ; RE   ; 1      ; BLOCK_INPUT_MUX_X31_Y16_N0_I62            ; LEIM_INPUT                                                                                  ;
;   21.024 ;   -0.001 ; FF ; IC   ; 1      ; LABCELL_X31_Y16_N45                       ; u_soc|crypto_accelerator|u_core|u_aes|u_sub_byte_core|gf_0|d_inv_t[0]~8|datad               ;
;   21.329 ;   0.305  ; FF ; CELL ; 5      ; LABCELL_X31_Y16_N45                       ; u_soc|crypto_accelerator|u_core|u_aes|u_sub_byte_core|gf_0|d_inv_t[0]~8|combout             ;
;   21.329 ;   0.000  ;    ; RE   ; 2      ; LABCELL_X31_Y16_N45                       ; ARRIAV_LCELL_COMB                                                                           ;
;   21.393 ;   0.064  ;    ; RE   ; 2      ; LE_BUFFER_X31_Y16_N0_I30                  ; LE_BUFFER                                                                                   ;
;   21.547 ;   0.154  ;    ; RE   ; 1      ; C2_X31_Y14_N0_I15                         ; V_SEG2                                                                                      ;
;   21.734 ;   0.187  ;    ; RE   ; 1      ; R3_X29_Y15_N0_I17                         ; H_SEG3                                                                                      ;
;   21.890 ;   0.156  ;    ; RE   ; 1      ; LOCAL_INTERCONNECT_X29_Y15_N0_I7          ; LAB_LINE                                                                                    ;
;   22.000 ;   0.110  ;    ; RE   ; 1      ; BLOCK_INPUT_MUX_X29_Y15_N0_I6             ; LEIM_INPUT                                                                                  ;
;   22.000 ;   0.000  ; FF ; IC   ; 1      ; LABCELL_X29_Y15_N3                        ; u_soc|crypto_accelerator|u_core|u_aes|u_sub_byte_core|gf_0|dr_xor2~50|datae                 ;
;   22.256 ;   0.256  ; FF ; CELL ; 4      ; LABCELL_X29_Y15_N3                        ; u_soc|crypto_accelerator|u_core|u_aes|u_sub_byte_core|gf_0|dr_xor2~50|combout               ;
;   22.256 ;   0.000  ;    ; RE   ; 2      ; LABCELL_X29_Y15_N3                        ; ARRIAV_LCELL_COMB                                                                           ;
;   22.324 ;   0.068  ;    ; RE   ; 2      ; LE_BUFFER_X29_Y15_N0_I2                   ; LE_BUFFER                                                                                   ;
;   22.469 ;   0.145  ;    ; RE   ; 1      ; R3_X27_Y15_N0_I15                         ; H_SEG3                                                                                      ;
;   22.647 ;   0.178  ;    ; RE   ; 1      ; C4_X28_Y16_N0_I1                          ; V_SEG4                                                                                      ;
;   22.939 ;   0.292  ;    ; RE   ; 1      ; R6_X23_Y16_N0_I20                         ; H_SEG6                                                                                      ;
;   23.142 ;   0.203  ;    ; RE   ; 1      ; LOCAL_INTERCONNECT_X27_Y16_N0_I22         ; LAB_LINE                                                                                    ;
;   23.239 ;   0.097  ;    ; RE   ; 1      ; BLOCK_INPUT_MUX_X27_Y16_N0_I17            ; LEIM_INPUT                                                                                  ;
;   23.239 ;   0.000  ; FF ; IC   ; 1      ; LABCELL_X27_Y16_N12                       ; u_soc|crypto_accelerator|u_core|u_aes|u_sub_byte_core|gf_0|dr_xor2~52|dataf                 ;
;   23.321 ;   0.082  ; FR ; CELL ; 2      ; LABCELL_X27_Y16_N12                       ; u_soc|crypto_accelerator|u_core|u_aes|u_sub_byte_core|gf_0|dr_xor2~52|combout               ;
;   23.321 ;   0.000  ;    ; RE   ; 1      ; LABCELL_X27_Y16_N12                       ; ARRIAV_LCELL_COMB                                                                           ;
;   23.418 ;   0.097  ;    ; RE   ; 1      ; LOCAL_LINE_X27_Y16_N0_I4                  ; LOCAL_LINE                                                                                  ;
;   23.528 ;   0.110  ;    ; RE   ; 2      ; BLOCK_INPUT_MUX_X27_Y16_N0_I13            ; LEIM_INPUT                                                                                  ;
;   23.528 ;   0.000  ; RR ; IC   ; 1      ; LABCELL_X27_Y16_N6                        ; u_soc|crypto_accelerator|u_core|u_aes|u_sub_byte_core|gf_0|ah_out_t[3]~0|datad              ;
;   23.959 ;   0.431  ; RF ; CELL ; 14     ; LABCELL_X27_Y16_N6                        ; u_soc|crypto_accelerator|u_core|u_aes|u_sub_byte_core|gf_0|ah_out_t[3]~0|combout            ;
;   23.959 ;   0.000  ;    ; RE   ; 3      ; LABCELL_X27_Y16_N6                        ; ARRIAV_LCELL_COMB                                                                           ;
;   24.041 ;   0.082  ;    ; RE   ; 3      ; LE_BUFFER_X27_Y16_N0_I5                   ; LE_BUFFER                                                                                   ;
;   24.263 ;   0.222  ;    ; RE   ; 2      ; R3_X24_Y16_N0_I15                         ; H_SEG3                                                                                      ;
;   24.440 ;   0.177  ;    ; RE   ; 2      ; LOCAL_INTERCONNECT_X25_Y16_N0_I4          ; LAB_LINE                                                                                    ;
;   24.545 ;   0.105  ;    ; RE   ; 1      ; BLOCK_INPUT_MUX_X25_Y16_N0_I8             ; LEIM_INPUT                                                                                  ;
;   24.545 ;   0.000  ; FF ; IC   ; 1      ; MLABCELL_X25_Y16_N6                       ; u_soc|crypto_accelerator|u_core|u_aes|u_sub_byte_core|gf_0|data_out_t[6]~10|datad           ;
;   24.833 ;   0.288  ; FF ; CELL ; 4      ; MLABCELL_X25_Y16_N6                       ; u_soc|crypto_accelerator|u_core|u_aes|u_sub_byte_core|gf_0|data_out_t[6]~10|combout         ;
;   24.833 ;   0.000  ;    ; RE   ; 2      ; MLABCELL_X25_Y16_N6                       ; ARRIAV_LCELL_COMB                                                                           ;
;   24.895 ;   0.062  ;    ; RE   ; 2      ; LE_BUFFER_X25_Y16_N0_I4                   ; LE_BUFFER                                                                                   ;
;   25.048 ;   0.153  ;    ; RE   ; 1      ; C2_X25_Y14_N0_I11                         ; V_SEG2                                                                                      ;
;   25.265 ;   0.217  ;    ; RE   ; 1      ; R3_X26_Y15_N0_I0                          ; H_SEG3                                                                                      ;
;   25.468 ;   0.203  ;    ; RE   ; 1      ; LOCAL_INTERCONNECT_X27_Y15_N0_I33         ; LAB_LINE                                                                                    ;
;   25.552 ;   0.084  ;    ; RE   ; 2      ; BLOCK_INPUT_MUX_X27_Y15_N0_I51            ; LEIM_INPUT                                                                                  ;
;   25.551 ;   -0.001 ; FF ; IC   ; 1      ; LABCELL_X27_Y15_N39                       ; u_soc|crypto_accelerator|u_core|u_aes|u_sub_byte_core|aff_trans_0|aff_trans_out_f~0|datab   ;
;   26.004 ;   0.453  ; FF ; CELL ; 5      ; LABCELL_X27_Y15_N39                       ; u_soc|crypto_accelerator|u_core|u_aes|u_sub_byte_core|aff_trans_0|aff_trans_out_f~0|combout ;
;   26.004 ;   0.000  ;    ; RE   ; 1      ; LABCELL_X27_Y15_N39                       ; ARRIAV_LCELL_COMB                                                                           ;
;   26.086 ;   0.082  ;    ; RE   ; 3      ; LE_BUFFER_X27_Y15_N0_I27                  ; LE_BUFFER                                                                                   ;
;   26.270 ;   0.184  ;    ; RE   ; 1      ; C4_X26_Y16_N0_I0                          ; V_SEG4                                                                                      ;
;   26.482 ;   0.212  ;    ; RE   ; 1      ; LOCAL_INTERCONNECT_X27_Y16_N0_I12         ; LAB_LINE                                                                                    ;
;   26.597 ;   0.115  ;    ; RE   ; 1      ; BLOCK_INPUT_MUX_X27_Y16_N0_I28            ; LEIM_INPUT                                                                                  ;
;   26.596 ;   -0.001 ; FF ; IC   ; 1      ; LABCELL_X27_Y16_N18                       ; u_soc|crypto_accelerator|u_core|u_aes|u_sub_byte_core|data_out_f[7]~7|datac                 ;
;   27.010 ;   0.414  ; FF ; CELL ; 20     ; LABCELL_X27_Y16_N18                       ; u_soc|crypto_accelerator|u_core|u_aes|u_sub_byte_core|data_out_f[7]~7|combout               ;
;   27.010 ;   0.000  ;    ; RE   ; 2      ; LABCELL_X27_Y16_N18                       ; ARRIAV_LCELL_COMB                                                                           ;
;   27.105 ;   0.095  ;    ; RE   ; 5      ; LE_BUFFER_X27_Y16_N0_I12                  ; LE_BUFFER                                                                                   ;
;   27.332 ;   0.227  ;    ; RE   ; 2      ; C2_X27_Y14_N0_I12                         ; V_SEG2                                                                                      ;
;   27.561 ;   0.229  ;    ; RE   ; 3      ; C2_X27_Y12_N0_I12                         ; V_SEG2                                                                                      ;
;   27.782 ;   0.221  ;    ; RE   ; 1      ; R6_X28_Y13_N0_I17                         ; H_SEG6                                                                                      ;
;   27.991 ;   0.209  ;    ; RE   ; 1      ; R3_X28_Y13_N0_I7                          ; H_SEG3                                                                                      ;
;   28.142 ;   0.151  ;    ; RE   ; 1      ; LOCAL_INTERCONNECT_X28_Y13_N0_I42         ; LAB_LINE                                                                                    ;
;   28.260 ;   0.118  ;    ; RE   ; 1      ; BLOCK_INPUT_MUX_X28_Y13_N0_I70            ; LEIM_INPUT                                                                                  ;
;   28.261 ;   0.001  ; FF ; IC   ; 1      ; FF_X28_Y13_N53                            ; u_soc|crypto_accelerator|u_core|u_aes|buf_a_f[5][7]|asdata                                  ;
;   28.776 ;   0.515  ; FF ; CELL ; 1      ; FF_X28_Y13_N53                            ; soc:u_soc|axi_slave_top:crypto_accelerator|axi_slave_core:u_core|aes:u_aes|buf_a_f[5][7]    ;
+----------+----------+----+------+--------+-------------------------------------------+---------------------------------------------------------------------------------------------+

+----------------------------------------------------------------------------------------------------------------------------------------------------+
; Data Required Path                                                                                                                                 ;
+---------+---------+----+------+--------+----------------+------------------------------------------------------------------------------------------+
; Total   ; Incr    ; RF ; Type ; Fanout ; Location       ; Element                                                                                  ;
+---------+---------+----+------+--------+----------------+------------------------------------------------------------------------------------------+
; 1.000   ; 1.000   ;    ;      ;        ;                ; latch edge time                                                                          ;
; 4.636   ; 3.636   ;    ;      ;        ;                ; clock path                                                                               ;
;   4.580 ;   3.580 ; R  ;      ;        ;                ; clock network delay                                                                      ;
;   4.636 ;   0.056 ;    ;      ;        ;                ; clock pessimism removed                                                                  ;
; 4.466   ; -0.170  ;    ;      ;        ;                ; clock uncertainty                                                                        ;
; 4.466   ; 0.000   ;    ; uTsu ; 1      ; FF_X28_Y13_N53 ; soc:u_soc|axi_slave_top:crypto_accelerator|axi_slave_core:u_core|aes:u_aes|buf_a_f[5][7] ;
+---------+---------+----+------+--------+----------------+------------------------------------------------------------------------------------------+

----------------------------
; Extra Fitter Information ;
----------------------------
HTML report is unavailable in plain text report export.


Path #18: Setup slack is -24.305 (VIOLATED)
===============================================================================
+---------------------------------------------------------------------------------------------------------------+
; Path Summary                                                                                                  ;
+--------------------+------------------------------------------------------------------------------------------+
; Property           ; Value                                                                                    ;
+--------------------+------------------------------------------------------------------------------------------+
; From Node          ; soc:u_soc|axi_slave_top:crypto_accelerator|axi_slave_core:u_core|aes:u_aes|kexp_i[1]     ;
; To Node            ; soc:u_soc|axi_slave_top:crypto_accelerator|axi_slave_core:u_core|aes:u_aes|buf_a_f[5][7] ;
; Launch Clock       ; CLOCK_50                                                                                 ;
; Latch Clock        ; CLOCK_50                                                                                 ;
; Data Arrival Time  ; 28.771                                                                                   ;
; Data Required Time ; 4.466                                                                                    ;
; Slack              ; -24.305 (VIOLATED)                                                                       ;
+--------------------+------------------------------------------------------------------------------------------+

+----------------------------------------------------------------------------------------+
; Statistics                                                                             ;
+---------------------------+--------+-------+-------------+------------+--------+-------+
; Property                  ; Value  ; Count ; Total Delay ; % of Total ; Min    ; Max   ;
+---------------------------+--------+-------+-------------+------------+--------+-------+
; Setup Relationship        ; 1.000  ;       ;             ;            ;        ;       ;
; Clock Skew                ; -0.423 ;       ;             ;            ;        ;       ;
; Data Delay                ; 24.712 ;       ;             ;            ;        ;       ;
; Number of Logic Levels    ;        ; 34    ;             ;            ;        ;       ;
; Physical Delays           ;        ;       ;             ;            ;        ;       ;
;  Arrival Path             ;        ;       ;             ;            ;        ;       ;
;   Clock                   ;        ;       ;             ;            ;        ;       ;
;    Clock Network (Lumped) ;        ; 1     ; 4.059       ; 100        ; 4.059  ; 4.059 ;
;   Data                    ;        ;       ;             ;            ;        ;       ;
;    IC                     ;        ; 35    ; -0.001      ; 0          ; -0.001 ; 0.001 ;
;    Cell                   ;        ; 36    ; 7.200       ; 29         ; 0.000  ; 0.515 ;
;    uTco                   ;        ; 1     ; 0.000       ; 0          ; 0.000  ; 0.000 ;
;    Routing Element        ;        ; 160   ; 17.513      ; 71         ; 0.000  ; 0.401 ;
;  Required Path            ;        ;       ;             ;            ;        ;       ;
;   Clock                   ;        ;       ;             ;            ;        ;       ;
;    Clock Network (Lumped) ;        ; 1     ; 3.580       ; 100        ; 3.580  ; 3.580 ;
+---------------------------+--------+-------+-------------+------------+--------+-------+
Note: Negative delays are omitted from totals when calculating percentages

+------------------------------------------------------------------------------------------------------------------------------------------------------------------------------------+
; Data Arrival Path                                                                                                                                                                  ;
+----------+----------+----+------+--------+-------------------------------------------+---------------------------------------------------------------------------------------------+
; Total    ; Incr     ; RF ; Type ; Fanout ; Location                                  ; Element                                                                                     ;
+----------+----------+----+------+--------+-------------------------------------------+---------------------------------------------------------------------------------------------+
; 0.000    ; 0.000    ;    ;      ;        ;                                           ; launch edge time                                                                            ;
; 4.059    ; 4.059    ;    ;      ;        ;                                           ; clock path                                                                                  ;
;   4.059  ;   4.059  ; R  ;      ;        ;                                           ; clock network delay                                                                         ;
; 28.771   ; 24.712   ;    ;      ;        ;                                           ; data path                                                                                   ;
;   4.059  ;   0.000  ;    ; uTco ; 1      ; FF_X30_Y23_N2                             ; soc:u_soc|axi_slave_top:crypto_accelerator|axi_slave_core:u_core|aes:u_aes|kexp_i[1]        ;
;   4.059  ;   0.000  ; FF ; CELL ; 239    ; FF_X30_Y23_N2                             ; u_soc|crypto_accelerator|u_core|u_aes|kexp_i[1]|q                                           ;
;   4.109  ;   0.050  ;    ; RE   ; 3      ; FF_X30_Y23_N2                             ; ARRIAV_FF                                                                                   ;
;   4.197  ;   0.088  ;    ; RE   ; 5      ; LE_BUFFER_X30_Y23_N0_I1                   ; LE_BUFFER                                                                                   ;
;   4.598  ;   0.401  ;    ; RE   ; 8      ; R6_X30_Y23_N0_I11                         ; H_SEG6                                                                                      ;
;   4.941  ;   0.343  ;    ; RE   ; 3      ; R6_X35_Y23_N0_I10                         ; H_SEG6                                                                                      ;
;   5.177  ;   0.236  ;    ; RE   ; 2      ; LOCAL_INTERCONNECT_X36_Y23_N0_I1          ; LAB_LINE                                                                                    ;
;   5.299  ;   0.122  ;    ; RE   ; 1      ; BLOCK_INPUT_MUX_X36_Y23_N0_I64            ; LEIM_INPUT                                                                                  ;
;   5.299  ;   0.000  ; FF ; IC   ; 1      ; LABCELL_X36_Y23_N48                       ; u_soc|crypto_accelerator|u_core|u_aes|sb_in_f~20|datad                                      ;
;   5.587  ;   0.288  ; FF ; CELL ; 3      ; LABCELL_X36_Y23_N48                       ; u_soc|crypto_accelerator|u_core|u_aes|sb_in_f~20|combout                                    ;
;   5.587  ;   0.000  ;    ; RE   ; 2      ; LABCELL_X36_Y23_N48                       ; ARRIAV_LCELL_COMB                                                                           ;
;   5.664  ;   0.077  ;    ; RE   ; 1      ; LOCAL_LINE_X36_Y23_N0_I16                 ; LOCAL_LINE                                                                                  ;
;   5.785  ;   0.121  ;    ; RE   ; 1      ; BLOCK_INPUT_MUX_X36_Y23_N0_I28            ; LEIM_INPUT                                                                                  ;
;   5.785  ;   0.000  ; FF ; IC   ; 1      ; LABCELL_X36_Y23_N18                       ; u_soc|crypto_accelerator|u_core|u_aes|sb_in_f~22|datac                                      ;
;   6.202  ;   0.417  ; FF ; CELL ; 48     ; LABCELL_X36_Y23_N18                       ; u_soc|crypto_accelerator|u_core|u_aes|sb_in_f~22|combout                                    ;
;   6.202  ;   0.000  ;    ; RE   ; 2      ; LABCELL_X36_Y23_N18                       ; ARRIAV_LCELL_COMB                                                                           ;
;   6.299  ;   0.097  ;    ; RE   ; 2      ; LE_BUFFER_X36_Y23_N0_I13                  ; LE_BUFFER                                                                                   ;
;   6.497  ;   0.198  ;    ; RE   ; 2      ; R3_X36_Y23_N0_I1                          ; H_SEG3                                                                                      ;
;   6.497  ;   0.000  ;    ; RE   ; 2      ; R14_C12_INTERCONNECT_DRIVER_X36_Y23_N0_I1 ; WIRE_MUX                                                                                    ;
;   6.740  ;   0.243  ;    ; RE   ; 2      ; R14_X23_Y23_N0_I1                         ; H_SEG14                                                                                     ;
;   6.966  ;   0.226  ;    ; RE   ; 1      ; C2_X22_Y21_N0_I15                         ; V_SEG2                                                                                      ;
;   7.290  ;   0.324  ;    ; RE   ; 1      ; R6_X17_Y21_N0_I26                         ; H_SEG6                                                                                      ;
;   7.504  ;   0.214  ;    ; RE   ; 3      ; LOCAL_INTERCONNECT_X19_Y21_N0_I12         ; LAB_LINE                                                                                    ;
;   7.618  ;   0.114  ;    ; RE   ; 1      ; BLOCK_INPUT_MUX_X19_Y21_N0_I71            ; LEIM_INPUT                                                                                  ;
;   7.618  ;   0.000  ; FF ; IC   ; 1      ; LABCELL_X19_Y21_N51                       ; u_soc|crypto_accelerator|u_core|u_aes|sb_in_f~545|dataf                                     ;
;   7.689  ;   0.071  ; FF ; CELL ; 1      ; LABCELL_X19_Y21_N51                       ; u_soc|crypto_accelerator|u_core|u_aes|sb_in_f~545|combout                                   ;
;   7.689  ;   0.000  ;    ; RE   ; 1      ; LABCELL_X19_Y21_N51                       ; ARRIAV_LCELL_COMB                                                                           ;
;   7.745  ;   0.056  ;    ; RE   ; 1      ; LE_BUFFER_X19_Y21_N0_I34                  ; LE_BUFFER                                                                                   ;
;   7.885  ;   0.140  ;    ; RE   ; 1      ; R3_X17_Y21_N0_I21                         ; H_SEG3                                                                                      ;
;   7.885  ;   0.000  ;    ; RE   ; 1      ; R14_C12_INTERCONNECT_DRIVER_X19_Y21_N0_I2 ; WIRE_MUX                                                                                    ;
;   8.123  ;   0.238  ;    ; RE   ; 1      ; R14_X20_Y21_N0_I0                         ; H_SEG14                                                                                     ;
;   8.332  ;   0.209  ;    ; RE   ; 1      ; C2_X30_Y22_N0_I7                          ; V_SEG2                                                                                      ;
;   8.509  ;   0.177  ;    ; RE   ; 1      ; R6_X31_Y22_N0_I16                         ; H_SEG6                                                                                      ;
;   8.677  ;   0.168  ;    ; RE   ; 1      ; LOCAL_INTERCONNECT_X31_Y22_N0_I16         ; LAB_LINE                                                                                    ;
;   8.784  ;   0.107  ;    ; RE   ; 1      ; BLOCK_INPUT_MUX_X31_Y22_N0_I56            ; LEIM_INPUT                                                                                  ;
;   8.784  ;   0.000  ; FF ; IC   ; 1      ; LABCELL_X31_Y22_N42                       ; u_soc|crypto_accelerator|u_core|u_aes|sb_in_f~761|datad                                     ;
;   9.086  ;   0.302  ; FR ; CELL ; 1      ; LABCELL_X31_Y22_N42                       ; u_soc|crypto_accelerator|u_core|u_aes|sb_in_f~761|combout                                   ;
;   9.086  ;   0.000  ;    ; RE   ; 1      ; LABCELL_X31_Y22_N42                       ; ARRIAV_LCELL_COMB                                                                           ;
;   9.174  ;   0.088  ;    ; RE   ; 1      ; LOCAL_LINE_X31_Y22_N0_I14                 ; LOCAL_LINE                                                                                  ;
;   9.279  ;   0.105  ;    ; RE   ; 1      ; BLOCK_INPUT_MUX_X31_Y22_N0_I65            ; LEIM_INPUT                                                                                  ;
;   9.279  ;   0.000  ; RR ; IC   ; 1      ; LABCELL_X31_Y22_N48                       ; u_soc|crypto_accelerator|u_core|u_aes|sb_in_f~546|dataf                                     ;
;   9.357  ;   0.078  ; RR ; CELL ; 1      ; LABCELL_X31_Y22_N48                       ; u_soc|crypto_accelerator|u_core|u_aes|sb_in_f~546|combout                                   ;
;   9.357  ;   0.000  ;    ; RE   ; 1      ; LABCELL_X31_Y22_N48                       ; ARRIAV_LCELL_COMB                                                                           ;
;   9.457  ;   0.100  ;    ; RE   ; 1      ; LOCAL_LINE_X31_Y22_N0_I16                 ; LOCAL_LINE                                                                                  ;
;   9.564  ;   0.107  ;    ; RE   ; 1      ; BLOCK_INPUT_MUX_X31_Y22_N0_I17            ; LEIM_INPUT                                                                                  ;
;   9.564  ;   0.000  ; RR ; IC   ; 1      ; LABCELL_X31_Y22_N12                       ; u_soc|crypto_accelerator|u_core|u_aes|sb_in_f~548|dataf                                     ;
;   9.648  ;   0.084  ; RF ; CELL ; 1      ; LABCELL_X31_Y22_N12                       ; u_soc|crypto_accelerator|u_core|u_aes|sb_in_f~548|combout                                   ;
;   9.648  ;   0.000  ;    ; RE   ; 1      ; LABCELL_X31_Y22_N12                       ; ARRIAV_LCELL_COMB                                                                           ;
;   9.730  ;   0.082  ;    ; RE   ; 1      ; LOCAL_LINE_X31_Y22_N0_I4                  ; LOCAL_LINE                                                                                  ;
;   9.855  ;   0.125  ;    ; RE   ; 1      ; BLOCK_INPUT_MUX_X31_Y22_N0_I55            ; LEIM_INPUT                                                                                  ;
;   9.855  ;   0.000  ; FF ; IC   ; 1      ; LABCELL_X31_Y22_N39                       ; u_soc|crypto_accelerator|u_core|u_aes|sb_in_f~550|dataf                                     ;
;   9.926  ;   0.071  ; FF ; CELL ; 1      ; LABCELL_X31_Y22_N39                       ; u_soc|crypto_accelerator|u_core|u_aes|sb_in_f~550|combout                                   ;
;   9.926  ;   0.000  ;    ; RE   ; 1      ; LABCELL_X31_Y22_N39                       ; ARRIAV_LCELL_COMB                                                                           ;
;   9.995  ;   0.069  ;    ; RE   ; 1      ; LE_BUFFER_X31_Y22_N0_I27                  ; LE_BUFFER                                                                                   ;
;   10.173 ;   0.178  ;    ; RE   ; 1      ; C2_X30_Y20_N0_I14                         ; V_SEG2                                                                                      ;
;   10.381 ;   0.208  ;    ; RE   ; 1      ; C2_X30_Y18_N0_I14                         ; V_SEG2                                                                                      ;
;   10.747 ;   0.366  ;    ; RE   ; 1      ; R6_X31_Y18_N0_I5                          ; H_SEG6                                                                                      ;
;   10.991 ;   0.244  ;    ; RE   ; 1      ; LOCAL_INTERCONNECT_X36_Y18_N0_I39         ; LAB_LINE                                                                                    ;
;   11.107 ;   0.116  ;    ; RE   ; 1      ; BLOCK_INPUT_MUX_X36_Y18_N0_I9             ; LEIM_INPUT                                                                                  ;
;   11.107 ;   0.000  ; FF ; IC   ; 1      ; LABCELL_X36_Y18_N6                        ; u_soc|crypto_accelerator|u_core|u_aes|sb_in_f~553|dataf                                     ;
;   11.181 ;   0.074  ; FF ; CELL ; 1      ; LABCELL_X36_Y18_N6                        ; u_soc|crypto_accelerator|u_core|u_aes|sb_in_f~553|combout                                   ;
;   11.181 ;   0.000  ;    ; RE   ; 1      ; LABCELL_X36_Y18_N6                        ; ARRIAV_LCELL_COMB                                                                           ;
;   11.263 ;   0.082  ;    ; RE   ; 1      ; LOCAL_LINE_X36_Y18_N0_I2                  ; LOCAL_LINE                                                                                  ;
;   11.376 ;   0.113  ;    ; RE   ; 1      ; BLOCK_INPUT_MUX_X36_Y18_N0_I65            ; LEIM_INPUT                                                                                  ;
;   11.376 ;   0.000  ; FF ; IC   ; 1      ; LABCELL_X36_Y18_N48                       ; u_soc|crypto_accelerator|u_core|u_aes|sb_in_f~555|dataf                                     ;
;   11.450 ;   0.074  ; FF ; CELL ; 1      ; LABCELL_X36_Y18_N48                       ; u_soc|crypto_accelerator|u_core|u_aes|sb_in_f~555|combout                                   ;
;   11.450 ;   0.000  ;    ; RE   ; 1      ; LABCELL_X36_Y18_N48                       ; ARRIAV_LCELL_COMB                                                                           ;
;   11.522 ;   0.072  ;    ; RE   ; 1      ; LOCAL_LINE_X36_Y18_N0_I16                 ; LOCAL_LINE                                                                                  ;
;   11.630 ;   0.108  ;    ; RE   ; 1      ; BLOCK_INPUT_MUX_X36_Y18_N0_I41            ; LEIM_INPUT                                                                                  ;
;   11.630 ;   0.000  ; FF ; IC   ; 1      ; LABCELL_X36_Y18_N30                       ; u_soc|crypto_accelerator|u_core|u_aes|sb_in_f~557|dataf                                     ;
;   11.704 ;   0.074  ; FF ; CELL ; 1      ; LABCELL_X36_Y18_N30                       ; u_soc|crypto_accelerator|u_core|u_aes|sb_in_f~557|combout                                   ;
;   11.704 ;   0.000  ;    ; RE   ; 1      ; LABCELL_X36_Y18_N30                       ; ARRIAV_LCELL_COMB                                                                           ;
;   11.793 ;   0.089  ;    ; RE   ; 1      ; LOCAL_LINE_X36_Y18_N0_I10                 ; LOCAL_LINE                                                                                  ;
;   11.911 ;   0.118  ;    ; RE   ; 1      ; BLOCK_INPUT_MUX_X36_Y18_N0_I17            ; LEIM_INPUT                                                                                  ;
;   11.912 ;   0.001  ; FF ; IC   ; 1      ; LABCELL_X36_Y18_N12                       ; u_soc|crypto_accelerator|u_core|u_aes|sb_in_f~559|dataf                                     ;
;   11.986 ;   0.074  ; FF ; CELL ; 1      ; LABCELL_X36_Y18_N12                       ; u_soc|crypto_accelerator|u_core|u_aes|sb_in_f~559|combout                                   ;
;   11.986 ;   0.000  ;    ; RE   ; 1      ; LABCELL_X36_Y18_N12                       ; ARRIAV_LCELL_COMB                                                                           ;
;   12.057 ;   0.071  ;    ; RE   ; 1      ; LOCAL_LINE_X36_Y18_N0_I4                  ; LOCAL_LINE                                                                                  ;
;   12.168 ;   0.111  ;    ; RE   ; 1      ; BLOCK_INPUT_MUX_X36_Y18_N0_I25            ; LEIM_INPUT                                                                                  ;
;   12.168 ;   0.000  ; FF ; IC   ; 1      ; LABCELL_X36_Y18_N18                       ; u_soc|crypto_accelerator|u_core|u_aes|sb_in_f~561|dataf                                     ;
;   12.241 ;   0.073  ; FF ; CELL ; 1      ; LABCELL_X36_Y18_N18                       ; u_soc|crypto_accelerator|u_core|u_aes|sb_in_f~561|combout                                   ;
;   12.241 ;   0.000  ;    ; RE   ; 1      ; LABCELL_X36_Y18_N18                       ; ARRIAV_LCELL_COMB                                                                           ;
;   12.331 ;   0.090  ;    ; RE   ; 1      ; LE_BUFFER_X36_Y18_N0_I13                  ; LE_BUFFER                                                                                   ;
;   12.464 ;   0.133  ;    ; RE   ; 1      ; LOCAL_INTERCONNECT_X35_Y18_N0_I36         ; LAB_LINE                                                                                    ;
;   12.566 ;   0.102  ;    ; RE   ; 1      ; BLOCK_INPUT_MUX_X35_Y18_N0_I33            ; LEIM_INPUT                                                                                  ;
;   12.566 ;   0.000  ; FF ; IC   ; 1      ; LABCELL_X35_Y18_N24                       ; u_soc|crypto_accelerator|u_core|u_aes|sb_in_f~563|dataf                                     ;
;   12.640 ;   0.074  ; FF ; CELL ; 1      ; LABCELL_X35_Y18_N24                       ; u_soc|crypto_accelerator|u_core|u_aes|sb_in_f~563|combout                                   ;
;   12.640 ;   0.000  ;    ; RE   ; 1      ; LABCELL_X35_Y18_N24                       ; ARRIAV_LCELL_COMB                                                                           ;
;   12.708 ;   0.068  ;    ; RE   ; 1      ; LOCAL_LINE_X35_Y18_N0_I8                  ; LOCAL_LINE                                                                                  ;
;   12.814 ;   0.106  ;    ; RE   ; 1      ; BLOCK_INPUT_MUX_X35_Y18_N0_I25            ; LEIM_INPUT                                                                                  ;
;   12.814 ;   0.000  ; FF ; IC   ; 1      ; LABCELL_X35_Y18_N18                       ; u_soc|crypto_accelerator|u_core|u_aes|sb_in_f~565|dataf                                     ;
;   12.887 ;   0.073  ; FF ; CELL ; 1      ; LABCELL_X35_Y18_N18                       ; u_soc|crypto_accelerator|u_core|u_aes|sb_in_f~565|combout                                   ;
;   12.887 ;   0.000  ;    ; RE   ; 1      ; LABCELL_X35_Y18_N18                       ; ARRIAV_LCELL_COMB                                                                           ;
;   12.957 ;   0.070  ;    ; RE   ; 1      ; LE_BUFFER_X35_Y18_N0_I13                  ; LE_BUFFER                                                                                   ;
;   13.086 ;   0.129  ;    ; RE   ; 1      ; LOCAL_INTERCONNECT_X34_Y18_N0_I36         ; LAB_LINE                                                                                    ;
;   13.196 ;   0.110  ;    ; RE   ; 1      ; BLOCK_INPUT_MUX_X34_Y18_N0_I1             ; LEIM_INPUT                                                                                  ;
;   13.196 ;   0.000  ; FF ; IC   ; 1      ; MLABCELL_X34_Y18_N0                       ; u_soc|crypto_accelerator|u_core|u_aes|sb_in_f~567|dataf                                     ;
;   13.268 ;   0.072  ; FF ; CELL ; 1      ; MLABCELL_X34_Y18_N0                       ; u_soc|crypto_accelerator|u_core|u_aes|sb_in_f~567|combout                                   ;
;   13.268 ;   0.000  ;    ; RE   ; 1      ; MLABCELL_X34_Y18_N0                       ; ARRIAV_LCELL_COMB                                                                           ;
;   13.353 ;   0.085  ;    ; RE   ; 1      ; LE_BUFFER_X34_Y18_N0_I1                   ; LE_BUFFER                                                                                   ;
;   13.572 ;   0.219  ;    ; RE   ; 1      ; C2_X33_Y16_N0_I18                         ; V_SEG2                                                                                      ;
;   13.845 ;   0.273  ;    ; RE   ; 1      ; R3_X31_Y17_N0_I20                         ; H_SEG3                                                                                      ;
;   14.023 ;   0.178  ;    ; RE   ; 1      ; LOCAL_INTERCONNECT_X31_Y17_N0_I28         ; LAB_LINE                                                                                    ;
;   14.127 ;   0.104  ;    ; RE   ; 1      ; BLOCK_INPUT_MUX_X31_Y17_N0_I17            ; LEIM_INPUT                                                                                  ;
;   14.127 ;   0.000  ; FF ; IC   ; 1      ; LABCELL_X31_Y17_N12                       ; u_soc|crypto_accelerator|u_core|u_aes|sb_in_f~569|dataf                                     ;
;   14.201 ;   0.074  ; FF ; CELL ; 1      ; LABCELL_X31_Y17_N12                       ; u_soc|crypto_accelerator|u_core|u_aes|sb_in_f~569|combout                                   ;
;   14.201 ;   0.000  ;    ; RE   ; 1      ; LABCELL_X31_Y17_N12                       ; ARRIAV_LCELL_COMB                                                                           ;
;   14.275 ;   0.074  ;    ; RE   ; 1      ; LOCAL_LINE_X31_Y17_N0_I4                  ; LOCAL_LINE                                                                                  ;
;   14.388 ;   0.113  ;    ; RE   ; 1      ; BLOCK_INPUT_MUX_X31_Y17_N0_I1             ; LEIM_INPUT                                                                                  ;
;   14.388 ;   0.000  ; FF ; IC   ; 1      ; LABCELL_X31_Y17_N0                        ; u_soc|crypto_accelerator|u_core|u_aes|Selector4548~1|dataf                                  ;
;   14.472 ;   0.084  ; FR ; CELL ; 4      ; LABCELL_X31_Y17_N0                        ; u_soc|crypto_accelerator|u_core|u_aes|Selector4548~1|combout                                ;
;   14.472 ;   0.000  ;    ; RE   ; 2      ; LABCELL_X31_Y17_N0                        ; ARRIAV_LCELL_COMB                                                                           ;
;   14.601 ;   0.129  ;    ; RE   ; 3      ; LOCAL_LINE_X31_Y17_N0_I0                  ; LOCAL_LINE                                                                                  ;
;   14.720 ;   0.119  ;    ; RE   ; 1      ; BLOCK_INPUT_MUX_X31_Y17_N0_I72            ; LEIM_INPUT                                                                                  ;
;   14.719 ;   -0.001 ; RR ; IC   ; 1      ; LABCELL_X31_Y17_N54                       ; u_soc|crypto_accelerator|u_core|u_aes|u_sub_byte_core|gf_in_f[7]~3|datad                    ;
;   15.023 ;   0.304  ; RF ; CELL ; 9      ; LABCELL_X31_Y17_N54                       ; u_soc|crypto_accelerator|u_core|u_aes|u_sub_byte_core|gf_in_f[7]~3|combout                  ;
;   15.023 ;   0.000  ;    ; RE   ; 3      ; LABCELL_X31_Y17_N54                       ; ARRIAV_LCELL_COMB                                                                           ;
;   15.076 ;   0.053  ;    ; RE   ; 1      ; LE_BUFFER_X31_Y17_N0_I36                  ; LE_BUFFER                                                                                   ;
;   15.295 ;   0.219  ;    ; RE   ; 1      ; R3_X32_Y17_N0_I7                          ; H_SEG3                                                                                      ;
;   15.495 ;   0.200  ;    ; RE   ; 2      ; LOCAL_INTERCONNECT_X34_Y17_N0_I21         ; LAB_LINE                                                                                    ;
;   15.597 ;   0.102  ;    ; RE   ; 1      ; BLOCK_INPUT_MUX_X34_Y17_N0_I49            ; LEIM_INPUT                                                                                  ;
;   15.598 ;   0.001  ; FF ; IC   ; 1      ; MLABCELL_X34_Y17_N36                      ; u_soc|crypto_accelerator|u_core|u_aes|u_sub_byte_core|gf_0|ah_t[3]|dataf                    ;
;   15.673 ;   0.075  ; FF ; CELL ; 22     ; MLABCELL_X34_Y17_N36                      ; u_soc|crypto_accelerator|u_core|u_aes|u_sub_byte_core|gf_0|ah_t[3]|combout                  ;
;   15.673 ;   0.000  ;    ; RE   ; 2      ; MLABCELL_X34_Y17_N36                      ; ARRIAV_LCELL_COMB                                                                           ;
;   15.762 ;   0.089  ;    ; RE   ; 1      ; LE_BUFFER_X34_Y17_N0_I25                  ; LE_BUFFER                                                                                   ;
;   15.901 ;   0.139  ;    ; RE   ; 2      ; LOCAL_INTERCONNECT_X33_Y17_N0_I41         ; LAB_LINE                                                                                    ;
;   16.022 ;   0.121  ;    ; RE   ; 1      ; BLOCK_INPUT_MUX_X33_Y17_N0_I56            ; LEIM_INPUT                                                                                  ;
;   16.022 ;   0.000  ; FF ; IC   ; 1      ; LABCELL_X33_Y17_N42                       ; u_soc|crypto_accelerator|u_core|u_aes|u_sub_byte_core|gf_0|ah_sq_lam_f[0]|datad             ;
;   16.309 ;   0.287  ; FF ; CELL ; 21     ; LABCELL_X33_Y17_N42                       ; u_soc|crypto_accelerator|u_core|u_aes|u_sub_byte_core|gf_0|ah_sq_lam_f[0]|combout           ;
;   16.309 ;   0.000  ;    ; RE   ; 2      ; LABCELL_X33_Y17_N42                       ; ARRIAV_LCELL_COMB                                                                           ;
;   16.385 ;   0.076  ;    ; RE   ; 1      ; LE_BUFFER_X33_Y17_N0_I28                  ; LE_BUFFER                                                                                   ;
;   16.612 ;   0.227  ;    ; RE   ; 1      ; C2_X33_Y15_N0_I15                         ; V_SEG2                                                                                      ;
;   16.876 ;   0.264  ;    ; RE   ; 1      ; R3_X31_Y15_N0_I23                         ; H_SEG3                                                                                      ;
;   17.075 ;   0.199  ;    ; RE   ; 3      ; LOCAL_INTERCONNECT_X31_Y15_N0_I19         ; LAB_LINE                                                                                    ;
;   17.189 ;   0.114  ;    ; RE   ; 1      ; BLOCK_INPUT_MUX_X31_Y15_N0_I21            ; LEIM_INPUT                                                                                  ;
;   17.189 ;   0.000  ; FF ; IC   ; 1      ; LABCELL_X31_Y15_N15                       ; u_soc|crypto_accelerator|u_core|u_aes|u_sub_byte_core|gf_0|dr_xor2~10|datac                 ;
;   17.599 ;   0.410  ; FF ; CELL ; 1      ; LABCELL_X31_Y15_N15                       ; u_soc|crypto_accelerator|u_core|u_aes|u_sub_byte_core|gf_0|dr_xor2~10|combout               ;
;   17.599 ;   0.000  ;    ; RE   ; 1      ; LABCELL_X31_Y15_N15                       ; ARRIAV_LCELL_COMB                                                                           ;
;   17.684 ;   0.085  ;    ; RE   ; 1      ; LOCAL_LINE_X31_Y15_N0_I5                  ; LOCAL_LINE                                                                                  ;
;   17.798 ;   0.114  ;    ; RE   ; 1      ; BLOCK_INPUT_MUX_X31_Y15_N0_I49            ; LEIM_INPUT                                                                                  ;
;   17.798 ;   0.000  ; FF ; IC   ; 1      ; LABCELL_X31_Y15_N36                       ; u_soc|crypto_accelerator|u_core|u_aes|u_sub_byte_core|gf_0|dr_xor2~11|dataf                 ;
;   17.880 ;   0.082  ; FR ; CELL ; 2      ; LABCELL_X31_Y15_N36                       ; u_soc|crypto_accelerator|u_core|u_aes|u_sub_byte_core|gf_0|dr_xor2~11|combout               ;
;   17.880 ;   0.000  ;    ; RE   ; 1      ; LABCELL_X31_Y15_N36                       ; ARRIAV_LCELL_COMB                                                                           ;
;   18.009 ;   0.129  ;    ; RE   ; 2      ; LOCAL_LINE_X31_Y15_N0_I12                 ; LOCAL_LINE                                                                                  ;
;   18.129 ;   0.120  ;    ; RE   ; 1      ; BLOCK_INPUT_MUX_X31_Y15_N0_I0             ; LEIM_INPUT                                                                                  ;
;   18.129 ;   0.000  ; RR ; IC   ; 1      ; LABCELL_X31_Y15_N0                        ; u_soc|crypto_accelerator|u_core|u_aes|u_sub_byte_core|gf_0|dr_xor2~13|datad                 ;
;   18.433 ;   0.304  ; RF ; CELL ; 4      ; LABCELL_X31_Y15_N0                        ; u_soc|crypto_accelerator|u_core|u_aes|u_sub_byte_core|gf_0|dr_xor2~13|combout               ;
;   18.433 ;   0.000  ;    ; RE   ; 3      ; LABCELL_X31_Y15_N0                        ; ARRIAV_LCELL_COMB                                                                           ;
;   18.490 ;   0.057  ;    ; RE   ; 1      ; LE_BUFFER_X31_Y15_N0_I0                   ; LE_BUFFER                                                                                   ;
;   18.643 ;   0.153  ;    ; RE   ; 2      ; R6_X26_Y15_N0_I22                         ; H_SEG6                                                                                      ;
;   18.852 ;   0.209  ;    ; RE   ; 1      ; LOCAL_INTERCONNECT_X31_Y15_N0_I35         ; LAB_LINE                                                                                    ;
;   18.970 ;   0.118  ;    ; RE   ; 1      ; BLOCK_INPUT_MUX_X31_Y15_N0_I73            ; LEIM_INPUT                                                                                  ;
;   18.969 ;   -0.001 ; FF ; IC   ; 1      ; LABCELL_X31_Y15_N54                       ; u_soc|crypto_accelerator|u_core|u_aes|u_sub_byte_core|gf_0|ah_mul_al_t[1]~1|dataf           ;
;   19.045 ;   0.076  ; FF ; CELL ; 2      ; LABCELL_X31_Y15_N54                       ; u_soc|crypto_accelerator|u_core|u_aes|u_sub_byte_core|gf_0|ah_mul_al_t[1]~1|combout         ;
;   19.045 ;   0.000  ;    ; RE   ; 2      ; LABCELL_X31_Y15_N54                       ; ARRIAV_LCELL_COMB                                                                           ;
;   19.126 ;   0.081  ;    ; RE   ; 1      ; LOCAL_LINE_X31_Y15_N0_I18                 ; LOCAL_LINE                                                                                  ;
;   19.249 ;   0.123  ;    ; RE   ; 1      ; BLOCK_INPUT_MUX_X31_Y15_N0_I46            ; LEIM_INPUT                                                                                  ;
;   19.249 ;   0.000  ; FF ; IC   ; 1      ; LABCELL_X31_Y15_N33                       ; u_soc|crypto_accelerator|u_core|u_aes|u_sub_byte_core|gf_0|dr_xor2~27|datae                 ;
;   19.505 ;   0.256  ; FF ; CELL ; 6      ; LABCELL_X31_Y15_N33                       ; u_soc|crypto_accelerator|u_core|u_aes|u_sub_byte_core|gf_0|dr_xor2~27|combout               ;
;   19.505 ;   0.000  ;    ; RE   ; 2      ; LABCELL_X31_Y15_N33                       ; ARRIAV_LCELL_COMB                                                                           ;
;   19.575 ;   0.070  ;    ; RE   ; 1      ; LE_BUFFER_X31_Y15_N0_I23                  ; LE_BUFFER                                                                                   ;
;   19.728 ;   0.153  ;    ; RE   ; 1      ; R6_X31_Y15_N0_I16                         ; H_SEG6                                                                                      ;
;   19.896 ;   0.168  ;    ; RE   ; 1      ; LOCAL_INTERCONNECT_X31_Y15_N0_I16         ; LAB_LINE                                                                                    ;
;   19.998 ;   0.102  ;    ; RE   ; 1      ; BLOCK_INPUT_MUX_X31_Y15_N0_I54            ; LEIM_INPUT                                                                                  ;
;   19.997 ;   -0.001 ; FF ; IC   ; 1      ; LABCELL_X31_Y15_N39                       ; u_soc|crypto_accelerator|u_core|u_aes|u_sub_byte_core|gf_0|d_f[1]|datad                     ;
;   20.301 ;   0.304  ; FF ; CELL ; 17     ; LABCELL_X31_Y15_N39                       ; u_soc|crypto_accelerator|u_core|u_aes|u_sub_byte_core|gf_0|d_f[1]|combout                   ;
;   20.301 ;   0.000  ;    ; RE   ; 2      ; LABCELL_X31_Y15_N39                       ; ARRIAV_LCELL_COMB                                                                           ;
;   20.385 ;   0.084  ;    ; RE   ; 5      ; LE_BUFFER_X31_Y15_N0_I26                  ; LE_BUFFER                                                                                   ;
;   20.554 ;   0.169  ;    ; RE   ; 1      ; C2_X31_Y16_N0_I10                         ; V_SEG2                                                                                      ;
;   20.754 ;   0.200  ;    ; RE   ; 2      ; R3_X29_Y16_N0_I14                         ; H_SEG3                                                                                      ;
;   20.894 ;   0.140  ;    ; RE   ; 1      ; LOCAL_INTERCONNECT_X29_Y16_N0_I2          ; LAB_LINE                                                                                    ;
;   20.995 ;   0.101  ;    ; RE   ; 1      ; BLOCK_INPUT_MUX_X29_Y16_N0_I30            ; LEIM_INPUT                                                                                  ;
;   20.994 ;   -0.001 ; FF ; IC   ; 1      ; LABCELL_X29_Y16_N21                       ; u_soc|crypto_accelerator|u_core|u_aes|u_sub_byte_core|gf_0|d_inv_t[3]~6|datae               ;
;   21.250 ;   0.256  ; FF ; CELL ; 3      ; LABCELL_X29_Y16_N21                       ; u_soc|crypto_accelerator|u_core|u_aes|u_sub_byte_core|gf_0|d_inv_t[3]~6|combout             ;
;   21.250 ;   0.000  ;    ; RE   ; 2      ; LABCELL_X29_Y16_N21                       ; ARRIAV_LCELL_COMB                                                                           ;
;   21.326 ;   0.076  ;    ; RE   ; 2      ; LOCAL_LINE_X29_Y16_N0_I7                  ; LOCAL_LINE                                                                                  ;
;   21.449 ;   0.123  ;    ; RE   ; 1      ; BLOCK_INPUT_MUX_X29_Y16_N0_I8             ; LEIM_INPUT                                                                                  ;
;   21.449 ;   0.000  ; FF ; IC   ; 1      ; LABCELL_X29_Y16_N6                        ; u_soc|crypto_accelerator|u_core|u_aes|u_sub_byte_core|gf_0|d_inv_t[3]~7|datad               ;
;   21.752 ;   0.303  ; FR ; CELL ; 8      ; LABCELL_X29_Y16_N6                        ; u_soc|crypto_accelerator|u_core|u_aes|u_sub_byte_core|gf_0|d_inv_t[3]~7|combout             ;
;   21.752 ;   0.000  ;    ; RE   ; 2      ; LABCELL_X29_Y16_N6                        ; ARRIAV_LCELL_COMB                                                                           ;
;   21.841 ;   0.089  ;    ; RE   ; 2      ; LE_BUFFER_X29_Y16_N0_I4                   ; LE_BUFFER                                                                                   ;
;   21.977 ;   0.136  ;    ; RE   ; 1      ; C2_X29_Y14_N0_I19                         ; V_SEG2                                                                                      ;
;   22.107 ;   0.130  ;    ; RE   ; 1      ; R3_X27_Y15_N0_I12                         ; H_SEG3                                                                                      ;
;   22.233 ;   0.126  ;    ; RE   ; 1      ; LOCAL_INTERCONNECT_X28_Y15_N0_I9          ; LAB_LINE                                                                                    ;
;   22.344 ;   0.111  ;    ; RE   ; 1      ; BLOCK_INPUT_MUX_X28_Y15_N0_I32            ; LEIM_INPUT                                                                                  ;
;   22.344 ;   0.000  ; RR ; IC   ; 1      ; MLABCELL_X28_Y15_N24                      ; u_soc|crypto_accelerator|u_core|u_aes|u_sub_byte_core|gf_0|dr_xor2~67|datae                 ;
;   22.601 ;   0.257  ; RF ; CELL ; 4      ; MLABCELL_X28_Y15_N24                      ; u_soc|crypto_accelerator|u_core|u_aes|u_sub_byte_core|gf_0|dr_xor2~67|combout               ;
;   22.601 ;   0.000  ;    ; RE   ; 1      ; MLABCELL_X28_Y15_N24                      ; ARRIAV_LCELL_COMB                                                                           ;
;   22.664 ;   0.063  ;    ; RE   ; 2      ; LE_BUFFER_X28_Y15_N0_I16                  ; LE_BUFFER                                                                                   ;
;   22.818 ;   0.154  ;    ; RE   ; 1      ; C2_X28_Y16_N0_I9                          ; V_SEG2                                                                                      ;
;   22.994 ;   0.176  ;    ; RE   ; 1      ; R6_X23_Y16_N0_I26                         ; H_SEG6                                                                                      ;
;   23.176 ;   0.182  ;    ; RE   ; 2      ; LOCAL_INTERCONNECT_X28_Y16_N0_I41         ; LAB_LINE                                                                                    ;
;   23.303 ;   0.127  ;    ; RE   ; 1      ; BLOCK_INPUT_MUX_X28_Y16_N0_I72            ; LEIM_INPUT                                                                                  ;
;   23.304 ;   0.001  ; FF ; IC   ; 1      ; MLABCELL_X28_Y16_N54                      ; u_soc|crypto_accelerator|u_core|u_aes|u_sub_byte_core|gf_0|dr_xor2~69|datad                 ;
;   23.610 ;   0.306  ; FR ; CELL ; 2      ; MLABCELL_X28_Y16_N54                      ; u_soc|crypto_accelerator|u_core|u_aes|u_sub_byte_core|gf_0|dr_xor2~69|combout               ;
;   23.610 ;   0.000  ;    ; RE   ; 2      ; MLABCELL_X28_Y16_N54                      ; ARRIAV_LCELL_COMB                                                                           ;
;   23.719 ;   0.109  ;    ; RE   ; 1      ; LE_BUFFER_X28_Y16_N0_I37                  ; LE_BUFFER                                                                                   ;
;   23.849 ;   0.130  ;    ; RE   ; 1      ; R3_X28_Y16_N0_I7                          ; H_SEG3                                                                                      ;
;   23.983 ;   0.134  ;    ; RE   ; 1      ; LOCAL_INTERCONNECT_X28_Y16_N0_I15         ; LAB_LINE                                                                                    ;
;   24.095 ;   0.112  ;    ; RE   ; 1      ; BLOCK_INPUT_MUX_X28_Y16_N0_I23            ; LEIM_INPUT                                                                                  ;
;   24.095 ;   0.000  ; RR ; IC   ; 1      ; MLABCELL_X28_Y16_N15                      ; u_soc|crypto_accelerator|u_core|u_aes|u_sub_byte_core|gf_0|al_out_t[2]|dataf                ;
;   24.182 ;   0.087  ; RF ; CELL ; 6      ; MLABCELL_X28_Y16_N15                      ; u_soc|crypto_accelerator|u_core|u_aes|u_sub_byte_core|gf_0|al_out_t[2]|combout              ;
;   24.182 ;   0.000  ;    ; RE   ; 2      ; MLABCELL_X28_Y16_N15                      ; ARRIAV_LCELL_COMB                                                                           ;
;   24.278 ;   0.096  ;    ; RE   ; 2      ; LOCAL_LINE_X28_Y16_N0_I5                  ; LOCAL_LINE                                                                                  ;
;   24.408 ;   0.130  ;    ; RE   ; 2      ; BLOCK_INPUT_MUX_X28_Y16_N0_I61            ; LEIM_INPUT                                                                                  ;
;   24.408 ;   0.000  ; FF ; IC   ; 1      ; MLABCELL_X28_Y16_N45                      ; u_soc|crypto_accelerator|u_core|u_aes|u_sub_byte_core|gf_0|data_out_f[5]~5|datac            ;
;   24.907 ;   0.499  ; FF ; CELL ; 5      ; MLABCELL_X28_Y16_N45                      ; u_soc|crypto_accelerator|u_core|u_aes|u_sub_byte_core|gf_0|data_out_f[5]~5|combout          ;
;   24.907 ;   0.000  ;    ; RE   ; 2      ; MLABCELL_X28_Y16_N45                      ; ARRIAV_LCELL_COMB                                                                           ;
;   24.963 ;   0.056  ;    ; RE   ; 1      ; LE_BUFFER_X28_Y16_N0_I30                  ; LE_BUFFER                                                                                   ;
;   25.111 ;   0.148  ;    ; RE   ; 1      ; C2_X28_Y14_N0_I15                         ; V_SEG2                                                                                      ;
;   25.286 ;   0.175  ;    ; RE   ; 1      ; R3_X26_Y15_N0_I13                         ; H_SEG3                                                                                      ;
;   25.472 ;   0.186  ;    ; RE   ; 1      ; LOCAL_INTERCONNECT_X27_Y15_N0_I19         ; LAB_LINE                                                                                    ;
;   25.591 ;   0.119  ;    ; RE   ; 1      ; BLOCK_INPUT_MUX_X27_Y15_N0_I53            ; LEIM_INPUT                                                                                  ;
;   25.591 ;   0.000  ; FF ; IC   ; 1      ; LABCELL_X27_Y15_N39                       ; u_soc|crypto_accelerator|u_core|u_aes|u_sub_byte_core|aff_trans_0|aff_trans_out_f~0|datac   ;
;   25.999 ;   0.408  ; FF ; CELL ; 5      ; LABCELL_X27_Y15_N39                       ; u_soc|crypto_accelerator|u_core|u_aes|u_sub_byte_core|aff_trans_0|aff_trans_out_f~0|combout ;
;   25.999 ;   0.000  ;    ; RE   ; 1      ; LABCELL_X27_Y15_N39                       ; ARRIAV_LCELL_COMB                                                                           ;
;   26.081 ;   0.082  ;    ; RE   ; 3      ; LE_BUFFER_X27_Y15_N0_I27                  ; LE_BUFFER                                                                                   ;
;   26.265 ;   0.184  ;    ; RE   ; 1      ; C4_X26_Y16_N0_I0                          ; V_SEG4                                                                                      ;
;   26.477 ;   0.212  ;    ; RE   ; 1      ; LOCAL_INTERCONNECT_X27_Y16_N0_I12         ; LAB_LINE                                                                                    ;
;   26.592 ;   0.115  ;    ; RE   ; 1      ; BLOCK_INPUT_MUX_X27_Y16_N0_I28            ; LEIM_INPUT                                                                                  ;
;   26.591 ;   -0.001 ; FF ; IC   ; 1      ; LABCELL_X27_Y16_N18                       ; u_soc|crypto_accelerator|u_core|u_aes|u_sub_byte_core|data_out_f[7]~7|datac                 ;
;   27.005 ;   0.414  ; FF ; CELL ; 20     ; LABCELL_X27_Y16_N18                       ; u_soc|crypto_accelerator|u_core|u_aes|u_sub_byte_core|data_out_f[7]~7|combout               ;
;   27.005 ;   0.000  ;    ; RE   ; 2      ; LABCELL_X27_Y16_N18                       ; ARRIAV_LCELL_COMB                                                                           ;
;   27.100 ;   0.095  ;    ; RE   ; 5      ; LE_BUFFER_X27_Y16_N0_I12                  ; LE_BUFFER                                                                                   ;
;   27.327 ;   0.227  ;    ; RE   ; 2      ; C2_X27_Y14_N0_I12                         ; V_SEG2                                                                                      ;
;   27.556 ;   0.229  ;    ; RE   ; 3      ; C2_X27_Y12_N0_I12                         ; V_SEG2                                                                                      ;
;   27.777 ;   0.221  ;    ; RE   ; 1      ; R6_X28_Y13_N0_I17                         ; H_SEG6                                                                                      ;
;   27.986 ;   0.209  ;    ; RE   ; 1      ; R3_X28_Y13_N0_I7                          ; H_SEG3                                                                                      ;
;   28.137 ;   0.151  ;    ; RE   ; 1      ; LOCAL_INTERCONNECT_X28_Y13_N0_I42         ; LAB_LINE                                                                                    ;
;   28.255 ;   0.118  ;    ; RE   ; 1      ; BLOCK_INPUT_MUX_X28_Y13_N0_I70            ; LEIM_INPUT                                                                                  ;
;   28.256 ;   0.001  ; FF ; IC   ; 1      ; FF_X28_Y13_N53                            ; u_soc|crypto_accelerator|u_core|u_aes|buf_a_f[5][7]|asdata                                  ;
;   28.771 ;   0.515  ; FF ; CELL ; 1      ; FF_X28_Y13_N53                            ; soc:u_soc|axi_slave_top:crypto_accelerator|axi_slave_core:u_core|aes:u_aes|buf_a_f[5][7]    ;
+----------+----------+----+------+--------+-------------------------------------------+---------------------------------------------------------------------------------------------+

+----------------------------------------------------------------------------------------------------------------------------------------------------+
; Data Required Path                                                                                                                                 ;
+---------+---------+----+------+--------+----------------+------------------------------------------------------------------------------------------+
; Total   ; Incr    ; RF ; Type ; Fanout ; Location       ; Element                                                                                  ;
+---------+---------+----+------+--------+----------------+------------------------------------------------------------------------------------------+
; 1.000   ; 1.000   ;    ;      ;        ;                ; latch edge time                                                                          ;
; 4.636   ; 3.636   ;    ;      ;        ;                ; clock path                                                                               ;
;   4.580 ;   3.580 ; R  ;      ;        ;                ; clock network delay                                                                      ;
;   4.636 ;   0.056 ;    ;      ;        ;                ; clock pessimism removed                                                                  ;
; 4.466   ; -0.170  ;    ;      ;        ;                ; clock uncertainty                                                                        ;
; 4.466   ; 0.000   ;    ; uTsu ; 1      ; FF_X28_Y13_N53 ; soc:u_soc|axi_slave_top:crypto_accelerator|axi_slave_core:u_core|aes:u_aes|buf_a_f[5][7] ;
+---------+---------+----+------+--------+----------------+------------------------------------------------------------------------------------------+

----------------------------
; Extra Fitter Information ;
----------------------------
HTML report is unavailable in plain text report export.


Path #19: Setup slack is -24.304 (VIOLATED)
===============================================================================
+---------------------------------------------------------------------------------------------------------------+
; Path Summary                                                                                                  ;
+--------------------+------------------------------------------------------------------------------------------+
; Property           ; Value                                                                                    ;
+--------------------+------------------------------------------------------------------------------------------+
; From Node          ; soc:u_soc|axi_slave_top:crypto_accelerator|axi_slave_core:u_core|aes:u_aes|kexp_i[1]     ;
; To Node            ; soc:u_soc|axi_slave_top:crypto_accelerator|axi_slave_core:u_core|aes:u_aes|buf_a_f[5][7] ;
; Launch Clock       ; CLOCK_50                                                                                 ;
; Latch Clock        ; CLOCK_50                                                                                 ;
; Data Arrival Time  ; 28.770                                                                                   ;
; Data Required Time ; 4.466                                                                                    ;
; Slack              ; -24.304 (VIOLATED)                                                                       ;
+--------------------+------------------------------------------------------------------------------------------+

+----------------------------------------------------------------------------------------+
; Statistics                                                                             ;
+---------------------------+--------+-------+-------------+------------+--------+-------+
; Property                  ; Value  ; Count ; Total Delay ; % of Total ; Min    ; Max   ;
+---------------------------+--------+-------+-------------+------------+--------+-------+
; Setup Relationship        ; 1.000  ;       ;             ;            ;        ;       ;
; Clock Skew                ; -0.423 ;       ;             ;            ;        ;       ;
; Data Delay                ; 24.711 ;       ;             ;            ;        ;       ;
; Number of Logic Levels    ;        ; 32    ;             ;            ;        ;       ;
; Physical Delays           ;        ;       ;             ;            ;        ;       ;
;  Arrival Path             ;        ;       ;             ;            ;        ;       ;
;   Clock                   ;        ;       ;             ;            ;        ;       ;
;    Clock Network (Lumped) ;        ; 1     ; 4.059       ; 100        ; 4.059  ; 4.059 ;
;   Data                    ;        ;       ;             ;            ;        ;       ;
;    IC                     ;        ; 33    ; 0.001       ; 0          ; -0.001 ; 0.001 ;
;    Cell                   ;        ; 34    ; 8.056       ; 33         ; 0.000  ; 0.515 ;
;    uTco                   ;        ; 1     ; 0.000       ; 0          ; 0.000  ; 0.000 ;
;    Routing Element        ;        ; 153   ; 16.654      ; 67         ; 0.000  ; 0.401 ;
;  Required Path            ;        ;       ;             ;            ;        ;       ;
;   Clock                   ;        ;       ;             ;            ;        ;       ;
;    Clock Network (Lumped) ;        ; 1     ; 3.580       ; 100        ; 3.580  ; 3.580 ;
+---------------------------+--------+-------+-------------+------------+--------+-------+
Note: Negative delays are omitted from totals when calculating percentages

+------------------------------------------------------------------------------------------------------------------------------------------------------------------------------------+
; Data Arrival Path                                                                                                                                                                  ;
+----------+----------+----+------+--------+-------------------------------------------+---------------------------------------------------------------------------------------------+
; Total    ; Incr     ; RF ; Type ; Fanout ; Location                                  ; Element                                                                                     ;
+----------+----------+----+------+--------+-------------------------------------------+---------------------------------------------------------------------------------------------+
; 0.000    ; 0.000    ;    ;      ;        ;                                           ; launch edge time                                                                            ;
; 4.059    ; 4.059    ;    ;      ;        ;                                           ; clock path                                                                                  ;
;   4.059  ;   4.059  ; R  ;      ;        ;                                           ; clock network delay                                                                         ;
; 28.770   ; 24.711   ;    ;      ;        ;                                           ; data path                                                                                   ;
;   4.059  ;   0.000  ;    ; uTco ; 1      ; FF_X30_Y23_N2                             ; soc:u_soc|axi_slave_top:crypto_accelerator|axi_slave_core:u_core|aes:u_aes|kexp_i[1]        ;
;   4.059  ;   0.000  ; FF ; CELL ; 239    ; FF_X30_Y23_N2                             ; u_soc|crypto_accelerator|u_core|u_aes|kexp_i[1]|q                                           ;
;   4.109  ;   0.050  ;    ; RE   ; 3      ; FF_X30_Y23_N2                             ; ARRIAV_FF                                                                                   ;
;   4.197  ;   0.088  ;    ; RE   ; 5      ; LE_BUFFER_X30_Y23_N0_I1                   ; LE_BUFFER                                                                                   ;
;   4.598  ;   0.401  ;    ; RE   ; 8      ; R6_X30_Y23_N0_I11                         ; H_SEG6                                                                                      ;
;   4.941  ;   0.343  ;    ; RE   ; 3      ; R6_X35_Y23_N0_I10                         ; H_SEG6                                                                                      ;
;   5.177  ;   0.236  ;    ; RE   ; 2      ; LOCAL_INTERCONNECT_X36_Y23_N0_I1          ; LAB_LINE                                                                                    ;
;   5.299  ;   0.122  ;    ; RE   ; 1      ; BLOCK_INPUT_MUX_X36_Y23_N0_I64            ; LEIM_INPUT                                                                                  ;
;   5.299  ;   0.000  ; FF ; IC   ; 1      ; LABCELL_X36_Y23_N48                       ; u_soc|crypto_accelerator|u_core|u_aes|sb_in_f~20|datad                                      ;
;   5.587  ;   0.288  ; FF ; CELL ; 3      ; LABCELL_X36_Y23_N48                       ; u_soc|crypto_accelerator|u_core|u_aes|sb_in_f~20|combout                                    ;
;   5.587  ;   0.000  ;    ; RE   ; 2      ; LABCELL_X36_Y23_N48                       ; ARRIAV_LCELL_COMB                                                                           ;
;   5.664  ;   0.077  ;    ; RE   ; 1      ; LOCAL_LINE_X36_Y23_N0_I16                 ; LOCAL_LINE                                                                                  ;
;   5.785  ;   0.121  ;    ; RE   ; 1      ; BLOCK_INPUT_MUX_X36_Y23_N0_I28            ; LEIM_INPUT                                                                                  ;
;   5.785  ;   0.000  ; FF ; IC   ; 1      ; LABCELL_X36_Y23_N18                       ; u_soc|crypto_accelerator|u_core|u_aes|sb_in_f~22|datac                                      ;
;   6.202  ;   0.417  ; FF ; CELL ; 48     ; LABCELL_X36_Y23_N18                       ; u_soc|crypto_accelerator|u_core|u_aes|sb_in_f~22|combout                                    ;
;   6.202  ;   0.000  ;    ; RE   ; 2      ; LABCELL_X36_Y23_N18                       ; ARRIAV_LCELL_COMB                                                                           ;
;   6.299  ;   0.097  ;    ; RE   ; 2      ; LE_BUFFER_X36_Y23_N0_I13                  ; LE_BUFFER                                                                                   ;
;   6.497  ;   0.198  ;    ; RE   ; 2      ; R3_X36_Y23_N0_I1                          ; H_SEG3                                                                                      ;
;   6.497  ;   0.000  ;    ; RE   ; 2      ; R14_C12_INTERCONNECT_DRIVER_X36_Y23_N0_I1 ; WIRE_MUX                                                                                    ;
;   6.740  ;   0.243  ;    ; RE   ; 2      ; R14_X23_Y23_N0_I1                         ; H_SEG14                                                                                     ;
;   6.966  ;   0.226  ;    ; RE   ; 1      ; C2_X22_Y21_N0_I15                         ; V_SEG2                                                                                      ;
;   7.290  ;   0.324  ;    ; RE   ; 1      ; R6_X17_Y21_N0_I26                         ; H_SEG6                                                                                      ;
;   7.504  ;   0.214  ;    ; RE   ; 3      ; LOCAL_INTERCONNECT_X19_Y21_N0_I12         ; LAB_LINE                                                                                    ;
;   7.618  ;   0.114  ;    ; RE   ; 1      ; BLOCK_INPUT_MUX_X19_Y21_N0_I71            ; LEIM_INPUT                                                                                  ;
;   7.618  ;   0.000  ; FF ; IC   ; 1      ; LABCELL_X19_Y21_N51                       ; u_soc|crypto_accelerator|u_core|u_aes|sb_in_f~545|dataf                                     ;
;   7.689  ;   0.071  ; FF ; CELL ; 1      ; LABCELL_X19_Y21_N51                       ; u_soc|crypto_accelerator|u_core|u_aes|sb_in_f~545|combout                                   ;
;   7.689  ;   0.000  ;    ; RE   ; 1      ; LABCELL_X19_Y21_N51                       ; ARRIAV_LCELL_COMB                                                                           ;
;   7.745  ;   0.056  ;    ; RE   ; 1      ; LE_BUFFER_X19_Y21_N0_I34                  ; LE_BUFFER                                                                                   ;
;   7.885  ;   0.140  ;    ; RE   ; 1      ; R3_X17_Y21_N0_I21                         ; H_SEG3                                                                                      ;
;   7.885  ;   0.000  ;    ; RE   ; 1      ; R14_C12_INTERCONNECT_DRIVER_X19_Y21_N0_I2 ; WIRE_MUX                                                                                    ;
;   8.123  ;   0.238  ;    ; RE   ; 1      ; R14_X20_Y21_N0_I0                         ; H_SEG14                                                                                     ;
;   8.332  ;   0.209  ;    ; RE   ; 1      ; C2_X30_Y22_N0_I7                          ; V_SEG2                                                                                      ;
;   8.509  ;   0.177  ;    ; RE   ; 1      ; R6_X31_Y22_N0_I16                         ; H_SEG6                                                                                      ;
;   8.677  ;   0.168  ;    ; RE   ; 1      ; LOCAL_INTERCONNECT_X31_Y22_N0_I16         ; LAB_LINE                                                                                    ;
;   8.784  ;   0.107  ;    ; RE   ; 1      ; BLOCK_INPUT_MUX_X31_Y22_N0_I56            ; LEIM_INPUT                                                                                  ;
;   8.784  ;   0.000  ; FF ; IC   ; 1      ; LABCELL_X31_Y22_N42                       ; u_soc|crypto_accelerator|u_core|u_aes|sb_in_f~761|datad                                     ;
;   9.086  ;   0.302  ; FR ; CELL ; 1      ; LABCELL_X31_Y22_N42                       ; u_soc|crypto_accelerator|u_core|u_aes|sb_in_f~761|combout                                   ;
;   9.086  ;   0.000  ;    ; RE   ; 1      ; LABCELL_X31_Y22_N42                       ; ARRIAV_LCELL_COMB                                                                           ;
;   9.174  ;   0.088  ;    ; RE   ; 1      ; LOCAL_LINE_X31_Y22_N0_I14                 ; LOCAL_LINE                                                                                  ;
;   9.279  ;   0.105  ;    ; RE   ; 1      ; BLOCK_INPUT_MUX_X31_Y22_N0_I65            ; LEIM_INPUT                                                                                  ;
;   9.279  ;   0.000  ; RR ; IC   ; 1      ; LABCELL_X31_Y22_N48                       ; u_soc|crypto_accelerator|u_core|u_aes|sb_in_f~546|dataf                                     ;
;   9.357  ;   0.078  ; RR ; CELL ; 1      ; LABCELL_X31_Y22_N48                       ; u_soc|crypto_accelerator|u_core|u_aes|sb_in_f~546|combout                                   ;
;   9.357  ;   0.000  ;    ; RE   ; 1      ; LABCELL_X31_Y22_N48                       ; ARRIAV_LCELL_COMB                                                                           ;
;   9.457  ;   0.100  ;    ; RE   ; 1      ; LOCAL_LINE_X31_Y22_N0_I16                 ; LOCAL_LINE                                                                                  ;
;   9.564  ;   0.107  ;    ; RE   ; 1      ; BLOCK_INPUT_MUX_X31_Y22_N0_I17            ; LEIM_INPUT                                                                                  ;
;   9.564  ;   0.000  ; RR ; IC   ; 1      ; LABCELL_X31_Y22_N12                       ; u_soc|crypto_accelerator|u_core|u_aes|sb_in_f~548|dataf                                     ;
;   9.648  ;   0.084  ; RF ; CELL ; 1      ; LABCELL_X31_Y22_N12                       ; u_soc|crypto_accelerator|u_core|u_aes|sb_in_f~548|combout                                   ;
;   9.648  ;   0.000  ;    ; RE   ; 1      ; LABCELL_X31_Y22_N12                       ; ARRIAV_LCELL_COMB                                                                           ;
;   9.730  ;   0.082  ;    ; RE   ; 1      ; LOCAL_LINE_X31_Y22_N0_I4                  ; LOCAL_LINE                                                                                  ;
;   9.855  ;   0.125  ;    ; RE   ; 1      ; BLOCK_INPUT_MUX_X31_Y22_N0_I55            ; LEIM_INPUT                                                                                  ;
;   9.855  ;   0.000  ; FF ; IC   ; 1      ; LABCELL_X31_Y22_N39                       ; u_soc|crypto_accelerator|u_core|u_aes|sb_in_f~550|dataf                                     ;
;   9.926  ;   0.071  ; FF ; CELL ; 1      ; LABCELL_X31_Y22_N39                       ; u_soc|crypto_accelerator|u_core|u_aes|sb_in_f~550|combout                                   ;
;   9.926  ;   0.000  ;    ; RE   ; 1      ; LABCELL_X31_Y22_N39                       ; ARRIAV_LCELL_COMB                                                                           ;
;   9.995  ;   0.069  ;    ; RE   ; 1      ; LE_BUFFER_X31_Y22_N0_I27                  ; LE_BUFFER                                                                                   ;
;   10.173 ;   0.178  ;    ; RE   ; 1      ; C2_X30_Y20_N0_I14                         ; V_SEG2                                                                                      ;
;   10.381 ;   0.208  ;    ; RE   ; 1      ; C2_X30_Y18_N0_I14                         ; V_SEG2                                                                                      ;
;   10.747 ;   0.366  ;    ; RE   ; 1      ; R6_X31_Y18_N0_I5                          ; H_SEG6                                                                                      ;
;   10.991 ;   0.244  ;    ; RE   ; 1      ; LOCAL_INTERCONNECT_X36_Y18_N0_I39         ; LAB_LINE                                                                                    ;
;   11.107 ;   0.116  ;    ; RE   ; 1      ; BLOCK_INPUT_MUX_X36_Y18_N0_I9             ; LEIM_INPUT                                                                                  ;
;   11.107 ;   0.000  ; FF ; IC   ; 1      ; LABCELL_X36_Y18_N6                        ; u_soc|crypto_accelerator|u_core|u_aes|sb_in_f~553|dataf                                     ;
;   11.189 ;   0.082  ; FR ; CELL ; 1      ; LABCELL_X36_Y18_N6                        ; u_soc|crypto_accelerator|u_core|u_aes|sb_in_f~553|combout                                   ;
;   11.189 ;   0.000  ;    ; RE   ; 1      ; LABCELL_X36_Y18_N6                        ; ARRIAV_LCELL_COMB                                                                           ;
;   11.292 ;   0.103  ;    ; RE   ; 1      ; LOCAL_LINE_X36_Y18_N0_I2                  ; LOCAL_LINE                                                                                  ;
;   11.399 ;   0.107  ;    ; RE   ; 1      ; BLOCK_INPUT_MUX_X36_Y18_N0_I65            ; LEIM_INPUT                                                                                  ;
;   11.399 ;   0.000  ; RR ; IC   ; 1      ; LABCELL_X36_Y18_N48                       ; u_soc|crypto_accelerator|u_core|u_aes|sb_in_f~555|dataf                                     ;
;   11.477 ;   0.078  ; RR ; CELL ; 1      ; LABCELL_X36_Y18_N48                       ; u_soc|crypto_accelerator|u_core|u_aes|sb_in_f~555|combout                                   ;
;   11.477 ;   0.000  ;    ; RE   ; 1      ; LABCELL_X36_Y18_N48                       ; ARRIAV_LCELL_COMB                                                                           ;
;   11.570 ;   0.093  ;    ; RE   ; 1      ; LOCAL_LINE_X36_Y18_N0_I16                 ; LOCAL_LINE                                                                                  ;
;   11.675 ;   0.105  ;    ; RE   ; 1      ; BLOCK_INPUT_MUX_X36_Y18_N0_I41            ; LEIM_INPUT                                                                                  ;
;   11.675 ;   0.000  ; RR ; IC   ; 1      ; LABCELL_X36_Y18_N30                       ; u_soc|crypto_accelerator|u_core|u_aes|sb_in_f~557|dataf                                     ;
;   11.753 ;   0.078  ; RR ; CELL ; 1      ; LABCELL_X36_Y18_N30                       ; u_soc|crypto_accelerator|u_core|u_aes|sb_in_f~557|combout                                   ;
;   11.753 ;   0.000  ;    ; RE   ; 1      ; LABCELL_X36_Y18_N30                       ; ARRIAV_LCELL_COMB                                                                           ;
;   11.865 ;   0.112  ;    ; RE   ; 1      ; LOCAL_LINE_X36_Y18_N0_I10                 ; LOCAL_LINE                                                                                  ;
;   11.971 ;   0.106  ;    ; RE   ; 1      ; BLOCK_INPUT_MUX_X36_Y18_N0_I17            ; LEIM_INPUT                                                                                  ;
;   11.972 ;   0.001  ; RR ; IC   ; 1      ; LABCELL_X36_Y18_N12                       ; u_soc|crypto_accelerator|u_core|u_aes|sb_in_f~559|dataf                                     ;
;   12.050 ;   0.078  ; RR ; CELL ; 1      ; LABCELL_X36_Y18_N12                       ; u_soc|crypto_accelerator|u_core|u_aes|sb_in_f~559|combout                                   ;
;   12.050 ;   0.000  ;    ; RE   ; 1      ; LABCELL_X36_Y18_N12                       ; ARRIAV_LCELL_COMB                                                                           ;
;   12.142 ;   0.092  ;    ; RE   ; 1      ; LOCAL_LINE_X36_Y18_N0_I4                  ; LOCAL_LINE                                                                                  ;
;   12.248 ;   0.106  ;    ; RE   ; 1      ; BLOCK_INPUT_MUX_X36_Y18_N0_I25            ; LEIM_INPUT                                                                                  ;
;   12.248 ;   0.000  ; RR ; IC   ; 1      ; LABCELL_X36_Y18_N18                       ; u_soc|crypto_accelerator|u_core|u_aes|sb_in_f~561|dataf                                     ;
;   12.325 ;   0.077  ; RR ; CELL ; 1      ; LABCELL_X36_Y18_N18                       ; u_soc|crypto_accelerator|u_core|u_aes|sb_in_f~561|combout                                   ;
;   12.325 ;   0.000  ;    ; RE   ; 1      ; LABCELL_X36_Y18_N18                       ; ARRIAV_LCELL_COMB                                                                           ;
;   12.434 ;   0.109  ;    ; RE   ; 1      ; LE_BUFFER_X36_Y18_N0_I13                  ; LE_BUFFER                                                                                   ;
;   12.538 ;   0.104  ;    ; RE   ; 1      ; LOCAL_INTERCONNECT_X35_Y18_N0_I36         ; LAB_LINE                                                                                    ;
;   12.641 ;   0.103  ;    ; RE   ; 1      ; BLOCK_INPUT_MUX_X35_Y18_N0_I33            ; LEIM_INPUT                                                                                  ;
;   12.642 ;   0.001  ; RR ; IC   ; 1      ; LABCELL_X35_Y18_N24                       ; u_soc|crypto_accelerator|u_core|u_aes|sb_in_f~563|dataf                                     ;
;   12.720 ;   0.078  ; RR ; CELL ; 1      ; LABCELL_X35_Y18_N24                       ; u_soc|crypto_accelerator|u_core|u_aes|sb_in_f~563|combout                                   ;
;   12.720 ;   0.000  ;    ; RE   ; 1      ; LABCELL_X35_Y18_N24                       ; ARRIAV_LCELL_COMB                                                                           ;
;   12.809 ;   0.089  ;    ; RE   ; 1      ; LOCAL_LINE_X35_Y18_N0_I8                  ; LOCAL_LINE                                                                                  ;
;   12.913 ;   0.104  ;    ; RE   ; 1      ; BLOCK_INPUT_MUX_X35_Y18_N0_I25            ; LEIM_INPUT                                                                                  ;
;   12.913 ;   0.000  ; RR ; IC   ; 1      ; LABCELL_X35_Y18_N18                       ; u_soc|crypto_accelerator|u_core|u_aes|sb_in_f~565|dataf                                     ;
;   12.990 ;   0.077  ; RR ; CELL ; 1      ; LABCELL_X35_Y18_N18                       ; u_soc|crypto_accelerator|u_core|u_aes|sb_in_f~565|combout                                   ;
;   12.990 ;   0.000  ;    ; RE   ; 1      ; LABCELL_X35_Y18_N18                       ; ARRIAV_LCELL_COMB                                                                           ;
;   13.075 ;   0.085  ;    ; RE   ; 1      ; LE_BUFFER_X35_Y18_N0_I13                  ; LE_BUFFER                                                                                   ;
;   13.182 ;   0.107  ;    ; RE   ; 1      ; LOCAL_INTERCONNECT_X34_Y18_N0_I36         ; LAB_LINE                                                                                    ;
;   13.286 ;   0.104  ;    ; RE   ; 1      ; BLOCK_INPUT_MUX_X34_Y18_N0_I1             ; LEIM_INPUT                                                                                  ;
;   13.287 ;   0.001  ; RR ; IC   ; 1      ; MLABCELL_X34_Y18_N0                       ; u_soc|crypto_accelerator|u_core|u_aes|sb_in_f~567|dataf                                     ;
;   13.364 ;   0.077  ; RR ; CELL ; 1      ; MLABCELL_X34_Y18_N0                       ; u_soc|crypto_accelerator|u_core|u_aes|sb_in_f~567|combout                                   ;
;   13.364 ;   0.000  ;    ; RE   ; 1      ; MLABCELL_X34_Y18_N0                       ; ARRIAV_LCELL_COMB                                                                           ;
;   13.469 ;   0.105  ;    ; RE   ; 1      ; LE_BUFFER_X34_Y18_N0_I1                   ; LE_BUFFER                                                                                   ;
;   13.647 ;   0.178  ;    ; RE   ; 1      ; C2_X33_Y16_N0_I18                         ; V_SEG2                                                                                      ;
;   13.831 ;   0.184  ;    ; RE   ; 1      ; R3_X31_Y17_N0_I20                         ; H_SEG3                                                                                      ;
;   13.970 ;   0.139  ;    ; RE   ; 1      ; LOCAL_INTERCONNECT_X31_Y17_N0_I28         ; LAB_LINE                                                                                    ;
;   14.073 ;   0.103  ;    ; RE   ; 1      ; BLOCK_INPUT_MUX_X31_Y17_N0_I17            ; LEIM_INPUT                                                                                  ;
;   14.072 ;   -0.001 ; RR ; IC   ; 1      ; LABCELL_X31_Y17_N12                       ; u_soc|crypto_accelerator|u_core|u_aes|sb_in_f~569|dataf                                     ;
;   14.150 ;   0.078  ; RR ; CELL ; 1      ; LABCELL_X31_Y17_N12                       ; u_soc|crypto_accelerator|u_core|u_aes|sb_in_f~569|combout                                   ;
;   14.150 ;   0.000  ;    ; RE   ; 1      ; LABCELL_X31_Y17_N12                       ; ARRIAV_LCELL_COMB                                                                           ;
;   14.247 ;   0.097  ;    ; RE   ; 1      ; LOCAL_LINE_X31_Y17_N0_I4                  ; LOCAL_LINE                                                                                  ;
;   14.353 ;   0.106  ;    ; RE   ; 1      ; BLOCK_INPUT_MUX_X31_Y17_N0_I1             ; LEIM_INPUT                                                                                  ;
;   14.353 ;   0.000  ; RR ; IC   ; 1      ; LABCELL_X31_Y17_N0                        ; u_soc|crypto_accelerator|u_core|u_aes|Selector4548~1|dataf                                  ;
;   14.439 ;   0.086  ; RF ; CELL ; 4      ; LABCELL_X31_Y17_N0                        ; u_soc|crypto_accelerator|u_core|u_aes|Selector4548~1|combout                                ;
;   14.439 ;   0.000  ;    ; RE   ; 2      ; LABCELL_X31_Y17_N0                        ; ARRIAV_LCELL_COMB                                                                           ;
;   14.494 ;   0.055  ;    ; RE   ; 1      ; LE_BUFFER_X31_Y17_N0_I0                   ; LE_BUFFER                                                                                   ;
;   14.644 ;   0.150  ;    ; RE   ; 1      ; R6_X26_Y17_N0_I22                         ; H_SEG6                                                                                      ;
;   14.831 ;   0.187  ;    ; RE   ; 1      ; LOCAL_INTERCONNECT_X31_Y17_N0_I35         ; LAB_LINE                                                                                    ;
;   14.942 ;   0.111  ;    ; RE   ; 1      ; BLOCK_INPUT_MUX_X31_Y17_N0_I77            ; LEIM_INPUT                                                                                  ;
;   14.942 ;   0.000  ; FF ; IC   ; 1      ; LABCELL_X31_Y17_N57                       ; u_soc|crypto_accelerator|u_core|u_aes|u_sub_byte_core|gf_in_f[4]~1|datac                    ;
;   15.355 ;   0.413  ; FF ; CELL ; 8      ; LABCELL_X31_Y17_N57                       ; u_soc|crypto_accelerator|u_core|u_aes|u_sub_byte_core|gf_in_f[4]~1|combout                  ;
;   15.355 ;   0.000  ;    ; RE   ; 2      ; LABCELL_X31_Y17_N57                       ; ARRIAV_LCELL_COMB                                                                           ;
;   15.414 ;   0.059  ;    ; RE   ; 2      ; LE_BUFFER_X31_Y17_N0_I38                  ; LE_BUFFER                                                                                   ;
;   15.578 ;   0.164  ;    ; RE   ; 3      ; C4_X31_Y13_N0_I9                          ; V_SEG4                                                                                      ;
;   15.832 ;   0.254  ;    ; RE   ; 1      ; R6_X26_Y16_N0_I24                         ; H_SEG6                                                                                      ;
;   16.039 ;   0.207  ;    ; RE   ; 1      ; LOCAL_INTERCONNECT_X30_Y16_N0_I37         ; LAB_LINE                                                                                    ;
;   16.158 ;   0.119  ;    ; RE   ; 1      ; BLOCK_INPUT_MUX_X30_Y16_N0_I29            ; LEIM_INPUT                                                                                  ;
;   16.158 ;   0.000  ; FF ; IC   ; 1      ; LABCELL_X30_Y16_N21                       ; u_soc|crypto_accelerator|u_core|u_aes|u_sub_byte_core|gf_0|al_sq_f[3]|datac                 ;
;   16.575 ;   0.417  ; FF ; CELL ; 12     ; LABCELL_X30_Y16_N21                       ; u_soc|crypto_accelerator|u_core|u_aes|u_sub_byte_core|gf_0|al_sq_f[3]|combout               ;
;   16.575 ;   0.000  ;    ; RE   ; 3      ; LABCELL_X30_Y16_N21                       ; ARRIAV_LCELL_COMB                                                                           ;
;   16.647 ;   0.072  ;    ; RE   ; 3      ; LE_BUFFER_X30_Y16_N0_I14                  ; LE_BUFFER                                                                                   ;
;   16.783 ;   0.136  ;    ; RE   ; 3      ; LOCAL_INTERCONNECT_X31_Y16_N0_I25         ; LAB_LINE                                                                                    ;
;   16.874 ;   0.091  ;    ; RE   ; 1      ; BLOCK_INPUT_MUX_X31_Y16_N0_I50            ; LEIM_INPUT                                                                                  ;
;   16.874 ;   0.000  ; FF ; IC   ; 1      ; LABCELL_X31_Y16_N39                       ; u_soc|crypto_accelerator|u_core|u_aes|u_sub_byte_core|gf_0|dr_xor2~18|dataa                 ;
;   17.343 ;   0.469  ; FR ; CELL ; 3      ; LABCELL_X31_Y16_N39                       ; u_soc|crypto_accelerator|u_core|u_aes|u_sub_byte_core|gf_0|dr_xor2~18|combout               ;
;   17.343 ;   0.000  ;    ; RE   ; 2      ; LABCELL_X31_Y16_N39                       ; ARRIAV_LCELL_COMB                                                                           ;
;   17.449 ;   0.106  ;    ; RE   ; 2      ; LOCAL_LINE_X31_Y16_N0_I13                 ; LOCAL_LINE                                                                                  ;
;   17.559 ;   0.110  ;    ; RE   ; 1      ; BLOCK_INPUT_MUX_X31_Y16_N0_I5             ; LEIM_INPUT                                                                                  ;
;   17.559 ;   0.000  ; RR ; IC   ; 1      ; LABCELL_X31_Y16_N0                        ; u_soc|crypto_accelerator|u_core|u_aes|u_sub_byte_core|gf_0|dr_xor2~19|datad                 ;
;   17.982 ;   0.423  ; RF ; CELL ; 4      ; LABCELL_X31_Y16_N0                        ; u_soc|crypto_accelerator|u_core|u_aes|u_sub_byte_core|gf_0|dr_xor2~19|combout               ;
;   17.982 ;   0.000  ;    ; RE   ; 1      ; LABCELL_X31_Y16_N0                        ; ARRIAV_LCELL_COMB                                                                           ;
;   18.044 ;   0.062  ;    ; RE   ; 2      ; LE_BUFFER_X31_Y16_N0_I0                   ; LE_BUFFER                                                                                   ;
;   18.196 ;   0.152  ;    ; RE   ; 1      ; C2_X31_Y14_N0_I18                         ; V_SEG2                                                                                      ;
;   18.394 ;   0.198  ;    ; RE   ; 1      ; R6_X26_Y15_N0_I25                         ; H_SEG6                                                                                      ;
;   18.589 ;   0.195  ;    ; RE   ; 1      ; LOCAL_INTERCONNECT_X31_Y15_N0_I40         ; LAB_LINE                                                                                    ;
;   18.682 ;   0.093  ;    ; RE   ; 2      ; BLOCK_INPUT_MUX_X31_Y15_N0_I75            ; LEIM_INPUT                                                                                  ;
;   18.682 ;   0.000  ; FF ; IC   ; 1      ; LABCELL_X31_Y15_N54                       ; u_soc|crypto_accelerator|u_core|u_aes|u_sub_byte_core|gf_0|ah_mul_al_t[1]~1|datab           ;
;   19.162 ;   0.480  ; FF ; CELL ; 2      ; LABCELL_X31_Y15_N54                       ; u_soc|crypto_accelerator|u_core|u_aes|u_sub_byte_core|gf_0|ah_mul_al_t[1]~1|combout         ;
;   19.162 ;   0.000  ;    ; RE   ; 2      ; LABCELL_X31_Y15_N54                       ; ARRIAV_LCELL_COMB                                                                           ;
;   19.243 ;   0.081  ;    ; RE   ; 1      ; LOCAL_LINE_X31_Y15_N0_I18                 ; LOCAL_LINE                                                                                  ;
;   19.366 ;   0.123  ;    ; RE   ; 1      ; BLOCK_INPUT_MUX_X31_Y15_N0_I46            ; LEIM_INPUT                                                                                  ;
;   19.366 ;   0.000  ; FF ; IC   ; 1      ; LABCELL_X31_Y15_N33                       ; u_soc|crypto_accelerator|u_core|u_aes|u_sub_byte_core|gf_0|dr_xor2~27|datae                 ;
;   19.622 ;   0.256  ; FF ; CELL ; 6      ; LABCELL_X31_Y15_N33                       ; u_soc|crypto_accelerator|u_core|u_aes|u_sub_byte_core|gf_0|dr_xor2~27|combout               ;
;   19.622 ;   0.000  ;    ; RE   ; 2      ; LABCELL_X31_Y15_N33                       ; ARRIAV_LCELL_COMB                                                                           ;
;   19.692 ;   0.070  ;    ; RE   ; 1      ; LE_BUFFER_X31_Y15_N0_I23                  ; LE_BUFFER                                                                                   ;
;   19.845 ;   0.153  ;    ; RE   ; 1      ; R6_X31_Y15_N0_I16                         ; H_SEG6                                                                                      ;
;   20.013 ;   0.168  ;    ; RE   ; 1      ; LOCAL_INTERCONNECT_X31_Y15_N0_I16         ; LAB_LINE                                                                                    ;
;   20.115 ;   0.102  ;    ; RE   ; 1      ; BLOCK_INPUT_MUX_X31_Y15_N0_I54            ; LEIM_INPUT                                                                                  ;
;   20.114 ;   -0.001 ; FF ; IC   ; 1      ; LABCELL_X31_Y15_N39                       ; u_soc|crypto_accelerator|u_core|u_aes|u_sub_byte_core|gf_0|d_f[1]|datad                     ;
;   20.418 ;   0.304  ; FF ; CELL ; 17     ; LABCELL_X31_Y15_N39                       ; u_soc|crypto_accelerator|u_core|u_aes|u_sub_byte_core|gf_0|d_f[1]|combout                   ;
;   20.418 ;   0.000  ;    ; RE   ; 2      ; LABCELL_X31_Y15_N39                       ; ARRIAV_LCELL_COMB                                                                           ;
;   20.502 ;   0.084  ;    ; RE   ; 5      ; LE_BUFFER_X31_Y15_N0_I26                  ; LE_BUFFER                                                                                   ;
;   20.671 ;   0.169  ;    ; RE   ; 1      ; C2_X31_Y16_N0_I10                         ; V_SEG2                                                                                      ;
;   20.871 ;   0.200  ;    ; RE   ; 2      ; R3_X29_Y16_N0_I14                         ; H_SEG3                                                                                      ;
;   21.011 ;   0.140  ;    ; RE   ; 1      ; LOCAL_INTERCONNECT_X29_Y16_N0_I2          ; LAB_LINE                                                                                    ;
;   21.112 ;   0.101  ;    ; RE   ; 1      ; BLOCK_INPUT_MUX_X29_Y16_N0_I30            ; LEIM_INPUT                                                                                  ;
;   21.111 ;   -0.001 ; FF ; IC   ; 1      ; LABCELL_X29_Y16_N21                       ; u_soc|crypto_accelerator|u_core|u_aes|u_sub_byte_core|gf_0|d_inv_t[3]~6|datae               ;
;   21.367 ;   0.256  ; FF ; CELL ; 3      ; LABCELL_X29_Y16_N21                       ; u_soc|crypto_accelerator|u_core|u_aes|u_sub_byte_core|gf_0|d_inv_t[3]~6|combout             ;
;   21.367 ;   0.000  ;    ; RE   ; 2      ; LABCELL_X29_Y16_N21                       ; ARRIAV_LCELL_COMB                                                                           ;
;   21.443 ;   0.076  ;    ; RE   ; 2      ; LOCAL_LINE_X29_Y16_N0_I7                  ; LOCAL_LINE                                                                                  ;
;   21.566 ;   0.123  ;    ; RE   ; 1      ; BLOCK_INPUT_MUX_X29_Y16_N0_I8             ; LEIM_INPUT                                                                                  ;
;   21.566 ;   0.000  ; FF ; IC   ; 1      ; LABCELL_X29_Y16_N6                        ; u_soc|crypto_accelerator|u_core|u_aes|u_sub_byte_core|gf_0|d_inv_t[3]~7|datad               ;
;   21.869 ;   0.303  ; FR ; CELL ; 8      ; LABCELL_X29_Y16_N6                        ; u_soc|crypto_accelerator|u_core|u_aes|u_sub_byte_core|gf_0|d_inv_t[3]~7|combout             ;
;   21.869 ;   0.000  ;    ; RE   ; 2      ; LABCELL_X29_Y16_N6                        ; ARRIAV_LCELL_COMB                                                                           ;
;   21.958 ;   0.089  ;    ; RE   ; 2      ; LE_BUFFER_X29_Y16_N0_I4                   ; LE_BUFFER                                                                                   ;
;   22.094 ;   0.136  ;    ; RE   ; 1      ; C2_X29_Y14_N0_I19                         ; V_SEG2                                                                                      ;
;   22.224 ;   0.130  ;    ; RE   ; 1      ; R3_X27_Y15_N0_I12                         ; H_SEG3                                                                                      ;
;   22.350 ;   0.126  ;    ; RE   ; 1      ; LOCAL_INTERCONNECT_X28_Y15_N0_I9          ; LAB_LINE                                                                                    ;
;   22.461 ;   0.111  ;    ; RE   ; 1      ; BLOCK_INPUT_MUX_X28_Y15_N0_I32            ; LEIM_INPUT                                                                                  ;
;   22.461 ;   0.000  ; RR ; IC   ; 1      ; MLABCELL_X28_Y15_N24                      ; u_soc|crypto_accelerator|u_core|u_aes|u_sub_byte_core|gf_0|dr_xor2~67|datae                 ;
;   22.718 ;   0.257  ; RF ; CELL ; 4      ; MLABCELL_X28_Y15_N24                      ; u_soc|crypto_accelerator|u_core|u_aes|u_sub_byte_core|gf_0|dr_xor2~67|combout               ;
;   22.718 ;   0.000  ;    ; RE   ; 1      ; MLABCELL_X28_Y15_N24                      ; ARRIAV_LCELL_COMB                                                                           ;
;   22.781 ;   0.063  ;    ; RE   ; 2      ; LE_BUFFER_X28_Y15_N0_I16                  ; LE_BUFFER                                                                                   ;
;   22.935 ;   0.154  ;    ; RE   ; 1      ; C2_X28_Y16_N0_I9                          ; V_SEG2                                                                                      ;
;   23.111 ;   0.176  ;    ; RE   ; 1      ; R6_X23_Y16_N0_I26                         ; H_SEG6                                                                                      ;
;   23.293 ;   0.182  ;    ; RE   ; 2      ; LOCAL_INTERCONNECT_X28_Y16_N0_I41         ; LAB_LINE                                                                                    ;
;   23.420 ;   0.127  ;    ; RE   ; 1      ; BLOCK_INPUT_MUX_X28_Y16_N0_I72            ; LEIM_INPUT                                                                                  ;
;   23.421 ;   0.001  ; FF ; IC   ; 1      ; MLABCELL_X28_Y16_N54                      ; u_soc|crypto_accelerator|u_core|u_aes|u_sub_byte_core|gf_0|dr_xor2~69|datad                 ;
;   23.727 ;   0.306  ; FR ; CELL ; 2      ; MLABCELL_X28_Y16_N54                      ; u_soc|crypto_accelerator|u_core|u_aes|u_sub_byte_core|gf_0|dr_xor2~69|combout               ;
;   23.727 ;   0.000  ;    ; RE   ; 2      ; MLABCELL_X28_Y16_N54                      ; ARRIAV_LCELL_COMB                                                                           ;
;   23.846 ;   0.119  ;    ; RE   ; 1      ; LOCAL_LINE_X28_Y16_N0_I18                 ; LOCAL_LINE                                                                                  ;
;   23.963 ;   0.117  ;    ; RE   ; 1      ; BLOCK_INPUT_MUX_X28_Y16_N0_I16            ; LEIM_INPUT                                                                                  ;
;   23.963 ;   0.000  ; RR ; IC   ; 1      ; MLABCELL_X28_Y16_N12                      ; u_soc|crypto_accelerator|u_core|u_aes|u_sub_byte_core|gf_0|al_out_f[2]|datae                ;
;   24.224 ;   0.261  ; RF ; CELL ; 6      ; MLABCELL_X28_Y16_N12                      ; u_soc|crypto_accelerator|u_core|u_aes|u_sub_byte_core|gf_0|al_out_f[2]|combout              ;
;   24.224 ;   0.000  ;    ; RE   ; 2      ; MLABCELL_X28_Y16_N12                      ; ARRIAV_LCELL_COMB                                                                           ;
;   24.324 ;   0.100  ;    ; RE   ; 2      ; LOCAL_LINE_X28_Y16_N0_I4                  ; LOCAL_LINE                                                                                  ;
;   24.432 ;   0.108  ;    ; RE   ; 2      ; BLOCK_INPUT_MUX_X28_Y16_N0_I59            ; LEIM_INPUT                                                                                  ;
;   24.432 ;   0.000  ; FF ; IC   ; 1      ; MLABCELL_X28_Y16_N45                      ; u_soc|crypto_accelerator|u_core|u_aes|u_sub_byte_core|gf_0|data_out_f[5]~5|datab            ;
;   24.906 ;   0.474  ; FF ; CELL ; 5      ; MLABCELL_X28_Y16_N45                      ; u_soc|crypto_accelerator|u_core|u_aes|u_sub_byte_core|gf_0|data_out_f[5]~5|combout          ;
;   24.906 ;   0.000  ;    ; RE   ; 2      ; MLABCELL_X28_Y16_N45                      ; ARRIAV_LCELL_COMB                                                                           ;
;   24.962 ;   0.056  ;    ; RE   ; 1      ; LE_BUFFER_X28_Y16_N0_I30                  ; LE_BUFFER                                                                                   ;
;   25.110 ;   0.148  ;    ; RE   ; 1      ; C2_X28_Y14_N0_I15                         ; V_SEG2                                                                                      ;
;   25.285 ;   0.175  ;    ; RE   ; 1      ; R3_X26_Y15_N0_I13                         ; H_SEG3                                                                                      ;
;   25.471 ;   0.186  ;    ; RE   ; 1      ; LOCAL_INTERCONNECT_X27_Y15_N0_I19         ; LAB_LINE                                                                                    ;
;   25.590 ;   0.119  ;    ; RE   ; 1      ; BLOCK_INPUT_MUX_X27_Y15_N0_I53            ; LEIM_INPUT                                                                                  ;
;   25.590 ;   0.000  ; FF ; IC   ; 1      ; LABCELL_X27_Y15_N39                       ; u_soc|crypto_accelerator|u_core|u_aes|u_sub_byte_core|aff_trans_0|aff_trans_out_f~0|datac   ;
;   25.998 ;   0.408  ; FF ; CELL ; 5      ; LABCELL_X27_Y15_N39                       ; u_soc|crypto_accelerator|u_core|u_aes|u_sub_byte_core|aff_trans_0|aff_trans_out_f~0|combout ;
;   25.998 ;   0.000  ;    ; RE   ; 1      ; LABCELL_X27_Y15_N39                       ; ARRIAV_LCELL_COMB                                                                           ;
;   26.080 ;   0.082  ;    ; RE   ; 3      ; LE_BUFFER_X27_Y15_N0_I27                  ; LE_BUFFER                                                                                   ;
;   26.264 ;   0.184  ;    ; RE   ; 1      ; C4_X26_Y16_N0_I0                          ; V_SEG4                                                                                      ;
;   26.476 ;   0.212  ;    ; RE   ; 1      ; LOCAL_INTERCONNECT_X27_Y16_N0_I12         ; LAB_LINE                                                                                    ;
;   26.591 ;   0.115  ;    ; RE   ; 1      ; BLOCK_INPUT_MUX_X27_Y16_N0_I28            ; LEIM_INPUT                                                                                  ;
;   26.590 ;   -0.001 ; FF ; IC   ; 1      ; LABCELL_X27_Y16_N18                       ; u_soc|crypto_accelerator|u_core|u_aes|u_sub_byte_core|data_out_f[7]~7|datac                 ;
;   27.004 ;   0.414  ; FF ; CELL ; 20     ; LABCELL_X27_Y16_N18                       ; u_soc|crypto_accelerator|u_core|u_aes|u_sub_byte_core|data_out_f[7]~7|combout               ;
;   27.004 ;   0.000  ;    ; RE   ; 2      ; LABCELL_X27_Y16_N18                       ; ARRIAV_LCELL_COMB                                                                           ;
;   27.099 ;   0.095  ;    ; RE   ; 5      ; LE_BUFFER_X27_Y16_N0_I12                  ; LE_BUFFER                                                                                   ;
;   27.326 ;   0.227  ;    ; RE   ; 2      ; C2_X27_Y14_N0_I12                         ; V_SEG2                                                                                      ;
;   27.555 ;   0.229  ;    ; RE   ; 3      ; C2_X27_Y12_N0_I12                         ; V_SEG2                                                                                      ;
;   27.776 ;   0.221  ;    ; RE   ; 1      ; R6_X28_Y13_N0_I17                         ; H_SEG6                                                                                      ;
;   27.985 ;   0.209  ;    ; RE   ; 1      ; R3_X28_Y13_N0_I7                          ; H_SEG3                                                                                      ;
;   28.136 ;   0.151  ;    ; RE   ; 1      ; LOCAL_INTERCONNECT_X28_Y13_N0_I42         ; LAB_LINE                                                                                    ;
;   28.254 ;   0.118  ;    ; RE   ; 1      ; BLOCK_INPUT_MUX_X28_Y13_N0_I70            ; LEIM_INPUT                                                                                  ;
;   28.255 ;   0.001  ; FF ; IC   ; 1      ; FF_X28_Y13_N53                            ; u_soc|crypto_accelerator|u_core|u_aes|buf_a_f[5][7]|asdata                                  ;
;   28.770 ;   0.515  ; FF ; CELL ; 1      ; FF_X28_Y13_N53                            ; soc:u_soc|axi_slave_top:crypto_accelerator|axi_slave_core:u_core|aes:u_aes|buf_a_f[5][7]    ;
+----------+----------+----+------+--------+-------------------------------------------+---------------------------------------------------------------------------------------------+

+----------------------------------------------------------------------------------------------------------------------------------------------------+
; Data Required Path                                                                                                                                 ;
+---------+---------+----+------+--------+----------------+------------------------------------------------------------------------------------------+
; Total   ; Incr    ; RF ; Type ; Fanout ; Location       ; Element                                                                                  ;
+---------+---------+----+------+--------+----------------+------------------------------------------------------------------------------------------+
; 1.000   ; 1.000   ;    ;      ;        ;                ; latch edge time                                                                          ;
; 4.636   ; 3.636   ;    ;      ;        ;                ; clock path                                                                               ;
;   4.580 ;   3.580 ; R  ;      ;        ;                ; clock network delay                                                                      ;
;   4.636 ;   0.056 ;    ;      ;        ;                ; clock pessimism removed                                                                  ;
; 4.466   ; -0.170  ;    ;      ;        ;                ; clock uncertainty                                                                        ;
; 4.466   ; 0.000   ;    ; uTsu ; 1      ; FF_X28_Y13_N53 ; soc:u_soc|axi_slave_top:crypto_accelerator|axi_slave_core:u_core|aes:u_aes|buf_a_f[5][7] ;
+---------+---------+----+------+--------+----------------+------------------------------------------------------------------------------------------+

----------------------------
; Extra Fitter Information ;
----------------------------
HTML report is unavailable in plain text report export.


Path #20: Setup slack is -24.295 (VIOLATED)
===============================================================================
+---------------------------------------------------------------------------------------------------------------+
; Path Summary                                                                                                  ;
+--------------------+------------------------------------------------------------------------------------------+
; Property           ; Value                                                                                    ;
+--------------------+------------------------------------------------------------------------------------------+
; From Node          ; soc:u_soc|axi_slave_top:crypto_accelerator|axi_slave_core:u_core|aes:u_aes|kexp_i[1]     ;
; To Node            ; soc:u_soc|axi_slave_top:crypto_accelerator|axi_slave_core:u_core|aes:u_aes|buf_a_f[5][7] ;
; Launch Clock       ; CLOCK_50                                                                                 ;
; Latch Clock        ; CLOCK_50                                                                                 ;
; Data Arrival Time  ; 28.761                                                                                   ;
; Data Required Time ; 4.466                                                                                    ;
; Slack              ; -24.295 (VIOLATED)                                                                       ;
+--------------------+------------------------------------------------------------------------------------------+

+----------------------------------------------------------------------------------------+
; Statistics                                                                             ;
+---------------------------+--------+-------+-------------+------------+--------+-------+
; Property                  ; Value  ; Count ; Total Delay ; % of Total ; Min    ; Max   ;
+---------------------------+--------+-------+-------------+------------+--------+-------+
; Setup Relationship        ; 1.000  ;       ;             ;            ;        ;       ;
; Clock Skew                ; -0.423 ;       ;             ;            ;        ;       ;
; Data Delay                ; 24.702 ;       ;             ;            ;        ;       ;
; Number of Logic Levels    ;        ; 32    ;             ;            ;        ;       ;
; Physical Delays           ;        ;       ;             ;            ;        ;       ;
;  Arrival Path             ;        ;       ;             ;            ;        ;       ;
;   Clock                   ;        ;       ;             ;            ;        ;       ;
;    Clock Network (Lumped) ;        ; 1     ; 4.059       ; 100        ; 4.059  ; 4.059 ;
;   Data                    ;        ;       ;             ;            ;        ;       ;
;    IC                     ;        ; 33    ; -0.002      ; 0          ; -0.001 ; 0.001 ;
;    Cell                   ;        ; 34    ; 8.085       ; 33         ; 0.000  ; 0.515 ;
;    uTco                   ;        ; 1     ; 0.000       ; 0          ; 0.000  ; 0.000 ;
;    Routing Element        ;        ; 153   ; 16.619      ; 67         ; 0.000  ; 0.401 ;
;  Required Path            ;        ;       ;             ;            ;        ;       ;
;   Clock                   ;        ;       ;             ;            ;        ;       ;
;    Clock Network (Lumped) ;        ; 1     ; 3.580       ; 100        ; 3.580  ; 3.580 ;
+---------------------------+--------+-------+-------------+------------+--------+-------+
Note: Negative delays are omitted from totals when calculating percentages

+------------------------------------------------------------------------------------------------------------------------------------------------------------------------------------+
; Data Arrival Path                                                                                                                                                                  ;
+----------+----------+----+------+--------+-------------------------------------------+---------------------------------------------------------------------------------------------+
; Total    ; Incr     ; RF ; Type ; Fanout ; Location                                  ; Element                                                                                     ;
+----------+----------+----+------+--------+-------------------------------------------+---------------------------------------------------------------------------------------------+
; 0.000    ; 0.000    ;    ;      ;        ;                                           ; launch edge time                                                                            ;
; 4.059    ; 4.059    ;    ;      ;        ;                                           ; clock path                                                                                  ;
;   4.059  ;   4.059  ; R  ;      ;        ;                                           ; clock network delay                                                                         ;
; 28.761   ; 24.702   ;    ;      ;        ;                                           ; data path                                                                                   ;
;   4.059  ;   0.000  ;    ; uTco ; 1      ; FF_X30_Y23_N2                             ; soc:u_soc|axi_slave_top:crypto_accelerator|axi_slave_core:u_core|aes:u_aes|kexp_i[1]        ;
;   4.059  ;   0.000  ; FF ; CELL ; 239    ; FF_X30_Y23_N2                             ; u_soc|crypto_accelerator|u_core|u_aes|kexp_i[1]|q                                           ;
;   4.109  ;   0.050  ;    ; RE   ; 3      ; FF_X30_Y23_N2                             ; ARRIAV_FF                                                                                   ;
;   4.197  ;   0.088  ;    ; RE   ; 5      ; LE_BUFFER_X30_Y23_N0_I1                   ; LE_BUFFER                                                                                   ;
;   4.598  ;   0.401  ;    ; RE   ; 8      ; R6_X30_Y23_N0_I11                         ; H_SEG6                                                                                      ;
;   4.941  ;   0.343  ;    ; RE   ; 3      ; R6_X35_Y23_N0_I10                         ; H_SEG6                                                                                      ;
;   5.177  ;   0.236  ;    ; RE   ; 2      ; LOCAL_INTERCONNECT_X36_Y23_N0_I1          ; LAB_LINE                                                                                    ;
;   5.299  ;   0.122  ;    ; RE   ; 1      ; BLOCK_INPUT_MUX_X36_Y23_N0_I64            ; LEIM_INPUT                                                                                  ;
;   5.299  ;   0.000  ; FF ; IC   ; 1      ; LABCELL_X36_Y23_N48                       ; u_soc|crypto_accelerator|u_core|u_aes|sb_in_f~20|datad                                      ;
;   5.587  ;   0.288  ; FF ; CELL ; 3      ; LABCELL_X36_Y23_N48                       ; u_soc|crypto_accelerator|u_core|u_aes|sb_in_f~20|combout                                    ;
;   5.587  ;   0.000  ;    ; RE   ; 2      ; LABCELL_X36_Y23_N48                       ; ARRIAV_LCELL_COMB                                                                           ;
;   5.664  ;   0.077  ;    ; RE   ; 1      ; LOCAL_LINE_X36_Y23_N0_I16                 ; LOCAL_LINE                                                                                  ;
;   5.785  ;   0.121  ;    ; RE   ; 1      ; BLOCK_INPUT_MUX_X36_Y23_N0_I28            ; LEIM_INPUT                                                                                  ;
;   5.785  ;   0.000  ; FF ; IC   ; 1      ; LABCELL_X36_Y23_N18                       ; u_soc|crypto_accelerator|u_core|u_aes|sb_in_f~22|datac                                      ;
;   6.202  ;   0.417  ; FF ; CELL ; 48     ; LABCELL_X36_Y23_N18                       ; u_soc|crypto_accelerator|u_core|u_aes|sb_in_f~22|combout                                    ;
;   6.202  ;   0.000  ;    ; RE   ; 2      ; LABCELL_X36_Y23_N18                       ; ARRIAV_LCELL_COMB                                                                           ;
;   6.299  ;   0.097  ;    ; RE   ; 2      ; LE_BUFFER_X36_Y23_N0_I13                  ; LE_BUFFER                                                                                   ;
;   6.497  ;   0.198  ;    ; RE   ; 2      ; R3_X36_Y23_N0_I1                          ; H_SEG3                                                                                      ;
;   6.497  ;   0.000  ;    ; RE   ; 2      ; R14_C12_INTERCONNECT_DRIVER_X36_Y23_N0_I1 ; WIRE_MUX                                                                                    ;
;   6.740  ;   0.243  ;    ; RE   ; 2      ; R14_X23_Y23_N0_I1                         ; H_SEG14                                                                                     ;
;   6.966  ;   0.226  ;    ; RE   ; 1      ; C2_X22_Y21_N0_I15                         ; V_SEG2                                                                                      ;
;   7.290  ;   0.324  ;    ; RE   ; 1      ; R6_X17_Y21_N0_I26                         ; H_SEG6                                                                                      ;
;   7.504  ;   0.214  ;    ; RE   ; 3      ; LOCAL_INTERCONNECT_X19_Y21_N0_I12         ; LAB_LINE                                                                                    ;
;   7.618  ;   0.114  ;    ; RE   ; 1      ; BLOCK_INPUT_MUX_X19_Y21_N0_I71            ; LEIM_INPUT                                                                                  ;
;   7.618  ;   0.000  ; FF ; IC   ; 1      ; LABCELL_X19_Y21_N51                       ; u_soc|crypto_accelerator|u_core|u_aes|sb_in_f~545|dataf                                     ;
;   7.689  ;   0.071  ; FF ; CELL ; 1      ; LABCELL_X19_Y21_N51                       ; u_soc|crypto_accelerator|u_core|u_aes|sb_in_f~545|combout                                   ;
;   7.689  ;   0.000  ;    ; RE   ; 1      ; LABCELL_X19_Y21_N51                       ; ARRIAV_LCELL_COMB                                                                           ;
;   7.745  ;   0.056  ;    ; RE   ; 1      ; LE_BUFFER_X19_Y21_N0_I34                  ; LE_BUFFER                                                                                   ;
;   7.885  ;   0.140  ;    ; RE   ; 1      ; R3_X17_Y21_N0_I21                         ; H_SEG3                                                                                      ;
;   7.885  ;   0.000  ;    ; RE   ; 1      ; R14_C12_INTERCONNECT_DRIVER_X19_Y21_N0_I2 ; WIRE_MUX                                                                                    ;
;   8.123  ;   0.238  ;    ; RE   ; 1      ; R14_X20_Y21_N0_I0                         ; H_SEG14                                                                                     ;
;   8.332  ;   0.209  ;    ; RE   ; 1      ; C2_X30_Y22_N0_I7                          ; V_SEG2                                                                                      ;
;   8.509  ;   0.177  ;    ; RE   ; 1      ; R6_X31_Y22_N0_I16                         ; H_SEG6                                                                                      ;
;   8.677  ;   0.168  ;    ; RE   ; 1      ; LOCAL_INTERCONNECT_X31_Y22_N0_I16         ; LAB_LINE                                                                                    ;
;   8.784  ;   0.107  ;    ; RE   ; 1      ; BLOCK_INPUT_MUX_X31_Y22_N0_I56            ; LEIM_INPUT                                                                                  ;
;   8.784  ;   0.000  ; FF ; IC   ; 1      ; LABCELL_X31_Y22_N42                       ; u_soc|crypto_accelerator|u_core|u_aes|sb_in_f~761|datad                                     ;
;   9.086  ;   0.302  ; FR ; CELL ; 1      ; LABCELL_X31_Y22_N42                       ; u_soc|crypto_accelerator|u_core|u_aes|sb_in_f~761|combout                                   ;
;   9.086  ;   0.000  ;    ; RE   ; 1      ; LABCELL_X31_Y22_N42                       ; ARRIAV_LCELL_COMB                                                                           ;
;   9.174  ;   0.088  ;    ; RE   ; 1      ; LOCAL_LINE_X31_Y22_N0_I14                 ; LOCAL_LINE                                                                                  ;
;   9.279  ;   0.105  ;    ; RE   ; 1      ; BLOCK_INPUT_MUX_X31_Y22_N0_I65            ; LEIM_INPUT                                                                                  ;
;   9.279  ;   0.000  ; RR ; IC   ; 1      ; LABCELL_X31_Y22_N48                       ; u_soc|crypto_accelerator|u_core|u_aes|sb_in_f~546|dataf                                     ;
;   9.357  ;   0.078  ; RR ; CELL ; 1      ; LABCELL_X31_Y22_N48                       ; u_soc|crypto_accelerator|u_core|u_aes|sb_in_f~546|combout                                   ;
;   9.357  ;   0.000  ;    ; RE   ; 1      ; LABCELL_X31_Y22_N48                       ; ARRIAV_LCELL_COMB                                                                           ;
;   9.457  ;   0.100  ;    ; RE   ; 1      ; LOCAL_LINE_X31_Y22_N0_I16                 ; LOCAL_LINE                                                                                  ;
;   9.564  ;   0.107  ;    ; RE   ; 1      ; BLOCK_INPUT_MUX_X31_Y22_N0_I17            ; LEIM_INPUT                                                                                  ;
;   9.564  ;   0.000  ; RR ; IC   ; 1      ; LABCELL_X31_Y22_N12                       ; u_soc|crypto_accelerator|u_core|u_aes|sb_in_f~548|dataf                                     ;
;   9.648  ;   0.084  ; RF ; CELL ; 1      ; LABCELL_X31_Y22_N12                       ; u_soc|crypto_accelerator|u_core|u_aes|sb_in_f~548|combout                                   ;
;   9.648  ;   0.000  ;    ; RE   ; 1      ; LABCELL_X31_Y22_N12                       ; ARRIAV_LCELL_COMB                                                                           ;
;   9.730  ;   0.082  ;    ; RE   ; 1      ; LOCAL_LINE_X31_Y22_N0_I4                  ; LOCAL_LINE                                                                                  ;
;   9.855  ;   0.125  ;    ; RE   ; 1      ; BLOCK_INPUT_MUX_X31_Y22_N0_I55            ; LEIM_INPUT                                                                                  ;
;   9.855  ;   0.000  ; FF ; IC   ; 1      ; LABCELL_X31_Y22_N39                       ; u_soc|crypto_accelerator|u_core|u_aes|sb_in_f~550|dataf                                     ;
;   9.926  ;   0.071  ; FF ; CELL ; 1      ; LABCELL_X31_Y22_N39                       ; u_soc|crypto_accelerator|u_core|u_aes|sb_in_f~550|combout                                   ;
;   9.926  ;   0.000  ;    ; RE   ; 1      ; LABCELL_X31_Y22_N39                       ; ARRIAV_LCELL_COMB                                                                           ;
;   9.995  ;   0.069  ;    ; RE   ; 1      ; LE_BUFFER_X31_Y22_N0_I27                  ; LE_BUFFER                                                                                   ;
;   10.173 ;   0.178  ;    ; RE   ; 1      ; C2_X30_Y20_N0_I14                         ; V_SEG2                                                                                      ;
;   10.381 ;   0.208  ;    ; RE   ; 1      ; C2_X30_Y18_N0_I14                         ; V_SEG2                                                                                      ;
;   10.747 ;   0.366  ;    ; RE   ; 1      ; R6_X31_Y18_N0_I5                          ; H_SEG6                                                                                      ;
;   10.991 ;   0.244  ;    ; RE   ; 1      ; LOCAL_INTERCONNECT_X36_Y18_N0_I39         ; LAB_LINE                                                                                    ;
;   11.107 ;   0.116  ;    ; RE   ; 1      ; BLOCK_INPUT_MUX_X36_Y18_N0_I9             ; LEIM_INPUT                                                                                  ;
;   11.107 ;   0.000  ; FF ; IC   ; 1      ; LABCELL_X36_Y18_N6                        ; u_soc|crypto_accelerator|u_core|u_aes|sb_in_f~553|dataf                                     ;
;   11.189 ;   0.082  ; FR ; CELL ; 1      ; LABCELL_X36_Y18_N6                        ; u_soc|crypto_accelerator|u_core|u_aes|sb_in_f~553|combout                                   ;
;   11.189 ;   0.000  ;    ; RE   ; 1      ; LABCELL_X36_Y18_N6                        ; ARRIAV_LCELL_COMB                                                                           ;
;   11.292 ;   0.103  ;    ; RE   ; 1      ; LOCAL_LINE_X36_Y18_N0_I2                  ; LOCAL_LINE                                                                                  ;
;   11.399 ;   0.107  ;    ; RE   ; 1      ; BLOCK_INPUT_MUX_X36_Y18_N0_I65            ; LEIM_INPUT                                                                                  ;
;   11.399 ;   0.000  ; RR ; IC   ; 1      ; LABCELL_X36_Y18_N48                       ; u_soc|crypto_accelerator|u_core|u_aes|sb_in_f~555|dataf                                     ;
;   11.477 ;   0.078  ; RR ; CELL ; 1      ; LABCELL_X36_Y18_N48                       ; u_soc|crypto_accelerator|u_core|u_aes|sb_in_f~555|combout                                   ;
;   11.477 ;   0.000  ;    ; RE   ; 1      ; LABCELL_X36_Y18_N48                       ; ARRIAV_LCELL_COMB                                                                           ;
;   11.570 ;   0.093  ;    ; RE   ; 1      ; LOCAL_LINE_X36_Y18_N0_I16                 ; LOCAL_LINE                                                                                  ;
;   11.675 ;   0.105  ;    ; RE   ; 1      ; BLOCK_INPUT_MUX_X36_Y18_N0_I41            ; LEIM_INPUT                                                                                  ;
;   11.675 ;   0.000  ; RR ; IC   ; 1      ; LABCELL_X36_Y18_N30                       ; u_soc|crypto_accelerator|u_core|u_aes|sb_in_f~557|dataf                                     ;
;   11.753 ;   0.078  ; RR ; CELL ; 1      ; LABCELL_X36_Y18_N30                       ; u_soc|crypto_accelerator|u_core|u_aes|sb_in_f~557|combout                                   ;
;   11.753 ;   0.000  ;    ; RE   ; 1      ; LABCELL_X36_Y18_N30                       ; ARRIAV_LCELL_COMB                                                                           ;
;   11.865 ;   0.112  ;    ; RE   ; 1      ; LOCAL_LINE_X36_Y18_N0_I10                 ; LOCAL_LINE                                                                                  ;
;   11.971 ;   0.106  ;    ; RE   ; 1      ; BLOCK_INPUT_MUX_X36_Y18_N0_I17            ; LEIM_INPUT                                                                                  ;
;   11.972 ;   0.001  ; RR ; IC   ; 1      ; LABCELL_X36_Y18_N12                       ; u_soc|crypto_accelerator|u_core|u_aes|sb_in_f~559|dataf                                     ;
;   12.050 ;   0.078  ; RR ; CELL ; 1      ; LABCELL_X36_Y18_N12                       ; u_soc|crypto_accelerator|u_core|u_aes|sb_in_f~559|combout                                   ;
;   12.050 ;   0.000  ;    ; RE   ; 1      ; LABCELL_X36_Y18_N12                       ; ARRIAV_LCELL_COMB                                                                           ;
;   12.142 ;   0.092  ;    ; RE   ; 1      ; LOCAL_LINE_X36_Y18_N0_I4                  ; LOCAL_LINE                                                                                  ;
;   12.248 ;   0.106  ;    ; RE   ; 1      ; BLOCK_INPUT_MUX_X36_Y18_N0_I25            ; LEIM_INPUT                                                                                  ;
;   12.248 ;   0.000  ; RR ; IC   ; 1      ; LABCELL_X36_Y18_N18                       ; u_soc|crypto_accelerator|u_core|u_aes|sb_in_f~561|dataf                                     ;
;   12.325 ;   0.077  ; RR ; CELL ; 1      ; LABCELL_X36_Y18_N18                       ; u_soc|crypto_accelerator|u_core|u_aes|sb_in_f~561|combout                                   ;
;   12.325 ;   0.000  ;    ; RE   ; 1      ; LABCELL_X36_Y18_N18                       ; ARRIAV_LCELL_COMB                                                                           ;
;   12.434 ;   0.109  ;    ; RE   ; 1      ; LE_BUFFER_X36_Y18_N0_I13                  ; LE_BUFFER                                                                                   ;
;   12.538 ;   0.104  ;    ; RE   ; 1      ; LOCAL_INTERCONNECT_X35_Y18_N0_I36         ; LAB_LINE                                                                                    ;
;   12.641 ;   0.103  ;    ; RE   ; 1      ; BLOCK_INPUT_MUX_X35_Y18_N0_I33            ; LEIM_INPUT                                                                                  ;
;   12.642 ;   0.001  ; RR ; IC   ; 1      ; LABCELL_X35_Y18_N24                       ; u_soc|crypto_accelerator|u_core|u_aes|sb_in_f~563|dataf                                     ;
;   12.720 ;   0.078  ; RR ; CELL ; 1      ; LABCELL_X35_Y18_N24                       ; u_soc|crypto_accelerator|u_core|u_aes|sb_in_f~563|combout                                   ;
;   12.720 ;   0.000  ;    ; RE   ; 1      ; LABCELL_X35_Y18_N24                       ; ARRIAV_LCELL_COMB                                                                           ;
;   12.809 ;   0.089  ;    ; RE   ; 1      ; LOCAL_LINE_X35_Y18_N0_I8                  ; LOCAL_LINE                                                                                  ;
;   12.913 ;   0.104  ;    ; RE   ; 1      ; BLOCK_INPUT_MUX_X35_Y18_N0_I25            ; LEIM_INPUT                                                                                  ;
;   12.913 ;   0.000  ; RR ; IC   ; 1      ; LABCELL_X35_Y18_N18                       ; u_soc|crypto_accelerator|u_core|u_aes|sb_in_f~565|dataf                                     ;
;   12.990 ;   0.077  ; RR ; CELL ; 1      ; LABCELL_X35_Y18_N18                       ; u_soc|crypto_accelerator|u_core|u_aes|sb_in_f~565|combout                                   ;
;   12.990 ;   0.000  ;    ; RE   ; 1      ; LABCELL_X35_Y18_N18                       ; ARRIAV_LCELL_COMB                                                                           ;
;   13.075 ;   0.085  ;    ; RE   ; 1      ; LE_BUFFER_X35_Y18_N0_I13                  ; LE_BUFFER                                                                                   ;
;   13.182 ;   0.107  ;    ; RE   ; 1      ; LOCAL_INTERCONNECT_X34_Y18_N0_I36         ; LAB_LINE                                                                                    ;
;   13.286 ;   0.104  ;    ; RE   ; 1      ; BLOCK_INPUT_MUX_X34_Y18_N0_I1             ; LEIM_INPUT                                                                                  ;
;   13.287 ;   0.001  ; RR ; IC   ; 1      ; MLABCELL_X34_Y18_N0                       ; u_soc|crypto_accelerator|u_core|u_aes|sb_in_f~567|dataf                                     ;
;   13.364 ;   0.077  ; RR ; CELL ; 1      ; MLABCELL_X34_Y18_N0                       ; u_soc|crypto_accelerator|u_core|u_aes|sb_in_f~567|combout                                   ;
;   13.364 ;   0.000  ;    ; RE   ; 1      ; MLABCELL_X34_Y18_N0                       ; ARRIAV_LCELL_COMB                                                                           ;
;   13.469 ;   0.105  ;    ; RE   ; 1      ; LE_BUFFER_X34_Y18_N0_I1                   ; LE_BUFFER                                                                                   ;
;   13.647 ;   0.178  ;    ; RE   ; 1      ; C2_X33_Y16_N0_I18                         ; V_SEG2                                                                                      ;
;   13.831 ;   0.184  ;    ; RE   ; 1      ; R3_X31_Y17_N0_I20                         ; H_SEG3                                                                                      ;
;   13.970 ;   0.139  ;    ; RE   ; 1      ; LOCAL_INTERCONNECT_X31_Y17_N0_I28         ; LAB_LINE                                                                                    ;
;   14.073 ;   0.103  ;    ; RE   ; 1      ; BLOCK_INPUT_MUX_X31_Y17_N0_I17            ; LEIM_INPUT                                                                                  ;
;   14.072 ;   -0.001 ; RR ; IC   ; 1      ; LABCELL_X31_Y17_N12                       ; u_soc|crypto_accelerator|u_core|u_aes|sb_in_f~569|dataf                                     ;
;   14.150 ;   0.078  ; RR ; CELL ; 1      ; LABCELL_X31_Y17_N12                       ; u_soc|crypto_accelerator|u_core|u_aes|sb_in_f~569|combout                                   ;
;   14.150 ;   0.000  ;    ; RE   ; 1      ; LABCELL_X31_Y17_N12                       ; ARRIAV_LCELL_COMB                                                                           ;
;   14.247 ;   0.097  ;    ; RE   ; 1      ; LOCAL_LINE_X31_Y17_N0_I4                  ; LOCAL_LINE                                                                                  ;
;   14.353 ;   0.106  ;    ; RE   ; 1      ; BLOCK_INPUT_MUX_X31_Y17_N0_I1             ; LEIM_INPUT                                                                                  ;
;   14.353 ;   0.000  ; RR ; IC   ; 1      ; LABCELL_X31_Y17_N0                        ; u_soc|crypto_accelerator|u_core|u_aes|Selector4548~1|dataf                                  ;
;   14.439 ;   0.086  ; RF ; CELL ; 4      ; LABCELL_X31_Y17_N0                        ; u_soc|crypto_accelerator|u_core|u_aes|Selector4548~1|combout                                ;
;   14.439 ;   0.000  ;    ; RE   ; 2      ; LABCELL_X31_Y17_N0                        ; ARRIAV_LCELL_COMB                                                                           ;
;   14.494 ;   0.055  ;    ; RE   ; 1      ; LE_BUFFER_X31_Y17_N0_I0                   ; LE_BUFFER                                                                                   ;
;   14.644 ;   0.150  ;    ; RE   ; 1      ; R6_X26_Y17_N0_I22                         ; H_SEG6                                                                                      ;
;   14.831 ;   0.187  ;    ; RE   ; 1      ; LOCAL_INTERCONNECT_X31_Y17_N0_I35         ; LAB_LINE                                                                                    ;
;   14.942 ;   0.111  ;    ; RE   ; 1      ; BLOCK_INPUT_MUX_X31_Y17_N0_I77            ; LEIM_INPUT                                                                                  ;
;   14.942 ;   0.000  ; FF ; IC   ; 1      ; LABCELL_X31_Y17_N57                       ; u_soc|crypto_accelerator|u_core|u_aes|u_sub_byte_core|gf_in_f[4]~1|datac                    ;
;   15.355 ;   0.413  ; FF ; CELL ; 8      ; LABCELL_X31_Y17_N57                       ; u_soc|crypto_accelerator|u_core|u_aes|u_sub_byte_core|gf_in_f[4]~1|combout                  ;
;   15.355 ;   0.000  ;    ; RE   ; 2      ; LABCELL_X31_Y17_N57                       ; ARRIAV_LCELL_COMB                                                                           ;
;   15.414 ;   0.059  ;    ; RE   ; 2      ; LE_BUFFER_X31_Y17_N0_I38                  ; LE_BUFFER                                                                                   ;
;   15.578 ;   0.164  ;    ; RE   ; 3      ; C4_X31_Y13_N0_I9                          ; V_SEG4                                                                                      ;
;   15.832 ;   0.254  ;    ; RE   ; 1      ; R6_X26_Y16_N0_I24                         ; H_SEG6                                                                                      ;
;   16.039 ;   0.207  ;    ; RE   ; 1      ; LOCAL_INTERCONNECT_X30_Y16_N0_I37         ; LAB_LINE                                                                                    ;
;   16.158 ;   0.119  ;    ; RE   ; 1      ; BLOCK_INPUT_MUX_X30_Y16_N0_I29            ; LEIM_INPUT                                                                                  ;
;   16.158 ;   0.000  ; FF ; IC   ; 1      ; LABCELL_X30_Y16_N21                       ; u_soc|crypto_accelerator|u_core|u_aes|u_sub_byte_core|gf_0|al_sq_f[3]|datac                 ;
;   16.575 ;   0.417  ; FF ; CELL ; 12     ; LABCELL_X30_Y16_N21                       ; u_soc|crypto_accelerator|u_core|u_aes|u_sub_byte_core|gf_0|al_sq_f[3]|combout               ;
;   16.575 ;   0.000  ;    ; RE   ; 3      ; LABCELL_X30_Y16_N21                       ; ARRIAV_LCELL_COMB                                                                           ;
;   16.647 ;   0.072  ;    ; RE   ; 3      ; LE_BUFFER_X30_Y16_N0_I14                  ; LE_BUFFER                                                                                   ;
;   16.783 ;   0.136  ;    ; RE   ; 3      ; LOCAL_INTERCONNECT_X31_Y16_N0_I25         ; LAB_LINE                                                                                    ;
;   16.874 ;   0.091  ;    ; RE   ; 1      ; BLOCK_INPUT_MUX_X31_Y16_N0_I50            ; LEIM_INPUT                                                                                  ;
;   16.874 ;   0.000  ; FF ; IC   ; 1      ; LABCELL_X31_Y16_N39                       ; u_soc|crypto_accelerator|u_core|u_aes|u_sub_byte_core|gf_0|dr_xor2~18|dataa                 ;
;   17.343 ;   0.469  ; FR ; CELL ; 3      ; LABCELL_X31_Y16_N39                       ; u_soc|crypto_accelerator|u_core|u_aes|u_sub_byte_core|gf_0|dr_xor2~18|combout               ;
;   17.343 ;   0.000  ;    ; RE   ; 2      ; LABCELL_X31_Y16_N39                       ; ARRIAV_LCELL_COMB                                                                           ;
;   17.449 ;   0.106  ;    ; RE   ; 2      ; LOCAL_LINE_X31_Y16_N0_I13                 ; LOCAL_LINE                                                                                  ;
;   17.559 ;   0.110  ;    ; RE   ; 1      ; BLOCK_INPUT_MUX_X31_Y16_N0_I5             ; LEIM_INPUT                                                                                  ;
;   17.559 ;   0.000  ; RR ; IC   ; 1      ; LABCELL_X31_Y16_N0                        ; u_soc|crypto_accelerator|u_core|u_aes|u_sub_byte_core|gf_0|dr_xor2~19|datad                 ;
;   17.982 ;   0.423  ; RF ; CELL ; 4      ; LABCELL_X31_Y16_N0                        ; u_soc|crypto_accelerator|u_core|u_aes|u_sub_byte_core|gf_0|dr_xor2~19|combout               ;
;   17.982 ;   0.000  ;    ; RE   ; 1      ; LABCELL_X31_Y16_N0                        ; ARRIAV_LCELL_COMB                                                                           ;
;   18.044 ;   0.062  ;    ; RE   ; 2      ; LE_BUFFER_X31_Y16_N0_I0                   ; LE_BUFFER                                                                                   ;
;   18.196 ;   0.152  ;    ; RE   ; 1      ; C2_X31_Y14_N0_I18                         ; V_SEG2                                                                                      ;
;   18.394 ;   0.198  ;    ; RE   ; 1      ; R6_X26_Y15_N0_I25                         ; H_SEG6                                                                                      ;
;   18.589 ;   0.195  ;    ; RE   ; 1      ; LOCAL_INTERCONNECT_X31_Y15_N0_I40         ; LAB_LINE                                                                                    ;
;   18.682 ;   0.093  ;    ; RE   ; 2      ; BLOCK_INPUT_MUX_X31_Y15_N0_I75            ; LEIM_INPUT                                                                                  ;
;   18.682 ;   0.000  ; FF ; IC   ; 1      ; LABCELL_X31_Y15_N57                       ; u_soc|crypto_accelerator|u_core|u_aes|u_sub_byte_core|gf_0|ah_mul_al_f[1]~1|datab           ;
;   19.161 ;   0.479  ; FF ; CELL ; 2      ; LABCELL_X31_Y15_N57                       ; u_soc|crypto_accelerator|u_core|u_aes|u_sub_byte_core|gf_0|ah_mul_al_f[1]~1|combout         ;
;   19.161 ;   0.000  ;    ; RE   ; 2      ; LABCELL_X31_Y15_N57                       ; ARRIAV_LCELL_COMB                                                                           ;
;   19.215 ;   0.054  ;    ; RE   ; 1      ; LE_BUFFER_X31_Y15_N0_I38                  ; LE_BUFFER                                                                                   ;
;   19.331 ;   0.116  ;    ; RE   ; 1      ; LOCAL_INTERCONNECT_X31_Y15_N0_I45         ; LAB_LINE                                                                                    ;
;   19.449 ;   0.118  ;    ; RE   ; 1      ; BLOCK_INPUT_MUX_X31_Y15_N0_I47            ; LEIM_INPUT                                                                                  ;
;   19.449 ;   0.000  ; FF ; IC   ; 1      ; LABCELL_X31_Y15_N33                       ; u_soc|crypto_accelerator|u_core|u_aes|u_sub_byte_core|gf_0|dr_xor2~27|dataf                 ;
;   19.523 ;   0.074  ; FF ; CELL ; 6      ; LABCELL_X31_Y15_N33                       ; u_soc|crypto_accelerator|u_core|u_aes|u_sub_byte_core|gf_0|dr_xor2~27|combout               ;
;   19.523 ;   0.000  ;    ; RE   ; 2      ; LABCELL_X31_Y15_N33                       ; ARRIAV_LCELL_COMB                                                                           ;
;   19.593 ;   0.070  ;    ; RE   ; 1      ; LE_BUFFER_X31_Y15_N0_I23                  ; LE_BUFFER                                                                                   ;
;   19.746 ;   0.153  ;    ; RE   ; 1      ; R6_X31_Y15_N0_I16                         ; H_SEG6                                                                                      ;
;   19.914 ;   0.168  ;    ; RE   ; 1      ; LOCAL_INTERCONNECT_X31_Y15_N0_I16         ; LAB_LINE                                                                                    ;
;   20.016 ;   0.102  ;    ; RE   ; 1      ; BLOCK_INPUT_MUX_X31_Y15_N0_I54            ; LEIM_INPUT                                                                                  ;
;   20.015 ;   -0.001 ; FF ; IC   ; 1      ; LABCELL_X31_Y15_N39                       ; u_soc|crypto_accelerator|u_core|u_aes|u_sub_byte_core|gf_0|d_f[1]|datad                     ;
;   20.319 ;   0.304  ; FF ; CELL ; 17     ; LABCELL_X31_Y15_N39                       ; u_soc|crypto_accelerator|u_core|u_aes|u_sub_byte_core|gf_0|d_f[1]|combout                   ;
;   20.319 ;   0.000  ;    ; RE   ; 2      ; LABCELL_X31_Y15_N39                       ; ARRIAV_LCELL_COMB                                                                           ;
;   20.403 ;   0.084  ;    ; RE   ; 5      ; LE_BUFFER_X31_Y15_N0_I26                  ; LE_BUFFER                                                                                   ;
;   20.572 ;   0.169  ;    ; RE   ; 1      ; C2_X31_Y16_N0_I10                         ; V_SEG2                                                                                      ;
;   20.772 ;   0.200  ;    ; RE   ; 2      ; R3_X29_Y16_N0_I14                         ; H_SEG3                                                                                      ;
;   20.912 ;   0.140  ;    ; RE   ; 1      ; LOCAL_INTERCONNECT_X29_Y16_N0_I2          ; LAB_LINE                                                                                    ;
;   21.013 ;   0.101  ;    ; RE   ; 1      ; BLOCK_INPUT_MUX_X29_Y16_N0_I30            ; LEIM_INPUT                                                                                  ;
;   21.012 ;   -0.001 ; FF ; IC   ; 1      ; LABCELL_X29_Y16_N21                       ; u_soc|crypto_accelerator|u_core|u_aes|u_sub_byte_core|gf_0|d_inv_t[3]~6|datae               ;
;   21.268 ;   0.256  ; FF ; CELL ; 3      ; LABCELL_X29_Y16_N21                       ; u_soc|crypto_accelerator|u_core|u_aes|u_sub_byte_core|gf_0|d_inv_t[3]~6|combout             ;
;   21.268 ;   0.000  ;    ; RE   ; 2      ; LABCELL_X29_Y16_N21                       ; ARRIAV_LCELL_COMB                                                                           ;
;   21.344 ;   0.076  ;    ; RE   ; 2      ; LOCAL_LINE_X29_Y16_N0_I7                  ; LOCAL_LINE                                                                                  ;
;   21.467 ;   0.123  ;    ; RE   ; 1      ; BLOCK_INPUT_MUX_X29_Y16_N0_I8             ; LEIM_INPUT                                                                                  ;
;   21.467 ;   0.000  ; FF ; IC   ; 1      ; LABCELL_X29_Y16_N6                        ; u_soc|crypto_accelerator|u_core|u_aes|u_sub_byte_core|gf_0|d_inv_t[3]~7|datad               ;
;   21.770 ;   0.303  ; FR ; CELL ; 8      ; LABCELL_X29_Y16_N6                        ; u_soc|crypto_accelerator|u_core|u_aes|u_sub_byte_core|gf_0|d_inv_t[3]~7|combout             ;
;   21.770 ;   0.000  ;    ; RE   ; 2      ; LABCELL_X29_Y16_N6                        ; ARRIAV_LCELL_COMB                                                                           ;
;   21.869 ;   0.099  ;    ; RE   ; 3      ; LE_BUFFER_X29_Y16_N0_I5                   ; LE_BUFFER                                                                                   ;
;   22.055 ;   0.186  ;    ; RE   ; 1      ; C4_X28_Y12_N0_I5                          ; V_SEG4                                                                                      ;
;   22.220 ;   0.165  ;    ; RE   ; 2      ; LOCAL_INTERCONNECT_X28_Y14_N0_I32         ; LAB_LINE                                                                                    ;
;   22.337 ;   0.117  ;    ; RE   ; 1      ; BLOCK_INPUT_MUX_X28_Y14_N0_I52            ; LEIM_INPUT                                                                                  ;
;   22.337 ;   0.000  ; RR ; IC   ; 1      ; MLABCELL_X28_Y14_N39                      ; u_soc|crypto_accelerator|u_core|u_aes|u_sub_byte_core|gf_0|dr_xor2~62|datad                 ;
;   22.707 ;   0.370  ; RR ; CELL ; 3      ; MLABCELL_X28_Y14_N39                      ; u_soc|crypto_accelerator|u_core|u_aes|u_sub_byte_core|gf_0|dr_xor2~62|combout               ;
;   22.707 ;   0.000  ;    ; RE   ; 1      ; MLABCELL_X28_Y14_N39                      ; ARRIAV_LCELL_COMB                                                                           ;
;   22.816 ;   0.109  ;    ; RE   ; 3      ; LOCAL_LINE_X28_Y14_N0_I13                 ; LOCAL_LINE                                                                                  ;
;   22.929 ;   0.113  ;    ; RE   ; 1      ; BLOCK_INPUT_MUX_X28_Y14_N0_I45            ; LEIM_INPUT                                                                                  ;
;   22.928 ;   -0.001 ; RR ; IC   ; 1      ; MLABCELL_X28_Y14_N33                      ; u_soc|crypto_accelerator|u_core|u_aes|u_sub_byte_core|gf_0|dr_xor2~63|datac                 ;
;   23.284 ;   0.356  ; RR ; CELL ; 3      ; MLABCELL_X28_Y14_N33                      ; u_soc|crypto_accelerator|u_core|u_aes|u_sub_byte_core|gf_0|dr_xor2~63|combout               ;
;   23.284 ;   0.000  ;    ; RE   ; 1      ; MLABCELL_X28_Y14_N33                      ; ARRIAV_LCELL_COMB                                                                           ;
;   23.393 ;   0.109  ;    ; RE   ; 2      ; LOCAL_LINE_X28_Y14_N0_I11                 ; LOCAL_LINE                                                                                  ;
;   23.514 ;   0.121  ;    ; RE   ; 1      ; BLOCK_INPUT_MUX_X28_Y14_N0_I68            ; LEIM_INPUT                                                                                  ;
;   23.514 ;   0.000  ; RR ; IC   ; 1      ; MLABCELL_X28_Y14_N48                      ; u_soc|crypto_accelerator|u_core|u_aes|u_sub_byte_core|gf_0|ah_out_f[0]~2|datac              ;
;   23.862 ;   0.348  ; RR ; CELL ; 6      ; MLABCELL_X28_Y14_N48                      ; u_soc|crypto_accelerator|u_core|u_aes|u_sub_byte_core|gf_0|ah_out_f[0]~2|combout            ;
;   23.862 ;   0.000  ;    ; RE   ; 1      ; MLABCELL_X28_Y14_N48                      ; ARRIAV_LCELL_COMB                                                                           ;
;   23.942 ;   0.080  ;    ; RE   ; 2      ; LE_BUFFER_X28_Y14_N0_I32                  ; LE_BUFFER                                                                                   ;
;   24.088 ;   0.146  ;    ; RE   ; 1      ; C2_X28_Y15_N0_I4                          ; V_SEG2                                                                                      ;
;   24.222 ;   0.134  ;    ; RE   ; 1      ; R3_X26_Y16_N0_I20                         ; H_SEG3                                                                                      ;
;   24.348 ;   0.126  ;    ; RE   ; 2      ; LOCAL_INTERCONNECT_X28_Y16_N0_I28         ; LAB_LINE                                                                                    ;
;   24.462 ;   0.114  ;    ; RE   ; 2      ; BLOCK_INPUT_MUX_X28_Y16_N0_I60            ; LEIM_INPUT                                                                                  ;
;   24.461 ;   -0.001 ; RR ; IC   ; 1      ; MLABCELL_X28_Y16_N45                      ; u_soc|crypto_accelerator|u_core|u_aes|u_sub_byte_core|gf_0|data_out_f[5]~5|datad            ;
;   24.897 ;   0.436  ; RF ; CELL ; 5      ; MLABCELL_X28_Y16_N45                      ; u_soc|crypto_accelerator|u_core|u_aes|u_sub_byte_core|gf_0|data_out_f[5]~5|combout          ;
;   24.897 ;   0.000  ;    ; RE   ; 2      ; MLABCELL_X28_Y16_N45                      ; ARRIAV_LCELL_COMB                                                                           ;
;   24.953 ;   0.056  ;    ; RE   ; 1      ; LE_BUFFER_X28_Y16_N0_I30                  ; LE_BUFFER                                                                                   ;
;   25.101 ;   0.148  ;    ; RE   ; 1      ; C2_X28_Y14_N0_I15                         ; V_SEG2                                                                                      ;
;   25.276 ;   0.175  ;    ; RE   ; 1      ; R3_X26_Y15_N0_I13                         ; H_SEG3                                                                                      ;
;   25.462 ;   0.186  ;    ; RE   ; 1      ; LOCAL_INTERCONNECT_X27_Y15_N0_I19         ; LAB_LINE                                                                                    ;
;   25.581 ;   0.119  ;    ; RE   ; 1      ; BLOCK_INPUT_MUX_X27_Y15_N0_I53            ; LEIM_INPUT                                                                                  ;
;   25.581 ;   0.000  ; FF ; IC   ; 1      ; LABCELL_X27_Y15_N39                       ; u_soc|crypto_accelerator|u_core|u_aes|u_sub_byte_core|aff_trans_0|aff_trans_out_f~0|datac   ;
;   25.989 ;   0.408  ; FF ; CELL ; 5      ; LABCELL_X27_Y15_N39                       ; u_soc|crypto_accelerator|u_core|u_aes|u_sub_byte_core|aff_trans_0|aff_trans_out_f~0|combout ;
;   25.989 ;   0.000  ;    ; RE   ; 1      ; LABCELL_X27_Y15_N39                       ; ARRIAV_LCELL_COMB                                                                           ;
;   26.071 ;   0.082  ;    ; RE   ; 3      ; LE_BUFFER_X27_Y15_N0_I27                  ; LE_BUFFER                                                                                   ;
;   26.255 ;   0.184  ;    ; RE   ; 1      ; C4_X26_Y16_N0_I0                          ; V_SEG4                                                                                      ;
;   26.467 ;   0.212  ;    ; RE   ; 1      ; LOCAL_INTERCONNECT_X27_Y16_N0_I12         ; LAB_LINE                                                                                    ;
;   26.582 ;   0.115  ;    ; RE   ; 1      ; BLOCK_INPUT_MUX_X27_Y16_N0_I28            ; LEIM_INPUT                                                                                  ;
;   26.581 ;   -0.001 ; FF ; IC   ; 1      ; LABCELL_X27_Y16_N18                       ; u_soc|crypto_accelerator|u_core|u_aes|u_sub_byte_core|data_out_f[7]~7|datac                 ;
;   26.995 ;   0.414  ; FF ; CELL ; 20     ; LABCELL_X27_Y16_N18                       ; u_soc|crypto_accelerator|u_core|u_aes|u_sub_byte_core|data_out_f[7]~7|combout               ;
;   26.995 ;   0.000  ;    ; RE   ; 2      ; LABCELL_X27_Y16_N18                       ; ARRIAV_LCELL_COMB                                                                           ;
;   27.090 ;   0.095  ;    ; RE   ; 5      ; LE_BUFFER_X27_Y16_N0_I12                  ; LE_BUFFER                                                                                   ;
;   27.317 ;   0.227  ;    ; RE   ; 2      ; C2_X27_Y14_N0_I12                         ; V_SEG2                                                                                      ;
;   27.546 ;   0.229  ;    ; RE   ; 3      ; C2_X27_Y12_N0_I12                         ; V_SEG2                                                                                      ;
;   27.767 ;   0.221  ;    ; RE   ; 1      ; R6_X28_Y13_N0_I17                         ; H_SEG6                                                                                      ;
;   27.976 ;   0.209  ;    ; RE   ; 1      ; R3_X28_Y13_N0_I7                          ; H_SEG3                                                                                      ;
;   28.127 ;   0.151  ;    ; RE   ; 1      ; LOCAL_INTERCONNECT_X28_Y13_N0_I42         ; LAB_LINE                                                                                    ;
;   28.245 ;   0.118  ;    ; RE   ; 1      ; BLOCK_INPUT_MUX_X28_Y13_N0_I70            ; LEIM_INPUT                                                                                  ;
;   28.246 ;   0.001  ; FF ; IC   ; 1      ; FF_X28_Y13_N53                            ; u_soc|crypto_accelerator|u_core|u_aes|buf_a_f[5][7]|asdata                                  ;
;   28.761 ;   0.515  ; FF ; CELL ; 1      ; FF_X28_Y13_N53                            ; soc:u_soc|axi_slave_top:crypto_accelerator|axi_slave_core:u_core|aes:u_aes|buf_a_f[5][7]    ;
+----------+----------+----+------+--------+-------------------------------------------+---------------------------------------------------------------------------------------------+

+----------------------------------------------------------------------------------------------------------------------------------------------------+
; Data Required Path                                                                                                                                 ;
+---------+---------+----+------+--------+----------------+------------------------------------------------------------------------------------------+
; Total   ; Incr    ; RF ; Type ; Fanout ; Location       ; Element                                                                                  ;
+---------+---------+----+------+--------+----------------+------------------------------------------------------------------------------------------+
; 1.000   ; 1.000   ;    ;      ;        ;                ; latch edge time                                                                          ;
; 4.636   ; 3.636   ;    ;      ;        ;                ; clock path                                                                               ;
;   4.580 ;   3.580 ; R  ;      ;        ;                ; clock network delay                                                                      ;
;   4.636 ;   0.056 ;    ;      ;        ;                ; clock pessimism removed                                                                  ;
; 4.466   ; -0.170  ;    ;      ;        ;                ; clock uncertainty                                                                        ;
; 4.466   ; 0.000   ;    ; uTsu ; 1      ; FF_X28_Y13_N53 ; soc:u_soc|axi_slave_top:crypto_accelerator|axi_slave_core:u_core|aes:u_aes|buf_a_f[5][7] ;
+---------+---------+----+------+--------+----------------+------------------------------------------------------------------------------------------+

----------------------------
; Extra Fitter Information ;
----------------------------
HTML report is unavailable in plain text report export.


